/*
Navicat MySQL Data Transfer

Source Server         : RongSystem
Source Server Version : 80017
Source Host           : localhost:3306
Source Database       : ry

Target Server Type    : MYSQL
Target Server Version : 80017
File Encoding         : 65001

Date: 2020-03-19 15:15:58
*/

SET FOREIGN_KEY_CHECKS=0;

-- ----------------------------
-- Table structure for gen_table
-- ----------------------------
DROP TABLE IF EXISTS `gen_table`;
CREATE TABLE `gen_table` (
  `table_id` bigint(20) NOT NULL AUTO_INCREMENT COMMENT '编号',
  `table_name` varchar(200) CHARACTER SET utf8 COLLATE utf8_general_ci DEFAULT '' COMMENT '表名称',
  `table_comment` varchar(500) CHARACTER SET utf8 COLLATE utf8_general_ci DEFAULT '' COMMENT '表描述',
  `class_name` varchar(100) CHARACTER SET utf8 COLLATE utf8_general_ci DEFAULT '' COMMENT '实体类名称',
  `tpl_category` varchar(200) CHARACTER SET utf8 COLLATE utf8_general_ci DEFAULT 'crud' COMMENT '使用的模板（crud单表操作 tree树表操作）',
  `package_name` varchar(100) CHARACTER SET utf8 COLLATE utf8_general_ci DEFAULT NULL COMMENT '生成包路径',
  `module_name` varchar(30) CHARACTER SET utf8 COLLATE utf8_general_ci DEFAULT NULL COMMENT '生成模块名',
  `business_name` varchar(30) CHARACTER SET utf8 COLLATE utf8_general_ci DEFAULT NULL COMMENT '生成业务名',
  `function_name` varchar(50) CHARACTER SET utf8 COLLATE utf8_general_ci DEFAULT NULL COMMENT '生成功能名',
  `function_author` varchar(50) CHARACTER SET utf8 COLLATE utf8_general_ci DEFAULT NULL COMMENT '生成功能作者',
  `options` varchar(1000) CHARACTER SET utf8 COLLATE utf8_general_ci DEFAULT NULL COMMENT '其它生成选项',
  `create_by` varchar(64) CHARACTER SET utf8 COLLATE utf8_general_ci DEFAULT '' COMMENT '创建者',
  `create_time` datetime DEFAULT NULL COMMENT '创建时间',
  `update_by` varchar(64) CHARACTER SET utf8 COLLATE utf8_general_ci DEFAULT '' COMMENT '更新者',
  `update_time` datetime DEFAULT NULL COMMENT '更新时间',
  `remark` varchar(500) CHARACTER SET utf8 COLLATE utf8_general_ci DEFAULT NULL COMMENT '备注',
  PRIMARY KEY (`table_id`) USING BTREE
) ENGINE=InnoDB DEFAULT CHARSET=utf8 ROW_FORMAT=DYNAMIC COMMENT='代码生成业务表';

-- ----------------------------
-- Records of gen_table
-- ----------------------------

-- ----------------------------
-- Table structure for gen_table_column
-- ----------------------------
DROP TABLE IF EXISTS `gen_table_column`;
CREATE TABLE `gen_table_column` (
  `column_id` bigint(20) NOT NULL AUTO_INCREMENT COMMENT '编号',
  `table_id` varchar(64) CHARACTER SET utf8 COLLATE utf8_general_ci DEFAULT NULL COMMENT '归属表编号',
  `column_name` varchar(200) CHARACTER SET utf8 COLLATE utf8_general_ci DEFAULT NULL COMMENT '列名称',
  `column_comment` varchar(500) CHARACTER SET utf8 COLLATE utf8_general_ci DEFAULT NULL COMMENT '列描述',
  `column_type` varchar(100) CHARACTER SET utf8 COLLATE utf8_general_ci DEFAULT NULL COMMENT '列类型',
  `java_type` varchar(500) CHARACTER SET utf8 COLLATE utf8_general_ci DEFAULT NULL COMMENT 'JAVA类型',
  `java_field` varchar(200) CHARACTER SET utf8 COLLATE utf8_general_ci DEFAULT NULL COMMENT 'JAVA字段名',
  `is_pk` char(1) CHARACTER SET utf8 COLLATE utf8_general_ci DEFAULT NULL COMMENT '是否主键（1是）',
  `is_increment` char(1) CHARACTER SET utf8 COLLATE utf8_general_ci DEFAULT NULL COMMENT '是否自增（1是）',
  `is_required` char(1) CHARACTER SET utf8 COLLATE utf8_general_ci DEFAULT NULL COMMENT '是否必填（1是）',
  `is_insert` char(1) CHARACTER SET utf8 COLLATE utf8_general_ci DEFAULT NULL COMMENT '是否为插入字段（1是）',
  `is_edit` char(1) CHARACTER SET utf8 COLLATE utf8_general_ci DEFAULT NULL COMMENT '是否编辑字段（1是）',
  `is_list` char(1) CHARACTER SET utf8 COLLATE utf8_general_ci DEFAULT NULL COMMENT '是否列表字段（1是）',
  `is_query` char(1) CHARACTER SET utf8 COLLATE utf8_general_ci DEFAULT NULL COMMENT '是否查询字段（1是）',
  `query_type` varchar(200) CHARACTER SET utf8 COLLATE utf8_general_ci DEFAULT 'EQ' COMMENT '查询方式（等于、不等于、大于、小于、范围）',
  `html_type` varchar(200) CHARACTER SET utf8 COLLATE utf8_general_ci DEFAULT NULL COMMENT '显示类型（文本框、文本域、下拉框、复选框、单选框、日期控件）',
  `dict_type` varchar(200) CHARACTER SET utf8 COLLATE utf8_general_ci DEFAULT '' COMMENT '字典类型',
  `sort` int(11) DEFAULT NULL COMMENT '排序',
  `create_by` varchar(64) CHARACTER SET utf8 COLLATE utf8_general_ci DEFAULT '' COMMENT '创建者',
  `create_time` datetime DEFAULT NULL COMMENT '创建时间',
  `update_by` varchar(64) CHARACTER SET utf8 COLLATE utf8_general_ci DEFAULT '' COMMENT '更新者',
  `update_time` datetime DEFAULT NULL COMMENT '更新时间',
  PRIMARY KEY (`column_id`) USING BTREE
) ENGINE=InnoDB DEFAULT CHARSET=utf8 ROW_FORMAT=DYNAMIC COMMENT='代码生成业务表字段';

-- ----------------------------
-- Records of gen_table_column
-- ----------------------------

-- ----------------------------
-- Table structure for qrtz_blob_triggers
-- ----------------------------
DROP TABLE IF EXISTS `qrtz_blob_triggers`;
CREATE TABLE `qrtz_blob_triggers` (
  `sched_name` varchar(120) CHARACTER SET utf8 COLLATE utf8_general_ci NOT NULL,
  `trigger_name` varchar(200) CHARACTER SET utf8 COLLATE utf8_general_ci NOT NULL,
  `trigger_group` varchar(200) CHARACTER SET utf8 COLLATE utf8_general_ci NOT NULL,
  `blob_data` blob,
  PRIMARY KEY (`sched_name`,`trigger_name`,`trigger_group`) USING BTREE
) ENGINE=InnoDB DEFAULT CHARSET=utf8 ROW_FORMAT=DYNAMIC;

-- ----------------------------
-- Records of qrtz_blob_triggers
-- ----------------------------

-- ----------------------------
-- Table structure for qrtz_calendars
-- ----------------------------
DROP TABLE IF EXISTS `qrtz_calendars`;
CREATE TABLE `qrtz_calendars` (
  `sched_name` varchar(120) CHARACTER SET utf8 COLLATE utf8_general_ci NOT NULL,
  `calendar_name` varchar(200) CHARACTER SET utf8 COLLATE utf8_general_ci NOT NULL,
  `calendar` blob NOT NULL,
  PRIMARY KEY (`sched_name`,`calendar_name`) USING BTREE
) ENGINE=InnoDB DEFAULT CHARSET=utf8 ROW_FORMAT=DYNAMIC;

-- ----------------------------
-- Records of qrtz_calendars
-- ----------------------------

-- ----------------------------
-- Table structure for qrtz_cron_triggers
-- ----------------------------
DROP TABLE IF EXISTS `qrtz_cron_triggers`;
CREATE TABLE `qrtz_cron_triggers` (
  `sched_name` varchar(120) CHARACTER SET utf8 COLLATE utf8_general_ci NOT NULL,
  `trigger_name` varchar(200) CHARACTER SET utf8 COLLATE utf8_general_ci NOT NULL,
  `trigger_group` varchar(200) CHARACTER SET utf8 COLLATE utf8_general_ci NOT NULL,
  `cron_expression` varchar(200) CHARACTER SET utf8 COLLATE utf8_general_ci NOT NULL,
  `time_zone_id` varchar(80) CHARACTER SET utf8 COLLATE utf8_general_ci DEFAULT NULL,
  PRIMARY KEY (`sched_name`,`trigger_name`,`trigger_group`) USING BTREE
) ENGINE=InnoDB DEFAULT CHARSET=utf8 ROW_FORMAT=DYNAMIC;

-- ----------------------------
-- Records of qrtz_cron_triggers
-- ----------------------------
INSERT INTO `qrtz_cron_triggers` VALUES ('RuoyiScheduler', 'TASK_CLASS_NAME1', 'DEFAULT', '0/10 * * * * ?', 'Asia/Shanghai');
INSERT INTO `qrtz_cron_triggers` VALUES ('RuoyiScheduler', 'TASK_CLASS_NAME2', 'DEFAULT', '0/15 * * * * ?', 'Asia/Shanghai');
INSERT INTO `qrtz_cron_triggers` VALUES ('RuoyiScheduler', 'TASK_CLASS_NAME3', 'DEFAULT', '0/20 * * * * ?', 'Asia/Shanghai');
INSERT INTO `qrtz_cron_triggers` VALUES ('sixinScheduler', 'TASK_CLASS_NAME1', 'DEFAULT', '0/10 * * * * ?', 'Asia/Shanghai');
INSERT INTO `qrtz_cron_triggers` VALUES ('sixinScheduler', 'TASK_CLASS_NAME2', 'DEFAULT', '0/15 * * * * ?', 'Asia/Shanghai');
INSERT INTO `qrtz_cron_triggers` VALUES ('sixinScheduler', 'TASK_CLASS_NAME3', 'DEFAULT', '0/20 * * * * ?', 'Asia/Shanghai');

-- ----------------------------
-- Table structure for qrtz_fired_triggers
-- ----------------------------
DROP TABLE IF EXISTS `qrtz_fired_triggers`;
CREATE TABLE `qrtz_fired_triggers` (
  `sched_name` varchar(120) CHARACTER SET utf8 COLLATE utf8_general_ci NOT NULL,
  `entry_id` varchar(95) CHARACTER SET utf8 COLLATE utf8_general_ci NOT NULL,
  `trigger_name` varchar(200) CHARACTER SET utf8 COLLATE utf8_general_ci NOT NULL,
  `trigger_group` varchar(200) CHARACTER SET utf8 COLLATE utf8_general_ci NOT NULL,
  `instance_name` varchar(200) CHARACTER SET utf8 COLLATE utf8_general_ci NOT NULL,
  `fired_time` bigint(13) NOT NULL,
  `sched_time` bigint(13) NOT NULL,
  `priority` int(11) NOT NULL,
  `state` varchar(16) CHARACTER SET utf8 COLLATE utf8_general_ci NOT NULL,
  `job_name` varchar(200) CHARACTER SET utf8 COLLATE utf8_general_ci DEFAULT NULL,
  `job_group` varchar(200) CHARACTER SET utf8 COLLATE utf8_general_ci DEFAULT NULL,
  `is_nonconcurrent` varchar(1) CHARACTER SET utf8 COLLATE utf8_general_ci DEFAULT NULL,
  `requests_recovery` varchar(1) CHARACTER SET utf8 COLLATE utf8_general_ci DEFAULT NULL,
  PRIMARY KEY (`sched_name`,`entry_id`) USING BTREE
) ENGINE=InnoDB DEFAULT CHARSET=utf8 ROW_FORMAT=DYNAMIC;

-- ----------------------------
-- Records of qrtz_fired_triggers
-- ----------------------------

-- ----------------------------
-- Table structure for qrtz_job_details
-- ----------------------------
DROP TABLE IF EXISTS `qrtz_job_details`;
CREATE TABLE `qrtz_job_details` (
  `sched_name` varchar(120) CHARACTER SET utf8 COLLATE utf8_general_ci NOT NULL,
  `job_name` varchar(200) CHARACTER SET utf8 COLLATE utf8_general_ci NOT NULL,
  `job_group` varchar(200) CHARACTER SET utf8 COLLATE utf8_general_ci NOT NULL,
  `description` varchar(250) CHARACTER SET utf8 COLLATE utf8_general_ci DEFAULT NULL,
  `job_class_name` varchar(250) CHARACTER SET utf8 COLLATE utf8_general_ci NOT NULL,
  `is_durable` varchar(1) CHARACTER SET utf8 COLLATE utf8_general_ci NOT NULL,
  `is_nonconcurrent` varchar(1) CHARACTER SET utf8 COLLATE utf8_general_ci NOT NULL,
  `is_update_data` varchar(1) CHARACTER SET utf8 COLLATE utf8_general_ci NOT NULL,
  `requests_recovery` varchar(1) CHARACTER SET utf8 COLLATE utf8_general_ci NOT NULL,
  `job_data` blob,
  PRIMARY KEY (`sched_name`,`job_name`,`job_group`) USING BTREE
) ENGINE=InnoDB DEFAULT CHARSET=utf8 ROW_FORMAT=DYNAMIC;

-- ----------------------------
-- Records of qrtz_job_details
-- ----------------------------
INSERT INTO `qrtz_job_details` VALUES ('RuoyiScheduler', 'TASK_CLASS_NAME1', 'DEFAULT', null, 'com.ruoyi.quartz.util.QuartzDisallowConcurrentExecution', '0', '1', '0', '0', 0xACED0005737200156F72672E71756172747A2E4A6F62446174614D61709FB083E8BFA9B0CB020000787200266F72672E71756172747A2E7574696C732E537472696E674B65794469727479466C61674D61708208E8C3FBC55D280200015A0013616C6C6F77735472616E7369656E74446174617872001D6F72672E71756172747A2E7574696C732E4469727479466C61674D617013E62EAD28760ACE0200025A000564697274794C00036D617074000F4C6A6176612F7574696C2F4D61703B787001737200116A6176612E7574696C2E486173684D61700507DAC1C31660D103000246000A6C6F6164466163746F724900097468726573686F6C6478703F4000000000000C7708000000100000000174000F5441534B5F50524F504552544945537372001E636F6D2E72756F79692E71756172747A2E646F6D61696E2E5379734A6F6200000000000000010200084C000A636F6E63757272656E747400124C6A6176612F6C616E672F537472696E673B4C000E63726F6E45787072657373696F6E71007E00094C000C696E766F6B6554617267657471007E00094C00086A6F6247726F757071007E00094C00056A6F6249647400104C6A6176612F6C616E672F4C6F6E673B4C00076A6F624E616D6571007E00094C000D6D697366697265506F6C69637971007E00094C000673746174757371007E000978720027636F6D2E72756F79692E636F6D6D6F6E2E636F72652E646F6D61696E2E42617365456E7469747900000000000000010200074C0008637265617465427971007E00094C000A63726561746554696D657400104C6A6176612F7574696C2F446174653B4C0006706172616D7371007E00034C000672656D61726B71007E00094C000B73656172636856616C756571007E00094C0008757064617465427971007E00094C000A75706461746554696D6571007E000C787074000561646D696E7372000E6A6176612E7574696C2E44617465686A81014B59741903000078707708000001622CDE29E078707400007070707400013174000E302F3130202A202A202A202A203F74001172795461736B2E72794E6F506172616D7374000744454641554C547372000E6A6176612E6C616E672E4C6F6E673B8BE490CC8F23DF0200014A000576616C7565787200106A6176612E6C616E672E4E756D62657286AC951D0B94E08B02000078700000000000000001740018E7B3BBE7BB9FE9BB98E8AEA4EFBC88E697A0E58F82EFBC8974000133740001317800);
INSERT INTO `qrtz_job_details` VALUES ('RuoyiScheduler', 'TASK_CLASS_NAME2', 'DEFAULT', null, 'com.ruoyi.quartz.util.QuartzDisallowConcurrentExecution', '0', '1', '0', '0', 0xACED0005737200156F72672E71756172747A2E4A6F62446174614D61709FB083E8BFA9B0CB020000787200266F72672E71756172747A2E7574696C732E537472696E674B65794469727479466C61674D61708208E8C3FBC55D280200015A0013616C6C6F77735472616E7369656E74446174617872001D6F72672E71756172747A2E7574696C732E4469727479466C61674D617013E62EAD28760ACE0200025A000564697274794C00036D617074000F4C6A6176612F7574696C2F4D61703B787001737200116A6176612E7574696C2E486173684D61700507DAC1C31660D103000246000A6C6F6164466163746F724900097468726573686F6C6478703F4000000000000C7708000000100000000174000F5441534B5F50524F504552544945537372001E636F6D2E72756F79692E71756172747A2E646F6D61696E2E5379734A6F6200000000000000010200084C000A636F6E63757272656E747400124C6A6176612F6C616E672F537472696E673B4C000E63726F6E45787072657373696F6E71007E00094C000C696E766F6B6554617267657471007E00094C00086A6F6247726F757071007E00094C00056A6F6249647400104C6A6176612F6C616E672F4C6F6E673B4C00076A6F624E616D6571007E00094C000D6D697366697265506F6C69637971007E00094C000673746174757371007E000978720027636F6D2E72756F79692E636F6D6D6F6E2E636F72652E646F6D61696E2E42617365456E7469747900000000000000010200074C0008637265617465427971007E00094C000A63726561746554696D657400104C6A6176612F7574696C2F446174653B4C0006706172616D7371007E00034C000672656D61726B71007E00094C000B73656172636856616C756571007E00094C0008757064617465427971007E00094C000A75706461746554696D6571007E000C787074000561646D696E7372000E6A6176612E7574696C2E44617465686A81014B59741903000078707708000001622CDE29E078707400007070707400013174000E302F3135202A202A202A202A203F74001572795461736B2E7279506172616D7328277279272974000744454641554C547372000E6A6176612E6C616E672E4C6F6E673B8BE490CC8F23DF0200014A000576616C7565787200106A6176612E6C616E672E4E756D62657286AC951D0B94E08B02000078700000000000000002740018E7B3BBE7BB9FE9BB98E8AEA4EFBC88E69C89E58F82EFBC8974000133740001317800);
INSERT INTO `qrtz_job_details` VALUES ('RuoyiScheduler', 'TASK_CLASS_NAME3', 'DEFAULT', null, 'com.ruoyi.quartz.util.QuartzDisallowConcurrentExecution', '0', '1', '0', '0', 0xACED0005737200156F72672E71756172747A2E4A6F62446174614D61709FB083E8BFA9B0CB020000787200266F72672E71756172747A2E7574696C732E537472696E674B65794469727479466C61674D61708208E8C3FBC55D280200015A0013616C6C6F77735472616E7369656E74446174617872001D6F72672E71756172747A2E7574696C732E4469727479466C61674D617013E62EAD28760ACE0200025A000564697274794C00036D617074000F4C6A6176612F7574696C2F4D61703B787001737200116A6176612E7574696C2E486173684D61700507DAC1C31660D103000246000A6C6F6164466163746F724900097468726573686F6C6478703F4000000000000C7708000000100000000174000F5441534B5F50524F504552544945537372001E636F6D2E72756F79692E71756172747A2E646F6D61696E2E5379734A6F6200000000000000010200084C000A636F6E63757272656E747400124C6A6176612F6C616E672F537472696E673B4C000E63726F6E45787072657373696F6E71007E00094C000C696E766F6B6554617267657471007E00094C00086A6F6247726F757071007E00094C00056A6F6249647400104C6A6176612F6C616E672F4C6F6E673B4C00076A6F624E616D6571007E00094C000D6D697366697265506F6C69637971007E00094C000673746174757371007E000978720027636F6D2E72756F79692E636F6D6D6F6E2E636F72652E646F6D61696E2E42617365456E7469747900000000000000010200074C0008637265617465427971007E00094C000A63726561746554696D657400104C6A6176612F7574696C2F446174653B4C0006706172616D7371007E00034C000672656D61726B71007E00094C000B73656172636856616C756571007E00094C0008757064617465427971007E00094C000A75706461746554696D6571007E000C787074000561646D696E7372000E6A6176612E7574696C2E44617465686A81014B59741903000078707708000001622CDE29E078707400007070707400013174000E302F3230202A202A202A202A203F74003872795461736B2E72794D756C7469706C65506172616D7328277279272C20747275652C20323030304C2C203331362E3530442C203130302974000744454641554C547372000E6A6176612E6C616E672E4C6F6E673B8BE490CC8F23DF0200014A000576616C7565787200106A6176612E6C616E672E4E756D62657286AC951D0B94E08B02000078700000000000000003740018E7B3BBE7BB9FE9BB98E8AEA4EFBC88E5A49AE58F82EFBC8974000133740001317800);
INSERT INTO `qrtz_job_details` VALUES ('sixinScheduler', 'TASK_CLASS_NAME1', 'DEFAULT', null, 'com.sixin.quartz.util.QuartzDisallowConcurrentExecution', '0', '1', '0', '0', 0xACED0005737200156F72672E71756172747A2E4A6F62446174614D61709FB083E8BFA9B0CB020000787200266F72672E71756172747A2E7574696C732E537472696E674B65794469727479466C61674D61708208E8C3FBC55D280200015A0013616C6C6F77735472616E7369656E74446174617872001D6F72672E71756172747A2E7574696C732E4469727479466C61674D617013E62EAD28760ACE0200025A000564697274794C00036D617074000F4C6A6176612F7574696C2F4D61703B787001737200116A6176612E7574696C2E486173684D61700507DAC1C31660D103000246000A6C6F6164466163746F724900097468726573686F6C6478703F4000000000000C7708000000100000000174000F5441534B5F50524F504552544945537372001E636F6D2E736978696E2E71756172747A2E646F6D61696E2E5379734A6F6200000000000000010200084C000A636F6E63757272656E747400124C6A6176612F6C616E672F537472696E673B4C000E63726F6E45787072657373696F6E71007E00094C000C696E766F6B6554617267657471007E00094C00086A6F6247726F757071007E00094C00056A6F6249647400104C6A6176612F6C616E672F4C6F6E673B4C00076A6F624E616D6571007E00094C000D6D697366697265506F6C69637971007E00094C000673746174757371007E000978720020636F6D2E736978696E2E636F6D6D6F6E2E626173652E42617365456E7469747900000000000000010200074C0008637265617465427971007E00094C000A63726561746554696D657400104C6A6176612F7574696C2F446174653B4C0006706172616D7371007E00034C000672656D61726B71007E00094C000B73656172636856616C756571007E00094C0008757064617465427971007E00094C000A75706461746554696D6571007E000C787074000561646D696E7372000E6A6176612E7574696C2E44617465686A81014B59741903000078707708000001622CDE29E078707400007070707400013174000E302F3130202A202A202A202A203F74001172795461736B2E72794E6F506172616D7374000744454641554C547372000E6A6176612E6C616E672E4C6F6E673B8BE490CC8F23DF0200014A000576616C7565787200106A6176612E6C616E672E4E756D62657286AC951D0B94E08B02000078700000000000000001740018E7B3BBE7BB9FE9BB98E8AEA4EFBC88E697A0E58F82EFBC8974000133740001317800);
INSERT INTO `qrtz_job_details` VALUES ('sixinScheduler', 'TASK_CLASS_NAME2', 'DEFAULT', null, 'com.sixin.quartz.util.QuartzDisallowConcurrentExecution', '0', '1', '0', '0', 0xACED0005737200156F72672E71756172747A2E4A6F62446174614D61709FB083E8BFA9B0CB020000787200266F72672E71756172747A2E7574696C732E537472696E674B65794469727479466C61674D61708208E8C3FBC55D280200015A0013616C6C6F77735472616E7369656E74446174617872001D6F72672E71756172747A2E7574696C732E4469727479466C61674D617013E62EAD28760ACE0200025A000564697274794C00036D617074000F4C6A6176612F7574696C2F4D61703B787001737200116A6176612E7574696C2E486173684D61700507DAC1C31660D103000246000A6C6F6164466163746F724900097468726573686F6C6478703F4000000000000C7708000000100000000174000F5441534B5F50524F504552544945537372001E636F6D2E736978696E2E71756172747A2E646F6D61696E2E5379734A6F6200000000000000010200084C000A636F6E63757272656E747400124C6A6176612F6C616E672F537472696E673B4C000E63726F6E45787072657373696F6E71007E00094C000C696E766F6B6554617267657471007E00094C00086A6F6247726F757071007E00094C00056A6F6249647400104C6A6176612F6C616E672F4C6F6E673B4C00076A6F624E616D6571007E00094C000D6D697366697265506F6C69637971007E00094C000673746174757371007E000978720020636F6D2E736978696E2E636F6D6D6F6E2E626173652E42617365456E7469747900000000000000010200074C0008637265617465427971007E00094C000A63726561746554696D657400104C6A6176612F7574696C2F446174653B4C0006706172616D7371007E00034C000672656D61726B71007E00094C000B73656172636856616C756571007E00094C0008757064617465427971007E00094C000A75706461746554696D6571007E000C787074000561646D696E7372000E6A6176612E7574696C2E44617465686A81014B59741903000078707708000001622CDE29E078707400007070707400013174000E302F3135202A202A202A202A203F74001572795461736B2E7279506172616D7328277279272974000744454641554C547372000E6A6176612E6C616E672E4C6F6E673B8BE490CC8F23DF0200014A000576616C7565787200106A6176612E6C616E672E4E756D62657286AC951D0B94E08B02000078700000000000000002740018E7B3BBE7BB9FE9BB98E8AEA4EFBC88E69C89E58F82EFBC8974000133740001317800);
INSERT INTO `qrtz_job_details` VALUES ('sixinScheduler', 'TASK_CLASS_NAME3', 'DEFAULT', null, 'com.sixin.quartz.util.QuartzDisallowConcurrentExecution', '0', '1', '0', '0', 0xACED0005737200156F72672E71756172747A2E4A6F62446174614D61709FB083E8BFA9B0CB020000787200266F72672E71756172747A2E7574696C732E537472696E674B65794469727479466C61674D61708208E8C3FBC55D280200015A0013616C6C6F77735472616E7369656E74446174617872001D6F72672E71756172747A2E7574696C732E4469727479466C61674D617013E62EAD28760ACE0200025A000564697274794C00036D617074000F4C6A6176612F7574696C2F4D61703B787001737200116A6176612E7574696C2E486173684D61700507DAC1C31660D103000246000A6C6F6164466163746F724900097468726573686F6C6478703F4000000000000C7708000000100000000174000F5441534B5F50524F504552544945537372001E636F6D2E736978696E2E71756172747A2E646F6D61696E2E5379734A6F6200000000000000010200084C000A636F6E63757272656E747400124C6A6176612F6C616E672F537472696E673B4C000E63726F6E45787072657373696F6E71007E00094C000C696E766F6B6554617267657471007E00094C00086A6F6247726F757071007E00094C00056A6F6249647400104C6A6176612F6C616E672F4C6F6E673B4C00076A6F624E616D6571007E00094C000D6D697366697265506F6C69637971007E00094C000673746174757371007E000978720020636F6D2E736978696E2E636F6D6D6F6E2E626173652E42617365456E7469747900000000000000010200074C0008637265617465427971007E00094C000A63726561746554696D657400104C6A6176612F7574696C2F446174653B4C0006706172616D7371007E00034C000672656D61726B71007E00094C000B73656172636856616C756571007E00094C0008757064617465427971007E00094C000A75706461746554696D6571007E000C787074000561646D696E7372000E6A6176612E7574696C2E44617465686A81014B59741903000078707708000001622CDE29E078707400007070707400013174000E302F3230202A202A202A202A203F74003872795461736B2E72794D756C7469706C65506172616D7328277279272C20747275652C20323030304C2C203331362E3530442C203130302974000744454641554C547372000E6A6176612E6C616E672E4C6F6E673B8BE490CC8F23DF0200014A000576616C7565787200106A6176612E6C616E672E4E756D62657286AC951D0B94E08B02000078700000000000000003740018E7B3BBE7BB9FE9BB98E8AEA4EFBC88E5A49AE58F82EFBC8974000133740001317800);

-- ----------------------------
-- Table structure for qrtz_locks
-- ----------------------------
DROP TABLE IF EXISTS `qrtz_locks`;
CREATE TABLE `qrtz_locks` (
  `sched_name` varchar(120) CHARACTER SET utf8 COLLATE utf8_general_ci NOT NULL,
  `lock_name` varchar(40) CHARACTER SET utf8 COLLATE utf8_general_ci NOT NULL,
  PRIMARY KEY (`sched_name`,`lock_name`) USING BTREE
) ENGINE=InnoDB DEFAULT CHARSET=utf8 ROW_FORMAT=DYNAMIC;

-- ----------------------------
-- Records of qrtz_locks
-- ----------------------------
INSERT INTO `qrtz_locks` VALUES ('RuoyiScheduler', 'STATE_ACCESS');
INSERT INTO `qrtz_locks` VALUES ('RuoyiScheduler', 'TRIGGER_ACCESS');
INSERT INTO `qrtz_locks` VALUES ('sixinScheduler', 'STATE_ACCESS');
INSERT INTO `qrtz_locks` VALUES ('sixinScheduler', 'TRIGGER_ACCESS');

-- ----------------------------
-- Table structure for qrtz_paused_trigger_grps
-- ----------------------------
DROP TABLE IF EXISTS `qrtz_paused_trigger_grps`;
CREATE TABLE `qrtz_paused_trigger_grps` (
  `sched_name` varchar(120) CHARACTER SET utf8 COLLATE utf8_general_ci NOT NULL,
  `trigger_group` varchar(200) CHARACTER SET utf8 COLLATE utf8_general_ci NOT NULL,
  PRIMARY KEY (`sched_name`,`trigger_group`) USING BTREE
) ENGINE=InnoDB DEFAULT CHARSET=utf8 ROW_FORMAT=DYNAMIC;

-- ----------------------------
-- Records of qrtz_paused_trigger_grps
-- ----------------------------

-- ----------------------------
-- Table structure for qrtz_scheduler_state
-- ----------------------------
DROP TABLE IF EXISTS `qrtz_scheduler_state`;
CREATE TABLE `qrtz_scheduler_state` (
  `sched_name` varchar(120) CHARACTER SET utf8 COLLATE utf8_general_ci NOT NULL,
  `instance_name` varchar(200) CHARACTER SET utf8 COLLATE utf8_general_ci NOT NULL,
  `last_checkin_time` bigint(13) NOT NULL,
  `checkin_interval` bigint(13) NOT NULL,
  PRIMARY KEY (`sched_name`,`instance_name`) USING BTREE
) ENGINE=InnoDB DEFAULT CHARSET=utf8 ROW_FORMAT=DYNAMIC;

-- ----------------------------
-- Records of qrtz_scheduler_state
-- ----------------------------
INSERT INTO `qrtz_scheduler_state` VALUES ('RuoyiScheduler', 'wlr51580801613892', '1580802007544', '15000');
INSERT INTO `qrtz_scheduler_state` VALUES ('sixinScheduler', 'DESKTOP-R5I1RBT1584602041858', '1584602150554', '15000');

-- ----------------------------
-- Table structure for qrtz_simple_triggers
-- ----------------------------
DROP TABLE IF EXISTS `qrtz_simple_triggers`;
CREATE TABLE `qrtz_simple_triggers` (
  `sched_name` varchar(120) CHARACTER SET utf8 COLLATE utf8_general_ci NOT NULL,
  `trigger_name` varchar(200) CHARACTER SET utf8 COLLATE utf8_general_ci NOT NULL,
  `trigger_group` varchar(200) CHARACTER SET utf8 COLLATE utf8_general_ci NOT NULL,
  `repeat_count` bigint(7) NOT NULL,
  `repeat_interval` bigint(12) NOT NULL,
  `times_triggered` bigint(10) NOT NULL,
  PRIMARY KEY (`sched_name`,`trigger_name`,`trigger_group`) USING BTREE
) ENGINE=InnoDB DEFAULT CHARSET=utf8 ROW_FORMAT=DYNAMIC;

-- ----------------------------
-- Records of qrtz_simple_triggers
-- ----------------------------

-- ----------------------------
-- Table structure for qrtz_simprop_triggers
-- ----------------------------
DROP TABLE IF EXISTS `qrtz_simprop_triggers`;
CREATE TABLE `qrtz_simprop_triggers` (
  `sched_name` varchar(120) CHARACTER SET utf8 COLLATE utf8_general_ci NOT NULL,
  `trigger_name` varchar(200) CHARACTER SET utf8 COLLATE utf8_general_ci NOT NULL,
  `trigger_group` varchar(200) CHARACTER SET utf8 COLLATE utf8_general_ci NOT NULL,
  `str_prop_1` varchar(512) CHARACTER SET utf8 COLLATE utf8_general_ci DEFAULT NULL,
  `str_prop_2` varchar(512) CHARACTER SET utf8 COLLATE utf8_general_ci DEFAULT NULL,
  `str_prop_3` varchar(512) CHARACTER SET utf8 COLLATE utf8_general_ci DEFAULT NULL,
  `int_prop_1` int(11) DEFAULT NULL,
  `int_prop_2` int(11) DEFAULT NULL,
  `long_prop_1` bigint(20) DEFAULT NULL,
  `long_prop_2` bigint(20) DEFAULT NULL,
  `dec_prop_1` decimal(13,4) DEFAULT NULL,
  `dec_prop_2` decimal(13,4) DEFAULT NULL,
  `bool_prop_1` varchar(1) CHARACTER SET utf8 COLLATE utf8_general_ci DEFAULT NULL,
  `bool_prop_2` varchar(1) CHARACTER SET utf8 COLLATE utf8_general_ci DEFAULT NULL,
  PRIMARY KEY (`sched_name`,`trigger_name`,`trigger_group`) USING BTREE
) ENGINE=InnoDB DEFAULT CHARSET=utf8 ROW_FORMAT=DYNAMIC;

-- ----------------------------
-- Records of qrtz_simprop_triggers
-- ----------------------------

-- ----------------------------
-- Table structure for qrtz_triggers
-- ----------------------------
DROP TABLE IF EXISTS `qrtz_triggers`;
CREATE TABLE `qrtz_triggers` (
  `sched_name` varchar(120) CHARACTER SET utf8 COLLATE utf8_general_ci NOT NULL,
  `trigger_name` varchar(200) CHARACTER SET utf8 COLLATE utf8_general_ci NOT NULL,
  `trigger_group` varchar(200) CHARACTER SET utf8 COLLATE utf8_general_ci NOT NULL,
  `job_name` varchar(200) CHARACTER SET utf8 COLLATE utf8_general_ci NOT NULL,
  `job_group` varchar(200) CHARACTER SET utf8 COLLATE utf8_general_ci NOT NULL,
  `description` varchar(250) CHARACTER SET utf8 COLLATE utf8_general_ci DEFAULT NULL,
  `next_fire_time` bigint(13) DEFAULT NULL,
  `prev_fire_time` bigint(13) DEFAULT NULL,
  `priority` int(11) DEFAULT NULL,
  `trigger_state` varchar(16) CHARACTER SET utf8 COLLATE utf8_general_ci NOT NULL,
  `trigger_type` varchar(8) CHARACTER SET utf8 COLLATE utf8_general_ci NOT NULL,
  `start_time` bigint(13) NOT NULL,
  `end_time` bigint(13) DEFAULT NULL,
  `calendar_name` varchar(200) CHARACTER SET utf8 COLLATE utf8_general_ci DEFAULT NULL,
  `misfire_instr` smallint(2) DEFAULT NULL,
  `job_data` blob,
  PRIMARY KEY (`sched_name`,`trigger_name`,`trigger_group`) USING BTREE,
  KEY `sched_name` (`sched_name`,`job_name`,`job_group`) USING BTREE
) ENGINE=InnoDB DEFAULT CHARSET=utf8 ROW_FORMAT=DYNAMIC;

-- ----------------------------
-- Records of qrtz_triggers
-- ----------------------------
INSERT INTO `qrtz_triggers` VALUES ('RuoyiScheduler', 'TASK_CLASS_NAME1', 'DEFAULT', 'TASK_CLASS_NAME1', 'DEFAULT', null, '1580801620000', '-1', '5', 'PAUSED', 'CRON', '1580801614000', '0', null, '2', '');
INSERT INTO `qrtz_triggers` VALUES ('RuoyiScheduler', 'TASK_CLASS_NAME2', 'DEFAULT', 'TASK_CLASS_NAME2', 'DEFAULT', null, '1580801625000', '-1', '5', 'PAUSED', 'CRON', '1580801614000', '0', null, '2', '');
INSERT INTO `qrtz_triggers` VALUES ('RuoyiScheduler', 'TASK_CLASS_NAME3', 'DEFAULT', 'TASK_CLASS_NAME3', 'DEFAULT', null, '1580801620000', '-1', '5', 'PAUSED', 'CRON', '1580801614000', '0', null, '2', '');
INSERT INTO `qrtz_triggers` VALUES ('sixinScheduler', 'TASK_CLASS_NAME1', 'DEFAULT', 'TASK_CLASS_NAME1', 'DEFAULT', null, '1584602050000', '-1', '5', 'PAUSED', 'CRON', '1584602042000', '0', null, '2', '');
INSERT INTO `qrtz_triggers` VALUES ('sixinScheduler', 'TASK_CLASS_NAME2', 'DEFAULT', 'TASK_CLASS_NAME2', 'DEFAULT', null, '1584602055000', '-1', '5', 'PAUSED', 'CRON', '1584602042000', '0', null, '2', '');
INSERT INTO `qrtz_triggers` VALUES ('sixinScheduler', 'TASK_CLASS_NAME3', 'DEFAULT', 'TASK_CLASS_NAME3', 'DEFAULT', null, '1584602060000', '-1', '5', 'PAUSED', 'CRON', '1584602042000', '0', null, '2', '');

-- ----------------------------
-- Table structure for sys_config
-- ----------------------------
DROP TABLE IF EXISTS `sys_config`;
CREATE TABLE `sys_config` (
  `config_id` int(5) NOT NULL AUTO_INCREMENT COMMENT '参数主键',
  `config_name` varchar(100) CHARACTER SET utf8 COLLATE utf8_general_ci DEFAULT '' COMMENT '参数名称',
  `config_key` varchar(100) CHARACTER SET utf8 COLLATE utf8_general_ci DEFAULT '' COMMENT '参数键名',
  `config_value` varchar(500) CHARACTER SET utf8 COLLATE utf8_general_ci DEFAULT '' COMMENT '参数键值',
  `config_type` char(1) CHARACTER SET utf8 COLLATE utf8_general_ci DEFAULT 'N' COMMENT '系统内置（Y是 N否）',
  `create_by` varchar(64) CHARACTER SET utf8 COLLATE utf8_general_ci DEFAULT '' COMMENT '创建者',
  `create_time` datetime DEFAULT NULL COMMENT '创建时间',
  `update_by` varchar(64) CHARACTER SET utf8 COLLATE utf8_general_ci DEFAULT '' COMMENT '更新者',
  `update_time` datetime DEFAULT NULL COMMENT '更新时间',
  `remark` varchar(500) CHARACTER SET utf8 COLLATE utf8_general_ci DEFAULT NULL COMMENT '备注',
  PRIMARY KEY (`config_id`) USING BTREE
) ENGINE=InnoDB AUTO_INCREMENT=100 DEFAULT CHARSET=utf8 ROW_FORMAT=DYNAMIC COMMENT='参数配置表';

-- ----------------------------
-- Records of sys_config
-- ----------------------------
INSERT INTO `sys_config` VALUES ('1', '主框架页-默认皮肤样式名称', 'sys.index.skinName', 'skin-blue', 'Y', 'admin', '2018-03-16 11:33:00', 'ry', '2018-03-16 11:33:00', '蓝色 skin-blue、绿色 skin-green、紫色 skin-purple、红色 skin-red、黄色 skin-yellow');
INSERT INTO `sys_config` VALUES ('2', '用户管理-账号初始密码', 'sys.user.initPassword', '123456', 'Y', 'admin', '2018-03-16 11:33:00', 'ry', '2018-03-16 11:33:00', '初始化密码 123456');
INSERT INTO `sys_config` VALUES ('3', '主框架页-侧边栏主题', 'sys.index.sideTheme', 'theme-dark', 'Y', 'admin', '2018-03-16 11:33:00', 'ry', '2018-03-16 11:33:00', '深黑主题theme-dark，浅色主题theme-light，深蓝主题theme-blue');

-- ----------------------------
-- Table structure for sys_dept
-- ----------------------------
DROP TABLE IF EXISTS `sys_dept`;
CREATE TABLE `sys_dept` (
  `dept_id` bigint(20) NOT NULL AUTO_INCREMENT COMMENT '区域id',
  `parent_id` bigint(20) DEFAULT '0' COMMENT '父部门id',
  `ancestors` varchar(50) CHARACTER SET utf8 COLLATE utf8_general_ci DEFAULT '' COMMENT '祖级列表',
  `dept_name` varchar(30) CHARACTER SET utf8 COLLATE utf8_general_ci DEFAULT '' COMMENT '部门名称',
  `order_num` int(4) DEFAULT '0' COMMENT '显示顺序',
  `leader` varchar(20) CHARACTER SET utf8 COLLATE utf8_general_ci DEFAULT NULL COMMENT '负责人',
  `phone` varchar(11) CHARACTER SET utf8 COLLATE utf8_general_ci DEFAULT NULL COMMENT '联系电话',
  `email` varchar(50) CHARACTER SET utf8 COLLATE utf8_general_ci DEFAULT NULL COMMENT '邮箱',
  `status` char(1) CHARACTER SET utf8 COLLATE utf8_general_ci DEFAULT '0' COMMENT '区域状态（0正常 1停用）',
  `del_flag` char(1) CHARACTER SET utf8 COLLATE utf8_general_ci DEFAULT '0' COMMENT '删除标志（0代表存在 2代表删除）',
  `create_by` varchar(64) CHARACTER SET utf8 COLLATE utf8_general_ci DEFAULT '' COMMENT '创建者',
  `create_time` datetime DEFAULT NULL COMMENT '创建时间',
  `update_by` varchar(64) CHARACTER SET utf8 COLLATE utf8_general_ci DEFAULT '' COMMENT '更新者',
  `update_time` datetime DEFAULT NULL COMMENT '更新时间',
  PRIMARY KEY (`dept_id`) USING BTREE
) ENGINE=InnoDB AUTO_INCREMENT=1003055020 DEFAULT CHARSET=utf8 ROW_FORMAT=DYNAMIC COMMENT='部门表';

-- ----------------------------
-- Records of sys_dept
-- ----------------------------
INSERT INTO `sys_dept` VALUES ('1', '0', '0', '新疆建设兵团', '0', 'admin', '13117319830', '6633873@qq.com', '0', '0', 'admin', '2020-02-03 15:03:50', 'admin', '2020-02-03 15:03:50');
INSERT INTO `sys_dept` VALUES ('1003', '1', '0,1', '农3师', '1', 'admin', '13117319830', '6633873@qq.com', '0', '0', 'admin', '2020-02-03 15:03:50', 'admin', '2020-02-03 15:03:50');
INSERT INTO `sys_dept` VALUES ('1003044', '1003', '0,1,1003', '44团', '1', 'admin', '13117319830', '6633873@qq.com', '0', '0', 'admin', '2020-02-03 15:03:50', 'admin', '2020-02-03 15:03:50');
INSERT INTO `sys_dept` VALUES ('1003048', '1003', '0,1,1003', '48团', '2', 'admin', '13117319830', '6633873@qq.com', '0', '0', 'admin', '2020-02-03 15:03:52', 'admin', '2020-02-03 15:03:52');
INSERT INTO `sys_dept` VALUES ('1003051', '1003', '0,1,1003', '51团', '3', 'admin', '13117319830', '6633873@qq.com', '0', '0', 'admin', '2020-02-03 15:15:25', 'admin', '2020-02-03 15:15:25');
INSERT INTO `sys_dept` VALUES ('1003054', '1003', '0,1,1003', '54团', '4', 'admin', '13117319830', '6633873@qq.com', '0', '0', 'admin', '2020-02-03 16:17:15', 'admin', '2020-02-03 16:17:15');
INSERT INTO `sys_dept` VALUES ('1003055', '1003', '0,1,1003', '55团', '5', 'admin', '13117319830', '6633873@qq.com', '0', '0', 'admin', '2020-02-03 16:49:59', 'admin', '2020-02-03 16:49:59');
INSERT INTO `sys_dept` VALUES ('1003044001', '1003044', '0,1,1003,1003044', '1连', '1', 'admin', '13117319830', '6633873@qq.com', '0', '0', 'admin', '2020-02-03 15:03:50', 'admin', '2020-02-03 15:03:50');
INSERT INTO `sys_dept` VALUES ('1003044002', '1003044', '0,1,1003,1003044', '2连', '2', 'admin', '13117319830', '6633873@qq.com', '0', '0', 'admin', '2020-02-03 15:03:50', 'admin', '2020-02-03 15:03:50');
INSERT INTO `sys_dept` VALUES ('1003044003', '1003044', '0,1,1003,1003044', '3连', '3', 'admin', '13117319830', '6633873@qq.com', '0', '0', 'admin', '2020-02-03 15:03:50', 'admin', '2020-02-03 15:03:50');
INSERT INTO `sys_dept` VALUES ('1003044004', '1003044', '0,1,1003,1003044', '4连', '4', 'admin', '13117319830', '6633873@qq.com', '0', '0', 'admin', '2020-02-03 15:03:50', 'admin', '2020-02-03 15:03:50');
INSERT INTO `sys_dept` VALUES ('1003044005', '1003044', '0,1,1003,1003044', '5连', '5', 'admin', '13117319830', '6633873@qq.com', '0', '0', 'admin', '2020-02-03 15:03:50', 'admin', '2020-02-03 15:03:50');
INSERT INTO `sys_dept` VALUES ('1003044006', '1003044', '0,1,1003,1003044', '6连', '6', 'admin', '13117319830', '6633873@qq.com', '0', '0', 'admin', '2020-02-03 15:03:51', 'admin', '2020-02-03 15:03:51');
INSERT INTO `sys_dept` VALUES ('1003044007', '1003044', '0,1,1003,1003044', '7连', '7', 'admin', '13117319830', '6633873@qq.com', '0', '0', 'admin', '2020-02-03 15:03:51', 'admin', '2020-02-03 15:03:51');
INSERT INTO `sys_dept` VALUES ('1003044008', '1003044', '0,1,1003,1003044', '8连', '8', 'admin', '13117319830', '6633873@qq.com', '0', '0', 'admin', '2020-02-03 15:03:51', 'admin', '2020-02-03 15:03:51');
INSERT INTO `sys_dept` VALUES ('1003044009', '1003044', '0,1,1003,1003044', '9连', '9', 'admin', '13117319830', '6633873@qq.com', '0', '0', 'admin', '2020-02-03 15:03:51', 'admin', '2020-02-03 15:03:51');
INSERT INTO `sys_dept` VALUES ('1003044010', '1003044', '0,1,1003,1003044', '10连', '10', 'admin', '13117319830', '6633873@qq.com', '0', '0', 'admin', '2020-02-03 15:03:51', 'admin', '2020-02-03 15:03:51');
INSERT INTO `sys_dept` VALUES ('1003044011', '1003044', '0,1,1003,1003044', '11连', '11', 'admin', '13117319830', '6633873@qq.com', '0', '0', 'admin', '2020-02-03 15:03:51', 'admin', '2020-02-03 15:03:51');
INSERT INTO `sys_dept` VALUES ('1003044012', '1003044', '0,1,1003,1003044', '12连', '12', 'admin', '13117319830', '6633873@qq.com', '0', '0', 'admin', '2020-02-03 15:03:51', 'admin', '2020-02-03 15:03:51');
INSERT INTO `sys_dept` VALUES ('1003044013', '1003044', '0,1,1003,1003044', '13连', '13', 'admin', '13117319830', '6633873@qq.com', '0', '0', 'admin', '2020-02-03 15:03:51', 'admin', '2020-02-03 15:03:51');
INSERT INTO `sys_dept` VALUES ('1003044014', '1003044', '0,1,1003,1003044', '14连', '14', 'admin', '13117319830', '6633873@qq.com', '0', '0', 'admin', '2020-02-03 15:03:51', 'admin', '2020-02-03 15:03:51');
INSERT INTO `sys_dept` VALUES ('1003044015', '1003044', '0,1,1003,1003044', '15连', '15', 'admin', '13117319830', '6633873@qq.com', '0', '0', 'admin', '2020-02-03 15:03:51', 'admin', '2020-02-03 15:03:51');
INSERT INTO `sys_dept` VALUES ('1003044016', '1003044', '0,1,1003,1003044', '16连', '16', 'admin', '13117319830', '6633873@qq.com', '0', '0', 'admin', '2020-02-03 15:03:51', 'admin', '2020-02-03 15:03:51');
INSERT INTO `sys_dept` VALUES ('1003044017', '1003044', '0,1,1003,1003044', '17连', '17', 'admin', '13117319830', '6633873@qq.com', '0', '0', 'admin', '2020-02-03 15:03:51', 'admin', '2020-02-03 15:03:51');
INSERT INTO `sys_dept` VALUES ('1003044018', '1003044', '0,1,1003,1003044', '18连', '18', 'admin', '13117319830', '6633873@qq.com', '0', '0', 'admin', '2020-02-03 15:03:51', 'admin', '2020-02-03 15:03:51');
INSERT INTO `sys_dept` VALUES ('1003044019', '1003044', '0,1,1003,1003044', '20连', '19', 'admin', '13117319830', '6633873@qq.com', '0', '0', 'admin', '2020-02-03 15:03:51', 'admin', '2020-02-03 15:03:51');
INSERT INTO `sys_dept` VALUES ('1003044020', '1003044', '0,1,1003,1003044', '原种连', '20', 'admin', '13117319830', '6633873@qq.com', '0', '0', 'admin', '2020-02-03 15:03:51', 'admin', '2020-02-03 15:03:51');
INSERT INTO `sys_dept` VALUES ('1003044021', '1003044', '0,1,1003,1003044', '良种连', '21', 'admin', '13117319830', '6633873@qq.com', '0', '0', 'admin', '2020-02-03 15:03:51', 'admin', '2020-02-03 15:03:51');
INSERT INTO `sys_dept` VALUES ('1003044022', '1003044', '0,1,1003,1003044', '值班连', '22', 'admin', '13117319830', '6633873@qq.com', '0', '0', 'admin', '2020-02-03 15:03:52', 'admin', '2020-02-03 15:03:52');
INSERT INTO `sys_dept` VALUES ('1003044023', '1003044', '0,1,1003,1003044', '幸福社区', '23', 'admin', '13117319830', '6633873@qq.com', '0', '0', 'admin', '2020-02-03 15:03:52', 'admin', '2020-02-03 15:03:52');
INSERT INTO `sys_dept` VALUES ('1003044024', '1003044', '0,1,1003,1003044', '丰华社区', '24', 'admin', '13117319830', '6633873@qq.com', '0', '0', 'admin', '2020-02-03 15:03:52', 'admin', '2020-02-03 15:03:52');
INSERT INTO `sys_dept` VALUES ('1003044025', '1003044', '0,1,1003,1003044', '玫瑰苑社区', '25', 'admin', '13117319830', '6633873@qq.com', '0', '0', 'admin', '2020-02-03 15:03:52', 'admin', '2020-02-03 15:03:52');
INSERT INTO `sys_dept` VALUES ('1003044026', '1003044', '0,1,1003,1003044', '机关', '26', 'admin', '13117319830', '6633873@qq.com', '0', '0', 'admin', '2020-02-03 15:03:52', 'admin', '2020-02-03 15:03:52');
INSERT INTO `sys_dept` VALUES ('1003044027', '1003044', '0,1,1003,1003044', '天和小区', '27', 'admin', '13117319830', '6633873@qq.com', '0', '0', 'admin', '2020-02-03 15:03:52', 'admin', '2020-02-03 15:03:52');
INSERT INTO `sys_dept` VALUES ('1003044028', '1003044', '0,1,1003,1003044', '天福小区', '28', 'admin', '13117319830', '6633873@qq.com', '0', '0', 'admin', '2020-02-03 15:03:52', 'admin', '2020-02-03 15:03:52');
INSERT INTO `sys_dept` VALUES ('1003044029', '1003044', '0,1,1003,1003044', '光华小区', '29', 'admin', '13117319830', '6633873@qq.com', '0', '0', 'admin', '2020-02-03 15:03:52', 'admin', '2020-02-03 15:03:52');
INSERT INTO `sys_dept` VALUES ('1003044030', '1003044', '0,1,1003,1003044', '永泰', '30', 'admin', '13117319830', '6633873@qq.com', '0', '0', 'admin', '2020-02-03 15:03:52', 'admin', '2020-02-03 15:03:52');
INSERT INTO `sys_dept` VALUES ('1003044031', '1003044', '0,1,1003,1003044', '景宏', '31', 'admin', '13117319830', '6633873@qq.com', '0', '0', 'admin', '2020-02-03 15:03:52', 'admin', '2020-02-03 15:03:52');
INSERT INTO `sys_dept` VALUES ('1003044032', '1003044', '0,1,1003,1003044', '宏福', '32', 'admin', '13117319830', '6633873@qq.com', '0', '0', 'admin', '2020-02-03 15:03:52', 'admin', '2020-02-03 15:03:52');
INSERT INTO `sys_dept` VALUES ('1003048001', '1003048', '0,1,1003,1003048', '1连', '1', 'admin', '13117319830', '6633873@qq.com', '0', '0', 'admin', '2020-02-03 15:03:53', 'admin', '2020-02-03 15:03:53');
INSERT INTO `sys_dept` VALUES ('1003048002', '1003048', '0,1,1003,1003048', '2连', '2', 'admin', '13117319830', '6633873@qq.com', '0', '0', 'admin', '2020-02-03 15:03:53', 'admin', '2020-02-03 15:03:53');
INSERT INTO `sys_dept` VALUES ('1003048003', '1003048', '0,1,1003,1003048', '3连', '3', 'admin', '13117319830', '6633873@qq.com', '0', '0', 'admin', '2020-02-03 15:03:53', 'admin', '2020-02-03 15:03:53');
INSERT INTO `sys_dept` VALUES ('1003048004', '1003048', '0,1,1003,1003048', '4连', '4', 'admin', '13117319830', '6633873@qq.com', '0', '0', 'admin', '2020-02-03 15:03:53', 'admin', '2020-02-03 15:03:53');
INSERT INTO `sys_dept` VALUES ('1003048005', '1003048', '0,1,1003,1003048', '5连', '5', 'admin', '13117319830', '6633873@qq.com', '0', '0', 'admin', '2020-02-03 15:03:53', 'admin', '2020-02-03 15:03:53');
INSERT INTO `sys_dept` VALUES ('1003048006', '1003048', '0,1,1003,1003048', '6连', '6', 'admin', '13117319830', '6633873@qq.com', '0', '0', 'admin', '2020-02-03 15:03:53', 'admin', '2020-02-03 15:03:53');
INSERT INTO `sys_dept` VALUES ('1003048007', '1003048', '0,1,1003,1003048', '7连', '7', 'admin', '13117319830', '6633873@qq.com', '0', '0', 'admin', '2020-02-03 15:03:53', 'admin', '2020-02-03 15:03:53');
INSERT INTO `sys_dept` VALUES ('1003048008', '1003048', '0,1,1003,1003048', '社区', '8', 'admin', '13117319830', '6633873@qq.com', '0', '0', 'admin', '2020-02-03 15:03:53', 'admin', '2020-02-03 15:03:53');
INSERT INTO `sys_dept` VALUES ('1003048009', '1003048', '0,1,1003,1003048', '医院', '9', 'admin', '13117319830', '6633873@qq.com', '0', '0', 'admin', '2020-02-03 15:15:24', 'admin', '2020-02-03 15:15:24');
INSERT INTO `sys_dept` VALUES ('1003048010', '1003048', '0,1,1003,1003048', '广场', '10', 'admin', '13117319830', '6633873@qq.com', '0', '0', 'admin', '2020-02-03 15:15:24', 'admin', '2020-02-03 15:15:24');
INSERT INTO `sys_dept` VALUES ('1003048011', '1003048', '0,1,1003,1003048', '南湖小区', '11', 'admin', '13117319830', '6633873@qq.com', '0', '0', 'admin', '2020-02-03 15:15:24', 'admin', '2020-02-03 15:15:24');
INSERT INTO `sys_dept` VALUES ('1003048012', '1003048', '0,1,1003,1003048', '胡杨小区', '12', 'admin', '13117319830', '6633873@qq.com', '0', '0', 'admin', '2020-02-03 15:15:24', 'admin', '2020-02-03 15:15:24');
INSERT INTO `sys_dept` VALUES ('1003048013', '1003048', '0,1,1003,1003048', '祥瑞小区', '13', 'admin', '13117319830', '6633873@qq.com', '0', '0', 'admin', '2020-02-03 15:15:24', 'admin', '2020-02-03 15:15:24');
INSERT INTO `sys_dept` VALUES ('1003048014', '1003048', '0,1,1003,1003048', '友谊小区', '14', 'admin', '13117319830', '6633873@qq.com', '0', '0', 'admin', '2020-02-03 15:15:24', 'admin', '2020-02-03 15:15:24');
INSERT INTO `sys_dept` VALUES ('1003048015', '1003048', '0,1,1003,1003048', '和谐小区', '15', 'admin', '13117319830', '6633873@qq.com', '0', '0', 'admin', '2020-02-03 15:15:24', 'admin', '2020-02-03 15:15:24');
INSERT INTO `sys_dept` VALUES ('1003048016', '1003048', '0,1,1003,1003048', '友好小区', '16', 'admin', '13117319830', '6633873@qq.com', '0', '0', 'admin', '2020-02-03 15:15:24', 'admin', '2020-02-03 15:15:24');
INSERT INTO `sys_dept` VALUES ('1003048017', '1003048', '0,1,1003,1003048', '招待所', '17', 'admin', '13117319830', '6633873@qq.com', '0', '0', 'admin', '2020-02-03 15:15:25', 'admin', '2020-02-03 15:15:25');
INSERT INTO `sys_dept` VALUES ('1003048018', '1003048', '0,1,1003,1003048', '幼儿园', '18', 'admin', '13117319830', '6633873@qq.com', '0', '0', 'admin', '2020-02-03 15:15:25', 'admin', '2020-02-03 15:15:25');
INSERT INTO `sys_dept` VALUES ('1003048019', '1003048', '0,1,1003,1003048', '机关', '19', 'admin', '13117319830', '6633873@qq.com', '0', '0', 'admin', '2020-02-03 15:15:25', 'admin', '2020-02-03 15:15:25');
INSERT INTO `sys_dept` VALUES ('1003048020', '1003048', '0,1,1003,1003048', '公安卡点', '20', 'admin', '13117319830', '6633873@qq.com', '0', '0', 'admin', '2020-02-03 15:15:25', 'admin', '2020-02-03 15:15:25');
INSERT INTO `sys_dept` VALUES ('1003048021', '1003048', '0,1,1003,1003048', '农贸市场', '21', 'admin', '13117319830', '6633873@qq.com', '0', '0', 'admin', '2020-02-03 15:15:25', 'admin', '2020-02-03 15:15:25');
INSERT INTO `sys_dept` VALUES ('1003048022', '1003048', '0,1,1003,1003048', '农机停放点', '22', 'admin', '13117319830', '6633873@qq.com', '0', '0', 'admin', '2020-02-03 15:15:25', 'admin', '2020-02-03 15:15:25');
INSERT INTO `sys_dept` VALUES ('1003048023', '1003048', '0,1,1003,1003048', '连队专用', '23', 'admin', '13117319830', '6633873@qq.com', '0', '0', 'admin', '2020-02-03 15:15:25', 'admin', '2020-02-03 15:15:25');
INSERT INTO `sys_dept` VALUES ('1003051001', '1003051', '0,1,1003,1003051', '1连', '1', 'admin', '13117319830', '6633873@qq.com', '0', '0', 'admin', '2020-02-03 16:17:13', 'admin', '2020-02-03 16:17:13');
INSERT INTO `sys_dept` VALUES ('1003051002', '1003051', '0,1,1003,1003051', '2连', '2', 'admin', '13117319830', '6633873@qq.com', '0', '0', 'admin', '2020-02-03 16:17:13', 'admin', '2020-02-03 16:17:13');
INSERT INTO `sys_dept` VALUES ('1003051003', '1003051', '0,1,1003,1003051', '3连', '3', 'admin', '13117319830', '6633873@qq.com', '0', '0', 'admin', '2020-02-03 16:17:13', 'admin', '2020-02-03 16:17:13');
INSERT INTO `sys_dept` VALUES ('1003051004', '1003051', '0,1,1003,1003051', '4连', '4', 'admin', '13117319830', '6633873@qq.com', '0', '0', 'admin', '2020-02-03 16:17:13', 'admin', '2020-02-03 16:17:13');
INSERT INTO `sys_dept` VALUES ('1003051005', '1003051', '0,1,1003,1003051', '5连', '5', 'admin', '13117319830', '6633873@qq.com', '0', '0', 'admin', '2020-02-03 16:17:13', 'admin', '2020-02-03 16:17:13');
INSERT INTO `sys_dept` VALUES ('1003051006', '1003051', '0,1,1003,1003051', '6连', '6', 'admin', '13117319830', '6633873@qq.com', '0', '0', 'admin', '2020-02-03 16:17:13', 'admin', '2020-02-03 16:17:13');
INSERT INTO `sys_dept` VALUES ('1003051007', '1003051', '0,1,1003,1003051', '8连', '7', 'admin', '13117319830', '6633873@qq.com', '0', '0', 'admin', '2020-02-03 16:17:13', 'admin', '2020-02-03 16:17:13');
INSERT INTO `sys_dept` VALUES ('1003051008', '1003051', '0,1,1003,1003051', '9连', '8', 'admin', '13117319830', '6633873@qq.com', '0', '0', 'admin', '2020-02-03 16:17:14', 'admin', '2020-02-03 16:17:14');
INSERT INTO `sys_dept` VALUES ('1003051009', '1003051', '0,1,1003,1003051', '10连', '9', 'admin', '13117319830', '6633873@qq.com', '0', '0', 'admin', '2020-02-03 16:17:14', 'admin', '2020-02-03 16:17:14');
INSERT INTO `sys_dept` VALUES ('1003051010', '1003051', '0,1,1003,1003051', '12连', '10', 'admin', '13117319830', '6633873@qq.com', '0', '0', 'admin', '2020-02-03 16:17:14', 'admin', '2020-02-03 16:17:14');
INSERT INTO `sys_dept` VALUES ('1003051011', '1003051', '0,1,1003,1003051', '13连', '11', 'admin', '13117319830', '6633873@qq.com', '0', '0', 'admin', '2020-02-03 16:17:14', 'admin', '2020-02-03 16:17:14');
INSERT INTO `sys_dept` VALUES ('1003051012', '1003051', '0,1,1003,1003051', '14连', '12', 'admin', '13117319830', '6633873@qq.com', '0', '0', 'admin', '2020-02-03 16:17:14', 'admin', '2020-02-03 16:17:14');
INSERT INTO `sys_dept` VALUES ('1003051013', '1003051', '0,1,1003,1003051', '15连', '13', 'admin', '13117319830', '6633873@qq.com', '0', '0', 'admin', '2020-02-03 16:17:14', 'admin', '2020-02-03 16:17:14');
INSERT INTO `sys_dept` VALUES ('1003051014', '1003051', '0,1,1003,1003051', '16连', '14', 'admin', '13117319830', '6633873@qq.com', '0', '0', 'admin', '2020-02-03 16:17:14', 'admin', '2020-02-03 16:17:14');
INSERT INTO `sys_dept` VALUES ('1003051015', '1003051', '0,1,1003,1003051', '18连', '15', 'admin', '13117319830', '6633873@qq.com', '0', '0', 'admin', '2020-02-03 16:17:14', 'admin', '2020-02-03 16:17:14');
INSERT INTO `sys_dept` VALUES ('1003051016', '1003051', '0,1,1003,1003051', '19连', '16', 'admin', '13117319830', '6633873@qq.com', '0', '0', 'admin', '2020-02-03 16:17:14', 'admin', '2020-02-03 16:17:14');
INSERT INTO `sys_dept` VALUES ('1003051017', '1003051', '0,1,1003,1003051', '20连', '17', 'admin', '13117319830', '6633873@qq.com', '0', '0', 'admin', '2020-02-03 16:17:14', 'admin', '2020-02-03 16:17:14');
INSERT INTO `sys_dept` VALUES ('1003051018', '1003051', '0,1,1003,1003051', '22连', '18', 'admin', '13117319830', '6633873@qq.com', '0', '0', 'admin', '2020-02-03 16:17:14', 'admin', '2020-02-03 16:17:14');
INSERT INTO `sys_dept` VALUES ('1003051019', '1003051', '0,1,1003,1003051', '和谐社区', '19', 'admin', '13117319830', '6633873@qq.com', '0', '0', 'admin', '2020-02-03 16:17:14', 'admin', '2020-02-03 16:17:14');
INSERT INTO `sys_dept` VALUES ('1003051020', '1003051', '0,1,1003,1003051', '团结社区', '20', 'admin', '13117319830', '6633873@qq.com', '0', '0', 'admin', '2020-02-03 16:17:15', 'admin', '2020-02-03 16:17:15');
INSERT INTO `sys_dept` VALUES ('1003051021', '1003051', '0,1,1003,1003051', '清真寺', '21', 'admin', '13117319830', '6633873@qq.com', '0', '0', 'admin', '2020-02-03 16:17:15', 'admin', '2020-02-03 16:17:15');
INSERT INTO `sys_dept` VALUES ('1003051022', '1003051', '0,1,1003,1003051', '创业园连', '22', 'admin', '13117319830', '6633873@qq.com', '0', '0', 'admin', '2020-02-03 16:17:15', 'admin', '2020-02-03 16:17:15');
INSERT INTO `sys_dept` VALUES ('1003051023', '1003051', '0,1,1003,1003051', '月亮湖小区', '23', 'admin', '13117319830', '6633873@qq.com', '0', '0', 'admin', '2020-02-03 16:17:15', 'admin', '2020-02-03 16:17:15');
INSERT INTO `sys_dept` VALUES ('1003054001', '1003054', '0,1,1003,1003054', '喀玛勒克村', '1', 'admin', '13117319830', '6633873@qq.com', '0', '0', 'admin', '2020-02-03 16:48:12', 'admin', '2020-02-03 16:48:12');
INSERT INTO `sys_dept` VALUES ('1003054002', '1003054', '0,1,1003,1003054', '陈老七村', '2', 'admin', '13117319830', '6633873@qq.com', '0', '0', 'admin', '2020-02-03 16:48:12', 'admin', '2020-02-03 16:48:12');
INSERT INTO `sys_dept` VALUES ('1003054003', '1003054', '0,1,1003,1003054', '塘巴扎村', '3', 'admin', '13117319830', '6633873@qq.com', '0', '0', 'admin', '2020-02-03 16:48:12', 'admin', '2020-02-03 16:48:12');
INSERT INTO `sys_dept` VALUES ('1003054004', '1003054', '0,1,1003,1003054', '阿克库木村', '4', 'admin', '13117319830', '6633873@qq.com', '0', '0', 'admin', '2020-02-03 16:48:12', 'admin', '2020-02-03 16:48:12');
INSERT INTO `sys_dept` VALUES ('1003054005', '1003054', '0,1,1003,1003054', '其乃库勒村', '5', 'admin', '13117319830', '6633873@qq.com', '0', '0', 'admin', '2020-02-03 16:48:12', 'admin', '2020-02-03 16:48:12');
INSERT INTO `sys_dept` VALUES ('1003054006', '1003054', '0,1,1003,1003054', '吉格代库勒村', '6', 'admin', '13117319830', '6633873@qq.com', '0', '0', 'admin', '2020-02-03 16:48:12', 'admin', '2020-02-03 16:48:12');
INSERT INTO `sys_dept` VALUES ('1003054007', '1003054', '0,1,1003,1003054', '古再村', '7', 'admin', '13117319830', '6633873@qq.com', '0', '0', 'admin', '2020-02-03 16:48:12', 'admin', '2020-02-03 16:48:12');
INSERT INTO `sys_dept` VALUES ('1003054008', '1003054', '0,1,1003,1003054', '喀塔尔墩村', '8', 'admin', '13117319830', '6633873@qq.com', '0', '0', 'admin', '2020-02-03 16:48:12', 'admin', '2020-02-03 16:48:12');
INSERT INTO `sys_dept` VALUES ('1003054009', '1003054', '0,1,1003,1003054', '亚松迪村', '9', 'admin', '13117319830', '6633873@qq.com', '0', '0', 'admin', '2020-02-03 16:48:13', 'admin', '2020-02-03 16:48:13');
INSERT INTO `sys_dept` VALUES ('1003054010', '1003054', '0,1,1003,1003054', '恰尔阿勒迪村', '10', 'admin', '13117319830', '6633873@qq.com', '0', '0', 'admin', '2020-02-03 16:48:13', 'admin', '2020-02-03 16:48:13');
INSERT INTO `sys_dept` VALUES ('1003054011', '1003054', '0,1,1003,1003054', '乌塘村', '11', 'admin', '13117319830', '6633873@qq.com', '0', '0', 'admin', '2020-02-03 16:48:13', 'admin', '2020-02-03 16:48:13');
INSERT INTO `sys_dept` VALUES ('1003054012', '1003054', '0,1,1003,1003054', '博尔其墩村', '12', 'admin', '13117319830', '6633873@qq.com', '0', '0', 'admin', '2020-02-03 16:48:13', 'admin', '2020-02-03 16:48:13');
INSERT INTO `sys_dept` VALUES ('1003054013', '1003054', '0,1,1003,1003054', '阿克萨克热勒村', '13', 'admin', '13117319830', '6633873@qq.com', '0', '0', 'admin', '2020-02-03 16:48:13', 'admin', '2020-02-03 16:48:13');
INSERT INTO `sys_dept` VALUES ('1003054014', '1003054', '0,1,1003,1003054', '库木库勒村', '14', 'admin', '13117319830', '6633873@qq.com', '0', '0', 'admin', '2020-02-03 16:48:13', 'admin', '2020-02-03 16:48:13');
INSERT INTO `sys_dept` VALUES ('1003054015', '1003054', '0,1,1003,1003054', '吐孜鲁克喀什村', '15', 'admin', '13117319830', '6633873@qq.com', '0', '0', 'admin', '2020-02-03 16:48:13', 'admin', '2020-02-03 16:48:13');
INSERT INTO `sys_dept` VALUES ('1003054016', '1003054', '0,1,1003,1003054', '克其勒克村', '16', 'admin', '13117319830', '6633873@qq.com', '0', '0', 'admin', '2020-02-03 16:48:13', 'admin', '2020-02-03 16:48:13');
INSERT INTO `sys_dept` VALUES ('1003054017', '1003054', '0,1,1003,1003054', '艾孜克松迪村', '17', 'admin', '13117319830', '6633873@qq.com', '0', '0', 'admin', '2020-02-03 16:48:13', 'admin', '2020-02-03 16:48:13');
INSERT INTO `sys_dept` VALUES ('1003054018', '1003054', '0,1,1003,1003054', '英也尔村', '18', 'admin', '13117319830', '6633873@qq.com', '0', '0', 'admin', '2020-02-03 16:48:13', 'admin', '2020-02-03 16:48:13');
INSERT INTO `sys_dept` VALUES ('1003054019', '1003054', '0,1,1003,1003054', '苏盖提勒克村', '19', 'admin', '13117319830', '6633873@qq.com', '0', '0', 'admin', '2020-02-03 16:48:13', 'admin', '2020-02-03 16:48:13');
INSERT INTO `sys_dept` VALUES ('1003054020', '1003054', '0,1,1003,1003054', '库曲买贝西村', '20', 'admin', '13117319830', '6633873@qq.com', '0', '0', 'admin', '2020-02-03 16:48:14', 'admin', '2020-02-03 16:48:14');
INSERT INTO `sys_dept` VALUES ('1003054021', '1003054', '0,1,1003,1003054', '团结村', '21', 'admin', '13117319830', '6633873@qq.com', '0', '0', 'admin', '2020-02-03 16:49:00', 'admin', '2020-02-03 16:49:00');
INSERT INTO `sys_dept` VALUES ('1003054022', '1003054', '0,1,1003,1003054', '巴扎村', '22', 'admin', '13117319830', '6633873@qq.com', '0', '0', 'admin', '2020-02-03 16:49:59', 'admin', '2020-02-03 16:49:59');
INSERT INTO `sys_dept` VALUES ('1003055001', '1003055', '0,1,1003,1003055', '1村', '1', 'admin', '13117319830', '6633873@qq.com', '0', '0', 'admin', '2020-02-03 16:56:29', 'admin', '2020-02-03 16:56:29');
INSERT INTO `sys_dept` VALUES ('1003055002', '1003055', '0,1,1003,1003055', '2村', '2', 'admin', '13117319830', '6633873@qq.com', '0', '0', 'admin', '2020-02-03 16:56:29', 'admin', '2020-02-03 16:56:29');
INSERT INTO `sys_dept` VALUES ('1003055003', '1003055', '0,1,1003,1003055', '3村', '3', 'admin', '13117319830', '6633873@qq.com', '0', '0', 'admin', '2020-02-03 16:56:29', 'admin', '2020-02-03 16:56:29');
INSERT INTO `sys_dept` VALUES ('1003055004', '1003055', '0,1,1003,1003055', '4村', '4', 'admin', '13117319830', '6633873@qq.com', '0', '0', 'admin', '2020-02-03 16:56:29', 'admin', '2020-02-03 16:56:29');
INSERT INTO `sys_dept` VALUES ('1003055005', '1003055', '0,1,1003,1003055', '5村', '5', 'admin', '13117319830', '6633873@qq.com', '0', '0', 'admin', '2020-02-03 16:56:29', 'admin', '2020-02-03 16:56:29');
INSERT INTO `sys_dept` VALUES ('1003055006', '1003055', '0,1,1003,1003055', '6村', '6', 'admin', '13117319830', '6633873@qq.com', '0', '0', 'admin', '2020-02-03 16:56:30', 'admin', '2020-02-03 16:56:30');
INSERT INTO `sys_dept` VALUES ('1003055007', '1003055', '0,1,1003,1003055', '7村', '7', 'admin', '13117319830', '6633873@qq.com', '0', '0', 'admin', '2020-02-03 16:56:30', 'admin', '2020-02-03 16:56:30');
INSERT INTO `sys_dept` VALUES ('1003055008', '1003055', '0,1,1003,1003055', '8村', '8', 'admin', '13117319830', '6633873@qq.com', '0', '0', 'admin', '2020-02-03 16:56:30', 'admin', '2020-02-03 16:56:30');
INSERT INTO `sys_dept` VALUES ('1003055009', '1003055', '0,1,1003,1003055', '9村', '9', 'admin', '13117319830', '6633873@qq.com', '0', '0', 'admin', '2020-02-03 16:56:30', 'admin', '2020-02-03 16:56:30');
INSERT INTO `sys_dept` VALUES ('1003055010', '1003055', '0,1,1003,1003055', '10村', '10', 'admin', '13117319830', '6633873@qq.com', '0', '0', 'admin', '2020-02-03 16:56:30', 'admin', '2020-02-03 16:56:30');
INSERT INTO `sys_dept` VALUES ('1003055011', '1003055', '0,1,1003,1003055', '11村', '11', 'admin', '13117319830', '6633873@qq.com', '0', '0', 'admin', '2020-02-03 16:56:30', 'admin', '2020-02-03 16:56:30');
INSERT INTO `sys_dept` VALUES ('1003055012', '1003055', '0,1,1003,1003055', '12村', '12', 'admin', '13117319830', '6633873@qq.com', '0', '0', 'admin', '2020-02-03 16:56:30', 'admin', '2020-02-03 16:56:30');
INSERT INTO `sys_dept` VALUES ('1003055013', '1003055', '0,1,1003,1003055', '13村', '13', 'admin', '13117319830', '6633873@qq.com', '0', '0', 'admin', '2020-02-03 16:56:30', 'admin', '2020-02-03 16:56:30');
INSERT INTO `sys_dept` VALUES ('1003055014', '1003055', '0,1,1003,1003055', '14村', '14', 'admin', '13117319830', '6633873@qq.com', '0', '0', 'admin', '2020-02-03 16:56:30', 'admin', '2020-02-03 16:56:30');
INSERT INTO `sys_dept` VALUES ('1003055015', '1003055', '0,1,1003,1003055', '15村', '15', 'admin', '13117319830', '6633873@qq.com', '0', '0', 'admin', '2020-02-03 16:56:30', 'admin', '2020-02-03 16:56:30');
INSERT INTO `sys_dept` VALUES ('1003055016', '1003055', '0,1,1003,1003055', '16村', '16', 'admin', '13117319830', '6633873@qq.com', '0', '0', 'admin', '2020-02-03 16:56:30', 'admin', '2020-02-03 16:56:30');
INSERT INTO `sys_dept` VALUES ('1003055017', '1003055', '0,1,1003,1003055', '17村', '17', 'admin', '13117319830', '6633873@qq.com', '0', '0', 'admin', '2020-02-03 16:56:30', 'admin', '2020-02-03 16:56:30');
INSERT INTO `sys_dept` VALUES ('1003055018', '1003055', '0,1,1003,1003055', '18村', '18', 'admin', '13117319830', '6633873@qq.com', '0', '0', 'admin', '2020-02-03 16:56:31', 'admin', '2020-02-03 16:56:31');
INSERT INTO `sys_dept` VALUES ('1003055019', '1003055', '0,1,1003,1003055', '19村', '19', 'admin', '13117319830', '6633873@qq.com', '0', '0', 'admin', '2020-02-03 16:56:31', 'admin', '2020-02-03 16:56:31');

-- ----------------------------
-- Table structure for sys_dict_data
-- ----------------------------
DROP TABLE IF EXISTS `sys_dict_data`;
CREATE TABLE `sys_dict_data` (
  `dict_code` bigint(20) NOT NULL AUTO_INCREMENT COMMENT '字典编码',
  `dict_sort` int(4) DEFAULT '0' COMMENT '字典排序',
  `dict_label` varchar(100) CHARACTER SET utf8 COLLATE utf8_general_ci DEFAULT '' COMMENT '字典标签',
  `dict_value` varchar(100) CHARACTER SET utf8 COLLATE utf8_general_ci DEFAULT '' COMMENT '字典键值',
  `dict_type` varchar(100) CHARACTER SET utf8 COLLATE utf8_general_ci DEFAULT '' COMMENT '字典类型',
  `css_class` varchar(100) CHARACTER SET utf8 COLLATE utf8_general_ci DEFAULT NULL COMMENT '样式属性（其他样式扩展）',
  `list_class` varchar(100) CHARACTER SET utf8 COLLATE utf8_general_ci DEFAULT NULL COMMENT '表格回显样式',
  `is_default` char(1) CHARACTER SET utf8 COLLATE utf8_general_ci DEFAULT 'N' COMMENT '是否默认（Y是 N否）',
  `status` char(1) CHARACTER SET utf8 COLLATE utf8_general_ci DEFAULT '0' COMMENT '状态（0正常 1停用）',
  `create_by` varchar(64) CHARACTER SET utf8 COLLATE utf8_general_ci DEFAULT '' COMMENT '创建者',
  `create_time` datetime DEFAULT NULL COMMENT '创建时间',
  `update_by` varchar(64) CHARACTER SET utf8 COLLATE utf8_general_ci DEFAULT '' COMMENT '更新者',
  `update_time` datetime DEFAULT NULL COMMENT '更新时间',
  `remark` varchar(500) CHARACTER SET utf8 COLLATE utf8_general_ci DEFAULT NULL COMMENT '备注',
  PRIMARY KEY (`dict_code`) USING BTREE
) ENGINE=InnoDB AUTO_INCREMENT=100 DEFAULT CHARSET=utf8 ROW_FORMAT=DYNAMIC COMMENT='字典数据表';

-- ----------------------------
-- Records of sys_dict_data
-- ----------------------------
INSERT INTO `sys_dict_data` VALUES ('1', '1', '男', '0', 'sys_user_sex', '', '', 'Y', '0', 'admin', '2018-03-16 11:33:00', 'ry', '2018-03-16 11:33:00', '性别男');
INSERT INTO `sys_dict_data` VALUES ('2', '2', '女', '1', 'sys_user_sex', '', '', 'N', '0', 'admin', '2018-03-16 11:33:00', 'ry', '2018-03-16 11:33:00', '性别女');
INSERT INTO `sys_dict_data` VALUES ('3', '3', '未知', '2', 'sys_user_sex', '', '', 'N', '0', 'admin', '2018-03-16 11:33:00', 'ry', '2018-03-16 11:33:00', '性别未知');
INSERT INTO `sys_dict_data` VALUES ('4', '1', '显示', '0', 'sys_show_hide', '', 'primary', 'Y', '0', 'admin', '2018-03-16 11:33:00', 'ry', '2018-03-16 11:33:00', '显示菜单');
INSERT INTO `sys_dict_data` VALUES ('5', '2', '隐藏', '1', 'sys_show_hide', '', 'danger', 'N', '0', 'admin', '2018-03-16 11:33:00', 'ry', '2018-03-16 11:33:00', '隐藏菜单');
INSERT INTO `sys_dict_data` VALUES ('6', '1', '正常', '0', 'sys_normal_disable', '', 'primary', 'Y', '0', 'admin', '2018-03-16 11:33:00', 'ry', '2018-03-16 11:33:00', '正常状态');
INSERT INTO `sys_dict_data` VALUES ('7', '2', '停用', '1', 'sys_normal_disable', '', 'danger', 'N', '0', 'admin', '2018-03-16 11:33:00', 'ry', '2018-03-16 11:33:00', '停用状态');
INSERT INTO `sys_dict_data` VALUES ('8', '1', '正常', '0', 'sys_job_status', '', 'primary', 'Y', '0', 'admin', '2018-03-16 11:33:00', 'ry', '2018-03-16 11:33:00', '正常状态');
INSERT INTO `sys_dict_data` VALUES ('9', '2', '暂停', '1', 'sys_job_status', '', 'danger', 'N', '0', 'admin', '2018-03-16 11:33:00', 'ry', '2018-03-16 11:33:00', '停用状态');
INSERT INTO `sys_dict_data` VALUES ('10', '1', '默认', 'DEFAULT', 'sys_job_group', '', '', 'Y', '0', 'admin', '2018-03-16 11:33:00', 'ry', '2018-03-16 11:33:00', '默认分组');
INSERT INTO `sys_dict_data` VALUES ('11', '2', '系统', 'SYSTEM', 'sys_job_group', '', '', 'N', '0', 'admin', '2018-03-16 11:33:00', 'ry', '2018-03-16 11:33:00', '系统分组');
INSERT INTO `sys_dict_data` VALUES ('12', '1', '是', 'Y', 'sys_yes_no', '', 'primary', 'Y', '0', 'admin', '2018-03-16 11:33:00', 'ry', '2018-03-16 11:33:00', '系统默认是');
INSERT INTO `sys_dict_data` VALUES ('13', '2', '否', 'N', 'sys_yes_no', '', 'danger', 'N', '0', 'admin', '2018-03-16 11:33:00', 'ry', '2018-03-16 11:33:00', '系统默认否');
INSERT INTO `sys_dict_data` VALUES ('14', '1', '通知', '1', 'sys_notice_type', '', 'warning', 'Y', '0', 'admin', '2018-03-16 11:33:00', 'ry', '2018-03-16 11:33:00', '通知');
INSERT INTO `sys_dict_data` VALUES ('15', '2', '公告', '2', 'sys_notice_type', '', 'success', 'N', '0', 'admin', '2018-03-16 11:33:00', 'ry', '2018-03-16 11:33:00', '公告');
INSERT INTO `sys_dict_data` VALUES ('16', '1', '正常', '0', 'sys_notice_status', '', 'primary', 'Y', '0', 'admin', '2018-03-16 11:33:00', 'ry', '2018-03-16 11:33:00', '正常状态');
INSERT INTO `sys_dict_data` VALUES ('17', '2', '关闭', '1', 'sys_notice_status', '', 'danger', 'N', '0', 'admin', '2018-03-16 11:33:00', 'ry', '2018-03-16 11:33:00', '关闭状态');
INSERT INTO `sys_dict_data` VALUES ('18', '1', '新增', '1', 'sys_oper_type', '', 'info', 'N', '0', 'admin', '2018-03-16 11:33:00', 'ry', '2018-03-16 11:33:00', '新增操作');
INSERT INTO `sys_dict_data` VALUES ('19', '2', '修改', '2', 'sys_oper_type', '', 'info', 'N', '0', 'admin', '2018-03-16 11:33:00', 'ry', '2018-03-16 11:33:00', '修改操作');
INSERT INTO `sys_dict_data` VALUES ('20', '3', '删除', '3', 'sys_oper_type', '', 'danger', 'N', '0', 'admin', '2018-03-16 11:33:00', 'ry', '2018-03-16 11:33:00', '删除操作');
INSERT INTO `sys_dict_data` VALUES ('21', '4', '授权', '4', 'sys_oper_type', '', 'primary', 'N', '0', 'admin', '2018-03-16 11:33:00', 'ry', '2018-03-16 11:33:00', '授权操作');
INSERT INTO `sys_dict_data` VALUES ('22', '5', '导出', '5', 'sys_oper_type', '', 'warning', 'N', '0', 'admin', '2018-03-16 11:33:00', 'ry', '2018-03-16 11:33:00', '导出操作');
INSERT INTO `sys_dict_data` VALUES ('23', '6', '导入', '6', 'sys_oper_type', '', 'warning', 'N', '0', 'admin', '2018-03-16 11:33:00', 'ry', '2018-03-16 11:33:00', '导入操作');
INSERT INTO `sys_dict_data` VALUES ('24', '7', '强退', '7', 'sys_oper_type', '', 'danger', 'N', '0', 'admin', '2018-03-16 11:33:00', 'ry', '2018-03-16 11:33:00', '强退操作');
INSERT INTO `sys_dict_data` VALUES ('25', '8', '生成代码', '8', 'sys_oper_type', '', 'warning', 'N', '0', 'admin', '2018-03-16 11:33:00', 'ry', '2018-03-16 11:33:00', '生成操作');
INSERT INTO `sys_dict_data` VALUES ('26', '9', '清空数据', '9', 'sys_oper_type', '', 'danger', 'N', '0', 'admin', '2018-03-16 11:33:00', 'ry', '2018-03-16 11:33:00', '清空操作');
INSERT INTO `sys_dict_data` VALUES ('27', '1', '成功', '0', 'sys_common_status', '', 'primary', 'N', '0', 'admin', '2018-03-16 11:33:00', 'ry', '2018-03-16 11:33:00', '正常状态');
INSERT INTO `sys_dict_data` VALUES ('28', '2', '失败', '1', 'sys_common_status', '', 'danger', 'N', '0', 'admin', '2018-03-16 11:33:00', 'ry', '2018-03-16 11:33:00', '停用状态');

-- ----------------------------
-- Table structure for sys_dict_type
-- ----------------------------
DROP TABLE IF EXISTS `sys_dict_type`;
CREATE TABLE `sys_dict_type` (
  `dict_id` bigint(20) NOT NULL AUTO_INCREMENT COMMENT '字典主键',
  `dict_name` varchar(100) CHARACTER SET utf8 COLLATE utf8_general_ci DEFAULT '' COMMENT '字典名称',
  `dict_type` varchar(100) CHARACTER SET utf8 COLLATE utf8_general_ci DEFAULT '' COMMENT '字典类型',
  `status` char(1) CHARACTER SET utf8 COLLATE utf8_general_ci DEFAULT '0' COMMENT '状态（0正常 1停用）',
  `create_by` varchar(64) CHARACTER SET utf8 COLLATE utf8_general_ci DEFAULT '' COMMENT '创建者',
  `create_time` datetime DEFAULT NULL COMMENT '创建时间',
  `update_by` varchar(64) CHARACTER SET utf8 COLLATE utf8_general_ci DEFAULT '' COMMENT '更新者',
  `update_time` datetime DEFAULT NULL COMMENT '更新时间',
  `remark` varchar(500) CHARACTER SET utf8 COLLATE utf8_general_ci DEFAULT NULL COMMENT '备注',
  PRIMARY KEY (`dict_id`) USING BTREE,
  UNIQUE KEY `dict_type` (`dict_type`) USING BTREE
) ENGINE=InnoDB AUTO_INCREMENT=11 DEFAULT CHARSET=utf8 ROW_FORMAT=DYNAMIC COMMENT='字典类型表';

-- ----------------------------
-- Records of sys_dict_type
-- ----------------------------
INSERT INTO `sys_dict_type` VALUES ('1', '用户性别', 'sys_user_sex', '0', 'admin', '2018-03-16 11:33:00', 'ry', '2018-03-16 11:33:00', '用户性别列表');
INSERT INTO `sys_dict_type` VALUES ('2', '菜单状态', 'sys_show_hide', '0', 'admin', '2018-03-16 11:33:00', 'ry', '2018-03-16 11:33:00', '菜单状态列表');
INSERT INTO `sys_dict_type` VALUES ('3', '系统开关', 'sys_normal_disable', '0', 'admin', '2018-03-16 11:33:00', 'ry', '2018-03-16 11:33:00', '系统开关列表');
INSERT INTO `sys_dict_type` VALUES ('4', '任务状态', 'sys_job_status', '0', 'admin', '2018-03-16 11:33:00', 'ry', '2018-03-16 11:33:00', '任务状态列表');
INSERT INTO `sys_dict_type` VALUES ('5', '任务分组', 'sys_job_group', '0', 'admin', '2018-03-16 11:33:00', 'ry', '2018-03-16 11:33:00', '任务分组列表');
INSERT INTO `sys_dict_type` VALUES ('6', '系统是否', 'sys_yes_no', '0', 'admin', '2018-03-16 11:33:00', 'ry', '2018-03-16 11:33:00', '系统是否列表');
INSERT INTO `sys_dict_type` VALUES ('7', '通知类型', 'sys_notice_type', '0', 'admin', '2018-03-16 11:33:00', 'ry', '2018-03-16 11:33:00', '通知类型列表');
INSERT INTO `sys_dict_type` VALUES ('8', '通知状态', 'sys_notice_status', '0', 'admin', '2018-03-16 11:33:00', 'ry', '2018-03-16 11:33:00', '通知状态列表');
INSERT INTO `sys_dict_type` VALUES ('9', '操作类型', 'sys_oper_type', '0', 'admin', '2018-03-16 11:33:00', 'ry', '2018-03-16 11:33:00', '操作类型列表');
INSERT INTO `sys_dict_type` VALUES ('10', '系统状态', 'sys_common_status', '0', 'admin', '2018-03-16 11:33:00', 'ry', '2018-03-16 11:33:00', '登录状态列表');

-- ----------------------------
-- Table structure for sys_forepage_col
-- ----------------------------
DROP TABLE IF EXISTS `sys_forepage_col`;
CREATE TABLE `sys_forepage_col` (
  `id` int(11) NOT NULL AUTO_INCREMENT,
  `page` varchar(50) CHARACTER SET utf8 COLLATE utf8_general_ci NOT NULL COMMENT '前台页面',
  `status` char(1) CHARACTER SET utf8 COLLATE utf8_general_ci NOT NULL COMMENT '页面开放状态(0:正常 1:停止',
  PRIMARY KEY (`id`) USING BTREE
) ENGINE=InnoDB AUTO_INCREMENT=4 DEFAULT CHARSET=utf8 ROW_FORMAT=COMPACT;

-- ----------------------------
-- Records of sys_forepage_col
-- ----------------------------
INSERT INTO `sys_forepage_col` VALUES ('1', 'broad', '0');
INSERT INTO `sys_forepage_col` VALUES ('2', 'village', '0');
INSERT INTO `sys_forepage_col` VALUES ('3', 'iot', '0');

-- ----------------------------
-- Table structure for sys_job
-- ----------------------------
DROP TABLE IF EXISTS `sys_job`;
CREATE TABLE `sys_job` (
  `job_id` bigint(20) NOT NULL AUTO_INCREMENT COMMENT '任务ID',
  `job_name` varchar(64) CHARACTER SET utf8 COLLATE utf8_general_ci NOT NULL DEFAULT '' COMMENT '任务名称',
  `job_group` varchar(64) CHARACTER SET utf8 COLLATE utf8_general_ci NOT NULL DEFAULT 'DEFAULT' COMMENT '任务组名',
  `invoke_target` varchar(500) CHARACTER SET utf8 COLLATE utf8_general_ci NOT NULL COMMENT '调用目标字符串',
  `cron_expression` varchar(255) CHARACTER SET utf8 COLLATE utf8_general_ci DEFAULT '' COMMENT 'cron执行表达式',
  `misfire_policy` varchar(20) CHARACTER SET utf8 COLLATE utf8_general_ci DEFAULT '3' COMMENT '计划执行错误策略（1立即执行 2执行一次 3放弃执行）',
  `concurrent` char(1) CHARACTER SET utf8 COLLATE utf8_general_ci DEFAULT '1' COMMENT '是否并发执行（0允许 1禁止）',
  `status` char(1) CHARACTER SET utf8 COLLATE utf8_general_ci DEFAULT '0' COMMENT '状态（0正常 1暂停）',
  `create_by` varchar(64) CHARACTER SET utf8 COLLATE utf8_general_ci DEFAULT '' COMMENT '创建者',
  `create_time` datetime DEFAULT NULL COMMENT '创建时间',
  `update_by` varchar(64) CHARACTER SET utf8 COLLATE utf8_general_ci DEFAULT '' COMMENT '更新者',
  `update_time` datetime DEFAULT NULL COMMENT '更新时间',
  `remark` varchar(500) CHARACTER SET utf8 COLLATE utf8_general_ci DEFAULT '' COMMENT '备注信息',
  PRIMARY KEY (`job_id`,`job_name`,`job_group`) USING BTREE
) ENGINE=InnoDB AUTO_INCREMENT=100 DEFAULT CHARSET=utf8 ROW_FORMAT=DYNAMIC COMMENT='定时任务调度表';

-- ----------------------------
-- Records of sys_job
-- ----------------------------
INSERT INTO `sys_job` VALUES ('1', '系统默认（无参）', 'DEFAULT', 'ryTask.ryNoParams', '0/10 * * * * ?', '3', '1', '1', 'admin', '2018-03-16 11:33:00', 'ry', '2018-03-16 11:33:00', '');
INSERT INTO `sys_job` VALUES ('2', '系统默认（有参）', 'DEFAULT', 'ryTask.ryParams(\'ry\')', '0/15 * * * * ?', '3', '1', '1', 'admin', '2018-03-16 11:33:00', 'ry', '2018-03-16 11:33:00', '');
INSERT INTO `sys_job` VALUES ('3', '系统默认（多参）', 'DEFAULT', 'ryTask.ryMultipleParams(\'ry\', true, 2000L, 316.50D, 100)', '0/20 * * * * ?', '3', '1', '1', 'admin', '2018-03-16 11:33:00', 'ry', '2018-03-16 11:33:00', '');

-- ----------------------------
-- Table structure for sys_job_log
-- ----------------------------
DROP TABLE IF EXISTS `sys_job_log`;
CREATE TABLE `sys_job_log` (
  `job_log_id` bigint(20) NOT NULL AUTO_INCREMENT COMMENT '任务日志ID',
  `job_name` varchar(64) CHARACTER SET utf8 COLLATE utf8_general_ci NOT NULL COMMENT '任务名称',
  `job_group` varchar(64) CHARACTER SET utf8 COLLATE utf8_general_ci NOT NULL COMMENT '任务组名',
  `invoke_target` varchar(500) CHARACTER SET utf8 COLLATE utf8_general_ci NOT NULL COMMENT '调用目标字符串',
  `job_message` varchar(500) CHARACTER SET utf8 COLLATE utf8_general_ci DEFAULT NULL COMMENT '日志信息',
  `status` char(1) CHARACTER SET utf8 COLLATE utf8_general_ci DEFAULT '0' COMMENT '执行状态（0正常 1失败）',
  `exception_info` varchar(2000) CHARACTER SET utf8 COLLATE utf8_general_ci DEFAULT '' COMMENT '异常信息',
  `create_time` datetime DEFAULT NULL COMMENT '创建时间',
  PRIMARY KEY (`job_log_id`) USING BTREE
) ENGINE=InnoDB DEFAULT CHARSET=utf8 ROW_FORMAT=DYNAMIC COMMENT='定时任务调度日志表';

-- ----------------------------
-- Records of sys_job_log
-- ----------------------------

-- ----------------------------
-- Table structure for sys_logininfor
-- ----------------------------
DROP TABLE IF EXISTS `sys_logininfor`;
CREATE TABLE `sys_logininfor` (
  `info_id` bigint(20) NOT NULL AUTO_INCREMENT COMMENT '访问ID',
  `login_name` varchar(50) CHARACTER SET utf8 COLLATE utf8_general_ci DEFAULT '' COMMENT '登录账号',
  `ipaddr` varchar(50) CHARACTER SET utf8 COLLATE utf8_general_ci DEFAULT '' COMMENT '登录IP地址',
  `login_location` varchar(255) CHARACTER SET utf8 COLLATE utf8_general_ci DEFAULT '' COMMENT '登录地点',
  `browser` varchar(50) CHARACTER SET utf8 COLLATE utf8_general_ci DEFAULT '' COMMENT '浏览器类型',
  `os` varchar(50) CHARACTER SET utf8 COLLATE utf8_general_ci DEFAULT '' COMMENT '操作系统',
  `status` char(1) CHARACTER SET utf8 COLLATE utf8_general_ci DEFAULT '0' COMMENT '登录状态（0成功 1失败）',
  `msg` varchar(255) CHARACTER SET utf8 COLLATE utf8_general_ci DEFAULT '' COMMENT '提示消息',
  `login_time` datetime DEFAULT NULL COMMENT '访问时间',
  PRIMARY KEY (`info_id`) USING BTREE
) ENGINE=InnoDB AUTO_INCREMENT=169 DEFAULT CHARSET=utf8 ROW_FORMAT=DYNAMIC COMMENT='系统访问记录';

-- ----------------------------
-- Records of sys_logininfor
-- ----------------------------
INSERT INTO `sys_logininfor` VALUES ('100', 'admin', '127.0.0.1', '内网IP', 'Chrome', 'Windows 10', '0', '登录成功', '2020-01-25 17:48:14');
INSERT INTO `sys_logininfor` VALUES ('101', 'admin', '127.0.0.1', '内网IP', 'Chrome', 'Windows 10', '0', '登录成功', '2020-01-25 17:54:26');
INSERT INTO `sys_logininfor` VALUES ('102', 'admin', '127.0.0.1', '内网IP', 'Chrome', 'Windows 10', '1', '验证码错误', '2020-01-27 16:18:26');
INSERT INTO `sys_logininfor` VALUES ('103', 'admin', '127.0.0.1', '内网IP', 'Chrome', 'Windows 10', '1', '验证码错误', '2020-01-27 16:18:33');
INSERT INTO `sys_logininfor` VALUES ('104', 'admin', '127.0.0.1', '内网IP', 'Chrome', 'Windows 10', '1', '验证码错误', '2020-01-27 16:18:46');
INSERT INTO `sys_logininfor` VALUES ('105', 'admin', '127.0.0.1', '内网IP', 'Chrome', 'Windows 10', '1', '验证码错误', '2020-01-27 16:18:54');
INSERT INTO `sys_logininfor` VALUES ('106', 'admin', '127.0.0.1', '内网IP', 'Chrome', 'Windows 10', '0', '登录成功', '2020-01-27 16:19:00');
INSERT INTO `sys_logininfor` VALUES ('107', 'admin', '127.0.0.1', '内网IP', 'Chrome', 'Windows 10', '0', '登录成功', '2020-01-27 16:32:52');
INSERT INTO `sys_logininfor` VALUES ('108', 'admin', '127.0.0.1', '内网IP', 'Chrome', 'Windows 10', '1', '验证码错误', '2020-01-28 12:51:51');
INSERT INTO `sys_logininfor` VALUES ('109', 'admin', '127.0.0.1', '内网IP', 'Chrome', 'Windows 10', '0', '登录成功', '2020-01-28 12:52:05');
INSERT INTO `sys_logininfor` VALUES ('110', 'admin', '127.0.0.1', '内网IP', 'Chrome', 'Windows 10', '0', '退出成功', '2020-01-29 16:57:56');
INSERT INTO `sys_logininfor` VALUES ('111', 'admin', '127.0.0.1', '内网IP', 'Chrome', 'Windows 10', '0', '登录成功', '2020-01-29 18:27:48');
INSERT INTO `sys_logininfor` VALUES ('112', 'admin', '127.0.0.1', '内网IP', 'Chrome', 'Windows 10', '0', '登录成功', '2020-01-29 19:59:20');
INSERT INTO `sys_logininfor` VALUES ('113', 'admin', '127.0.0.1', '内网IP', 'Chrome', 'Windows 10', '0', '退出成功', '2020-01-29 20:02:26');
INSERT INTO `sys_logininfor` VALUES ('114', 'admin', '127.0.0.1', '内网IP', 'Chrome', 'Windows 10', '0', '登录成功', '2020-01-29 20:03:00');
INSERT INTO `sys_logininfor` VALUES ('115', 'admin', '127.0.0.1', '内网IP', 'Chrome', 'Windows 10', '0', '登录成功', '2020-01-29 22:07:43');
INSERT INTO `sys_logininfor` VALUES ('116', 'admin', '127.0.0.1', '内网IP', 'Chrome', 'Windows 10', '0', '登录成功', '2020-01-29 22:09:54');
INSERT INTO `sys_logininfor` VALUES ('117', 'admin', '127.0.0.1', '内网IP', 'Chrome', 'Windows 10', '0', '退出成功', '2020-01-29 22:10:30');
INSERT INTO `sys_logininfor` VALUES ('118', 'admin', '127.0.0.1', '内网IP', 'Chrome', 'Windows 10', '0', '登录成功', '2020-01-29 22:12:24');
INSERT INTO `sys_logininfor` VALUES ('119', 'admin', '127.0.0.1', '内网IP', 'Chrome', 'Windows 10', '0', '登录成功', '2020-01-29 22:15:53');
INSERT INTO `sys_logininfor` VALUES ('120', 'admin', '127.0.0.1', '内网IP', 'Chrome', 'Windows 10', '0', '退出成功', '2020-01-29 22:17:25');
INSERT INTO `sys_logininfor` VALUES ('121', 'admin', '127.0.0.1', '内网IP', 'Chrome', 'Windows 10', '1', '验证码错误', '2020-01-29 22:20:09');
INSERT INTO `sys_logininfor` VALUES ('122', 'admin', '127.0.0.1', '内网IP', 'Chrome', 'Windows 10', '0', '登录成功', '2020-01-29 22:20:16');
INSERT INTO `sys_logininfor` VALUES ('123', 'admin', '127.0.0.1', '内网IP', 'Chrome', 'Windows 10', '0', '退出成功', '2020-01-29 22:24:00');
INSERT INTO `sys_logininfor` VALUES ('124', 'admin', '127.0.0.1', '内网IP', 'Chrome', 'Windows 10', '0', '登录成功', '2020-01-29 22:24:13');
INSERT INTO `sys_logininfor` VALUES ('125', 'admin', '127.0.0.1', '内网IP', 'Chrome', 'Windows 10', '0', '退出成功', '2020-01-29 22:24:26');
INSERT INTO `sys_logininfor` VALUES ('126', 'admin', '127.0.0.1', '内网IP', 'Chrome', 'Windows 10', '0', '登录成功', '2020-01-29 22:25:03');
INSERT INTO `sys_logininfor` VALUES ('127', 'admin', '127.0.0.1', '内网IP', 'Chrome', 'Windows 10', '1', '验证码错误', '2020-01-30 18:24:26');
INSERT INTO `sys_logininfor` VALUES ('128', 'admin', '127.0.0.1', '内网IP', 'Chrome', 'Windows 10', '0', '登录成功', '2020-01-30 18:24:35');
INSERT INTO `sys_logininfor` VALUES ('129', 'admin', '127.0.0.1', '内网IP', 'Chrome', 'Windows 10', '0', '退出成功', '2020-02-01 13:09:12');
INSERT INTO `sys_logininfor` VALUES ('130', 'admin', '127.0.0.1', '内网IP', 'Chrome', 'Windows 10', '0', '登录成功', '2020-02-01 13:38:26');
INSERT INTO `sys_logininfor` VALUES ('131', 'admin', '127.0.0.1', '内网IP', 'Chrome', 'Windows 10', '0', '登录成功', '2020-02-01 14:03:58');
INSERT INTO `sys_logininfor` VALUES ('132', 'admin', '127.0.0.1', '内网IP', 'Chrome', 'Windows 10', '0', '退出成功', '2020-02-01 14:07:29');
INSERT INTO `sys_logininfor` VALUES ('133', 'admin', '127.0.0.1', '内网IP', 'Chrome', 'Windows 10', '0', '登录成功', '2020-02-01 14:19:05');
INSERT INTO `sys_logininfor` VALUES ('134', 'admin', '127.0.0.1', '内网IP', 'Chrome', 'Windows 10', '1', '验证码错误', '2020-02-01 14:54:26');
INSERT INTO `sys_logininfor` VALUES ('135', 'admin', '127.0.0.1', '内网IP', 'Chrome', 'Windows 10', '0', '登录成功', '2020-02-01 14:54:33');
INSERT INTO `sys_logininfor` VALUES ('136', 'admin', '127.0.0.1', '内网IP', 'Chrome', 'Windows 10', '0', '退出成功', '2020-02-01 14:55:25');
INSERT INTO `sys_logininfor` VALUES ('137', 'admin', '127.0.0.1', '内网IP', 'Chrome', 'Windows 10', '0', '登录成功', '2020-02-01 15:42:59');
INSERT INTO `sys_logininfor` VALUES ('138', 'admin', '127.0.0.1', '内网IP', 'Chrome', 'Windows 10', '0', '登录成功', '2020-02-01 16:06:52');
INSERT INTO `sys_logininfor` VALUES ('139', 'admin', '127.0.0.1', '内网IP', 'Chrome', 'Windows 10', '0', '登录成功', '2020-02-01 17:18:29');
INSERT INTO `sys_logininfor` VALUES ('140', 'admin', '127.0.0.1', '内网IP', 'Chrome', 'Windows 10', '0', '退出成功', '2020-02-01 17:22:54');
INSERT INTO `sys_logininfor` VALUES ('141', 'admin', '127.0.0.1', '内网IP', 'Chrome', 'Windows 10', '0', '登录成功', '2020-02-01 17:36:02');
INSERT INTO `sys_logininfor` VALUES ('142', 'admin', '127.0.0.1', '内网IP', 'Chrome', 'Windows 10', '0', '登录成功', '2020-02-01 18:04:44');
INSERT INTO `sys_logininfor` VALUES ('143', 'admin', '127.0.0.1', '内网IP', 'Chrome', 'Windows 10', '0', '登录成功', '2020-02-01 20:13:09');
INSERT INTO `sys_logininfor` VALUES ('144', 'admin', '127.0.0.1', '内网IP', 'Chrome', 'Windows 10', '0', '退出成功', '2020-02-01 20:16:13');
INSERT INTO `sys_logininfor` VALUES ('145', 'admin', '127.0.0.1', '内网IP', 'Chrome', 'Windows 10', '0', '登录成功', '2020-02-02 14:58:53');
INSERT INTO `sys_logininfor` VALUES ('146', 'admin', '127.0.0.1', '内网IP', 'Chrome', 'Windows 10', '1', '验证码错误', '2020-02-02 15:18:46');
INSERT INTO `sys_logininfor` VALUES ('147', 'admin', '127.0.0.1', '内网IP', 'Chrome', 'Windows 10', '0', '登录成功', '2020-02-02 15:18:53');
INSERT INTO `sys_logininfor` VALUES ('148', 'admin', '127.0.0.1', '内网IP', 'Chrome', 'Windows 10', '1', '验证码错误', '2020-02-03 15:27:29');
INSERT INTO `sys_logininfor` VALUES ('149', 'admin', '127.0.0.1', '内网IP', 'Chrome', 'Windows 10', '0', '登录成功', '2020-02-03 15:27:37');
INSERT INTO `sys_logininfor` VALUES ('150', 'admin', '127.0.0.1', '内网IP', 'Chrome', 'Windows 10', '1', '验证码错误', '2020-02-03 17:11:28');
INSERT INTO `sys_logininfor` VALUES ('151', 'admin', '127.0.0.1', '内网IP', 'Chrome', 'Windows 10', '0', '登录成功', '2020-02-03 17:11:38');
INSERT INTO `sys_logininfor` VALUES ('152', 'admin', '127.0.0.1', '内网IP', 'Chrome', 'Windows 10', '0', '退出成功', '2020-02-04 13:15:09');
INSERT INTO `sys_logininfor` VALUES ('153', 'admin', '127.0.0.1', '内网IP', 'Chrome', 'Windows 10', '0', '登录成功', '2020-02-04 13:15:24');
INSERT INTO `sys_logininfor` VALUES ('154', 'admin', '127.0.0.1', '内网IP', 'Chrome', 'Windows 10', '0', '登录成功', '2020-02-04 14:18:57');
INSERT INTO `sys_logininfor` VALUES ('155', 'admin', '127.0.0.1', '内网IP', 'Chrome', 'Windows 10', '0', '登录成功', '2020-02-04 15:10:53');
INSERT INTO `sys_logininfor` VALUES ('156', 'admin', '127.0.0.1', '内网IP', 'Chrome', 'Windows 10', '1', '验证码错误', '2020-02-04 15:34:02');
INSERT INTO `sys_logininfor` VALUES ('157', 'admin', '127.0.0.1', '内网IP', 'Chrome', 'Windows 10', '0', '登录成功', '2020-02-04 15:34:09');
INSERT INTO `sys_logininfor` VALUES ('158', 'admin', '127.0.0.1', '内网IP', 'Chrome', 'Windows 10', '0', '登录成功', '2020-02-04 15:47:46');
INSERT INTO `sys_logininfor` VALUES ('159', 'admin', '127.0.0.1', '内网IP', 'Chrome', 'Windows 10', '0', '登录成功', '2020-02-04 18:24:05');
INSERT INTO `sys_logininfor` VALUES ('160', 'admin', '127.0.0.1', '内网IP', 'Chrome', 'Windows 10', '1', '验证码错误', '2020-02-04 18:39:05');
INSERT INTO `sys_logininfor` VALUES ('161', 'admin', '127.0.0.1', '内网IP', 'Chrome', 'Windows 10', '0', '登录成功', '2020-02-04 18:39:10');
INSERT INTO `sys_logininfor` VALUES ('162', 'admin', '127.0.0.1', '内网IP', 'Chrome', 'Windows 10', '0', '退出成功', '2020-02-04 20:18:23');
INSERT INTO `sys_logininfor` VALUES ('163', 'admin', '127.0.0.1', '内网IP', 'Chrome', 'Windows 10', '0', '登录成功', '2020-02-04 20:18:37');
INSERT INTO `sys_logininfor` VALUES ('164', 'admin', '127.0.0.1', '内网IP', 'Chrome', 'Windows 10', '0', '登录成功', '2020-02-04 21:03:36');
INSERT INTO `sys_logininfor` VALUES ('165', 'admin', '127.0.0.1', '内网IP', 'Chrome', 'Windows 10', '1', '验证码错误', '2020-03-07 16:32:20');
INSERT INTO `sys_logininfor` VALUES ('166', 'admin', '127.0.0.1', '内网IP', 'Chrome', 'Windows 10', '0', '登录成功', '2020-03-07 16:32:23');
INSERT INTO `sys_logininfor` VALUES ('167', 'admin', '127.0.0.1', '内网IP', 'Chrome', 'Windows 10', '0', '登录成功', '2020-03-08 10:12:40');
INSERT INTO `sys_logininfor` VALUES ('168', 'admin', '127.0.0.1', '内网IP', 'Chrome', 'Windows 10', '0', '登录成功', '2020-03-16 21:22:52');

-- ----------------------------
-- Table structure for sys_menu
-- ----------------------------
DROP TABLE IF EXISTS `sys_menu`;
CREATE TABLE `sys_menu` (
  `menu_id` int(11) NOT NULL AUTO_INCREMENT COMMENT '菜单ID',
  `menu_name` varchar(50) CHARACTER SET utf8 COLLATE utf8_general_ci NOT NULL COMMENT '菜单名称',
  `parent_id` int(11) DEFAULT '0' COMMENT '父菜单ID',
  `order_num` int(4) DEFAULT '0' COMMENT '显示顺序',
  `url` varchar(200) CHARACTER SET utf8 COLLATE utf8_general_ci DEFAULT '#' COMMENT '请求地址',
  `target` varchar(20) CHARACTER SET utf8 COLLATE utf8_general_ci DEFAULT '' COMMENT '打开方式（menuItem页签 menuBlank新窗口）',
  `menu_type` char(1) CHARACTER SET utf8 COLLATE utf8_general_ci DEFAULT '' COMMENT '菜单类型（M目录 C菜单 F按钮）',
  `visible` char(1) CHARACTER SET utf8 COLLATE utf8_general_ci DEFAULT '0' COMMENT '菜单状态（0显示 1隐藏）',
  `perms` varchar(100) CHARACTER SET utf8 COLLATE utf8_general_ci DEFAULT '' COMMENT '权限标识',
  `icon` varchar(100) CHARACTER SET utf8 COLLATE utf8_general_ci DEFAULT '#' COMMENT '菜单图标',
  `create_by` varchar(64) CHARACTER SET utf8 COLLATE utf8_general_ci DEFAULT '' COMMENT '创建者',
  `create_time` datetime DEFAULT NULL COMMENT '创建时间',
  `update_by` varchar(64) CHARACTER SET utf8 COLLATE utf8_general_ci DEFAULT '' COMMENT '更新者',
  `update_time` datetime DEFAULT NULL COMMENT '更新时间',
  `remark` varchar(500) CHARACTER SET utf8 COLLATE utf8_general_ci DEFAULT '' COMMENT '备注',
  PRIMARY KEY (`menu_id`) USING BTREE
) ENGINE=InnoDB AUTO_INCREMENT=1401050208 DEFAULT CHARSET=utf8 ROW_FORMAT=COMPACT COMMENT='菜单权限表';

-- ----------------------------
-- Records of sys_menu
-- ----------------------------
INSERT INTO `sys_menu` VALUES ('11', '控制台', '0', '1', '#', 'menuItem', 'M', '0', '', 'fa fa-bank', 'itbo', '2019-12-23 10:54:15', 'admin', '2020-02-03 18:13:14', '控制台管理目录');
INSERT INTO `sys_menu` VALUES ('12', '数据管理', '0', '2', '#', 'menuItem', 'M', '0', '', 'fa fa-video-camera', 'itbo', '2019-12-23 10:54:16', 'itbo', '2019-12-23 10:54:16', '数据管理目录');
INSERT INTO `sys_menu` VALUES ('13', '村务管理', '0', '3', '#', 'menuItem', 'M', '0', '', 'fa fa-address-book', 'itbo', '2019-12-23 10:54:18', 'itbo', '2019-12-23 10:54:18', '村务管理目录');
INSERT INTO `sys_menu` VALUES ('14', '融媒体', '0', '4', '#', 'menuItem', 'M', '0', '', 'fa fa-bullhorn', 'itbo', '2019-12-23 10:54:33', 'itbo', '2019-12-23 10:54:33', '融媒体管理目录');
INSERT INTO `sys_menu` VALUES ('15', '物联网', '0', '5', '#', 'menuItem', 'M', '0', '', 'fa fa-male', 'itbo', '2019-12-23 10:54:46', 'itbo', '2019-12-23 10:54:46', '物联网管理目录');
INSERT INTO `sys_menu` VALUES ('16', '系统监控', '0', '6', '#', 'menuItem', 'M', '0', '', 'fa fa-microchip', 'itbo', '2019-12-23 10:54:55', 'itbo', '2019-12-23 10:54:55', '系统监控管理目录');
INSERT INTO `sys_menu` VALUES ('17', '系统管理', '0', '7', '#', 'menuItem', 'M', '0', '', 'fa fa-bullhorn', 'itbo', '2019-12-23 10:54:57', 'itbo', '2019-12-23 10:54:57', '系统工具管理目录');
INSERT INTO `sys_menu` VALUES ('18', '系统工具', '0', '8', '#', 'menuItem', 'M', '0', '', 'fa fa-male', 'itbo', '2019-12-23 10:55:01', 'itbo', '2019-12-23 10:55:01', '系统工具管理目录');
INSERT INTO `sys_menu` VALUES ('1101', '核心数据', '11', '1', '/system/main', 'menuItem', 'C', '0', 'system:main:view', 'fa fa-address-book', 'itbo', '2019-12-23 10:54:15', 'itbo', '2019-12-23 10:54:15', '核心数据展示菜单');
INSERT INTO `sys_menu` VALUES ('1102', '物联网数据', '11', '2', '#', 'menuItem', 'M', '0', '', 'fa fa-video-camera', 'itbo', '2019-12-23 10:54:15', 'itbo', '2019-12-23 10:54:15', '物联网数据展示目录');
INSERT INTO `sys_menu` VALUES ('1103', '广播数据', '11', '3', '/broad/pannel', 'menuItem', 'C', '0', 'broad:pannel:view', 'fa fa-address-book', 'itbo', '2019-12-23 10:54:16', 'itbo', '2019-12-23 10:54:16', '广播数据展示菜单');
INSERT INTO `sys_menu` VALUES ('1104', '村务数据', '11', '4', '/village/pannel', 'menuItem', 'C', '0', 'village:pannel:view', 'fa fa-bullhorn', 'itbo', '2019-12-23 10:54:16', 'itbo', '2019-12-23 10:54:16', '村务数据展示菜单');
INSERT INTO `sys_menu` VALUES ('1105', '摄相头数据', '11', '5', '/broad/camera', 'menuItem', 'C', '0', 'broad:camera:view', 'fa fa-bullhorn', 'itbo', '2019-12-23 10:54:16', 'itbo', '2019-12-23 10:54:16', '摄相头数据展示菜单');
INSERT INTO `sys_menu` VALUES ('1201', '数据接口', '12', '1', '#', 'menuItem', 'M', '0', '', 'fa fa-video-camera', 'itbo', '2019-12-23 10:54:16', 'itbo', '2019-12-23 10:54:16', '接口管理目录');
INSERT INTO `sys_menu` VALUES ('1202', '用户管理', '12', '2', '/system/user', 'menuItem', 'C', '0', 'system:user:view', 'fa fa-address-book', 'itbo', '2019-12-23 10:54:17', 'itbo', '2019-12-23 10:54:17', '用户管理展示菜单');
INSERT INTO `sys_menu` VALUES ('1203', '角色管理', '12', '3', '/system/role', 'menuItem', 'C', '0', 'system:role:view', 'fa fa-address-book', 'itbo', '2019-12-23 10:54:17', 'itbo', '2019-12-23 10:54:17', '角色管理展示菜单');
INSERT INTO `sys_menu` VALUES ('1204', '菜单管理', '12', '4', '/system/menu', 'menuItem', 'C', '0', 'system:menu:view', 'fa fa-address-book', 'itbo', '2019-12-23 10:54:18', 'itbo', '2019-12-23 10:54:18', '菜单管理展示菜单');
INSERT INTO `sys_menu` VALUES ('1205', '授权号码管理', '12', '5', '/system/phonemanage', 'menuItem', 'C', '0', 'system:phone:view', 'fa fa-address-book', 'itbo', '2020-02-03 17:50:11', 'itbo', '2020-02-03 17:50:11', '授权号码管理展示菜单');
INSERT INTO `sys_menu` VALUES ('1206', '特殊人员管理', '12', '6', '/system/sperson', 'menuItem', 'C', '0', 'system:sperson:view', 'fa fa-address-book', 'itbo', '2020-02-03 18:08:04', 'itbo', '2020-02-03 18:08:04', '授权号码管理展示菜单');
INSERT INTO `sys_menu` VALUES ('1301', '我的工作', '13', '1', '#', 'menuItem', 'M', '0', '', 'fa fa-video-camera', 'itbo', '2019-12-23 10:54:18', 'itbo', '2019-12-23 10:54:18', '我的工作管理目录');
INSERT INTO `sys_menu` VALUES ('1302', '数据管理', '13', '2', '#', 'menuItem', 'M', '0', '', 'fa fa-video-camera', 'itbo', '2019-12-23 10:54:21', 'itbo', '2019-12-23 10:54:21', '数据管理目录');
INSERT INTO `sys_menu` VALUES ('1303', '舆情管理', '13', '3', '#', 'menuItem', 'M', '0', '', 'fa fa-video-camera', 'itbo', '2019-12-23 10:54:22', 'itbo', '2019-12-23 10:54:22', '舆情管理目录');
INSERT INTO `sys_menu` VALUES ('1304', '项目管理', '13', '4', '#', 'menuItem', 'M', '0', '', 'fa fa-video-camera', 'itbo', '2019-12-23 10:54:23', 'itbo', '2019-12-23 10:54:23', '项目管理目录');
INSERT INTO `sys_menu` VALUES ('1305', '链接管理', '13', '5', '#', 'menuItem', 'M', '0', '', 'fa fa-video-camera', 'itbo', '2019-12-23 10:54:23', 'itbo', '2019-12-23 10:54:23', '链接管理目录');
INSERT INTO `sys_menu` VALUES ('1306', '界面管理', '13', '6', '#', 'menuItem', 'M', '0', '', 'fa fa-video-camera', 'itbo', '2019-12-23 10:54:24', 'itbo', '2019-12-23 10:54:24', '界面管理目录');
INSERT INTO `sys_menu` VALUES ('1307', '美丽乡村', '13', '7', '#', 'menuItem', 'M', '0', '', 'fa fa-video-camera', 'itbo', '2019-12-23 10:54:24', 'itbo', '2019-12-23 10:54:24', '美丽乡村目录');
INSERT INTO `sys_menu` VALUES ('1308', '党建管理', '13', '8', '#', 'menuItem', 'M', '0', '', 'fa fa-video-camera', 'itbo', '2019-12-23 10:54:28', 'itbo', '2019-12-23 10:54:28', '党建管理目录');
INSERT INTO `sys_menu` VALUES ('1309', '村务宝典', '13', '9', '#', 'menuItem', 'M', '0', '', 'fa fa-video-camera', 'itbo', '2019-12-23 10:54:30', 'itbo', '2019-12-23 10:54:30', '村务宝典管理目录');
INSERT INTO `sys_menu` VALUES ('1401', '应急广播', '14', '1', '#', 'menuItem', 'M', '0', '', 'fa fa-bullhorn', 'itbo', '2019-12-23 10:54:34', 'itbo', '2019-12-23 10:54:34', '应急广播管理目录');
INSERT INTO `sys_menu` VALUES ('1402', 'LED信息发布', '14', '2', '#', 'menuItem', 'M', '0', '', 'fa fa-bullhorn', 'itbo', '2019-12-23 10:54:44', 'itbo', '2019-12-23 10:54:44', 'LED信息发布管理目录');
INSERT INTO `sys_menu` VALUES ('1403', '短信微信推送', '14', '3', '#', 'menuItem', 'M', '0', '', 'fa fa-bullhorn', 'itbo', '2019-12-23 10:54:44', 'itbo', '2019-12-23 10:54:44', '短信微信推送管理目录');
INSERT INTO `sys_menu` VALUES ('1404', '联合推送', '14', '4', '#', 'menuItem', 'M', '0', '', 'fa fa-bullhorn', 'itbo', '2019-12-23 10:54:45', 'itbo', '2019-12-23 10:54:45', '联合推送管理目录');
INSERT INTO `sys_menu` VALUES ('1405', '人群定向推送', '14', '5', '#', 'menuItem', 'M', '0', '', 'fa fa-bullhorn', 'itbo', '2019-12-23 10:54:46', 'itbo', '2019-12-23 10:54:46', '人群定向推送管理目录');
INSERT INTO `sys_menu` VALUES ('1501', '终端管理', '15', '1', '#', 'menuItem', 'M', '0', '', 'fa fa-male', 'itbo', '2019-12-23 10:54:46', 'itbo', '2019-12-23 10:54:46', '物联网终端管理目录');
INSERT INTO `sys_menu` VALUES ('1601', '在线用户', '16', '1', '/monitor/online', 'menuItem', 'C', '0', 'monitor:online:view', 'fa fa-address-book', 'itbo', '2019-12-23 10:54:55', 'itbo', '2019-12-23 10:54:55', '在线用户管理展示菜单');
INSERT INTO `sys_menu` VALUES ('1602', '定时任务', '16', '2', '/monitor/job', 'menuItem', 'C', '0', 'monitor:job:view', 'fa fa-address-book', 'itbo', '2019-12-23 10:54:55', 'itbo', '2019-12-23 10:54:55', '定时任务管理展示菜单');
INSERT INTO `sys_menu` VALUES ('1603', '数据监控', '16', '3', '/monitor/data', 'menuItem', 'C', '0', 'monitor:data:view', 'fa fa-address-book', 'itbo', '2019-12-23 10:54:56', 'itbo', '2019-12-23 10:54:56', '数据监控管理展示菜单');
INSERT INTO `sys_menu` VALUES ('1604', '服务监控', '16', '4', '/monitor/server', 'menuItem', 'C', '0', 'monitor:server:view', 'fa fa-address-book', 'itbo', '2019-12-23 10:54:56', 'itbo', '2019-12-23 10:54:56', '服务监控管理展示菜单');
INSERT INTO `sys_menu` VALUES ('1701', '区域管理', '17', '1', '/system/dept', 'menuItem', 'C', '0', 'system:dept:view', 'fa fa-address-book', 'itbo', '2019-12-23 10:54:57', 'itbo', '2019-12-23 10:54:57', '部门管理展示菜单');
INSERT INTO `sys_menu` VALUES ('1702', '岗位管理', '17', '2', '/system/post', 'menuItem', 'C', '0', 'system:post:view', 'fa fa-address-book', 'itbo', '2019-12-23 10:54:57', 'itbo', '2019-12-23 10:54:57', '岗位管理展示菜单');
INSERT INTO `sys_menu` VALUES ('1703', '字典管理', '17', '3', '/system/dict', 'menuItem', 'C', '0', 'system:dict:view', 'fa fa-address-book', 'itbo', '2019-12-23 10:54:58', 'itbo', '2019-12-23 10:54:58', '字典管理展示菜单');
INSERT INTO `sys_menu` VALUES ('1704', '参数设置', '17', '4', '/system/config', 'menuItem', 'C', '0', 'system:config:view', 'fa fa-address-book', 'itbo', '2019-12-23 10:54:59', 'itbo', '2019-12-23 10:54:59', '参数设置展示菜单');
INSERT INTO `sys_menu` VALUES ('1705', '通知公告', '17', '5', '/system/notice', 'menuItem', 'C', '0', 'system:notice:view', 'fa fa-address-book', 'itbo', '2019-12-23 10:55:00', 'itbo', '2019-12-23 10:55:00', '通知公告展示菜单');
INSERT INTO `sys_menu` VALUES ('1706', '日志管理', '17', '6', '#', 'menuItem', 'M', '0', '', 'fa fa-bullhorn', 'itbo', '2019-12-23 10:55:00', 'itbo', '2019-12-23 10:55:00', '日志管理目录');
INSERT INTO `sys_menu` VALUES ('1801', '表单构建', '18', '1', '/tool/build', 'menuItem', 'C', '0', 'tool:build:view', 'fa fa-address-book', 'itbo', '2019-12-23 10:55:01', 'itbo', '2019-12-23 10:55:01', '表单构建展示菜单');
INSERT INTO `sys_menu` VALUES ('1802', '代码生成', '18', '2', '/tool/gen', 'menuItem', 'C', '0', 'tool:gen:view', 'fa fa-address-book', 'itbo', '2019-12-23 10:55:01', 'itbo', '2019-12-23 10:55:01', '代码生成展示菜单');
INSERT INTO `sys_menu` VALUES ('110201', '安防数据', '1102', '1', '/iot/secpannel', 'menuItem', 'C', '0', 'iot:secpannel:view', 'fa fa-address-book', 'itbo', '2019-12-23 10:54:15', 'itbo', '2019-12-23 10:54:15', '安防数据展示菜单');
INSERT INTO `sys_menu` VALUES ('110202', '环境数据', '1102', '2', '/iot/milpannel', 'menuItem', 'C', '0', 'iot:milpannel:view', 'fa fa-address-book', 'itbo', '2019-12-23 10:54:15', 'itbo', '2019-12-23 10:54:15', '环境数据展示菜单');
INSERT INTO `sys_menu` VALUES ('110203', '能源数据', '1102', '3', '/iot/engpannel', 'menuItem', 'C', '0', 'iot:engpannel:view', 'fa fa-address-book', 'itbo', '2019-12-23 10:54:15', 'itbo', '2019-12-23 10:54:15', '能源数据展示菜单');
INSERT INTO `sys_menu` VALUES ('110204', '土壤数据', '1102', '4', '/iot/soilpannel', 'menuItem', 'C', '0', 'iot:soilpannel:view', 'fa fa-address-book', 'itbo', '2019-12-23 10:54:15', 'itbo', '2019-12-23 10:54:15', '土壤数据展示菜单');
INSERT INTO `sys_menu` VALUES ('110205', '水质数据', '1102', '5', '/iot/waterpannel', 'menuItem', 'C', '0', 'iot:waterpannel:view', 'fa fa-address-book', 'itbo', '2019-12-23 10:54:15', 'itbo', '2019-12-23 10:54:15', '水质数据展示菜单');
INSERT INTO `sys_menu` VALUES ('110206', '气象数据', '1102', '6', '/iot/metpannel', 'menuItem', 'C', '0', 'iot:metpannel:view', 'fa fa-address-book', 'itbo', '2019-12-23 10:54:16', 'itbo', '2019-12-23 10:54:16', '气象数据展示菜单');
INSERT INTO `sys_menu` VALUES ('120101', '移动设备', '1201', '1', '/tool/swagger', 'menuItem', 'C', '0', 'tool:swagger:view', 'fa fa-address-book', 'itbo', '2019-12-23 10:54:16', 'itbo', '2019-12-23 10:54:16', '移动设备接口展示菜单');
INSERT INTO `sys_menu` VALUES ('120102', '流媒体直播', '1201', '2', '/system/media', 'menuItem', 'C', '0', 'system:media:view', 'fa fa-address-book', 'itbo', '2019-12-23 10:54:16', 'itbo', '2019-12-23 10:54:16', '流媒体直播接口展示菜单');
INSERT INTO `sys_menu` VALUES ('120103', '短信直播', '1201', '3', '/system/smslive', 'menuItem', 'C', '0', 'system:smslive:view', 'fa fa-address-book', 'itbo', '2019-12-23 10:54:17', 'itbo', '2019-12-23 10:54:17', '短信直播接口展示菜单');
INSERT INTO `sys_menu` VALUES ('120201', '用户查询', '1202', '1', '#', 'menuItem', 'F', '0', 'system:user:list', '#', 'itbo', '2019-12-23 10:54:17', 'itbo', '2019-12-23 10:54:17', '用户查询按钮');
INSERT INTO `sys_menu` VALUES ('120202', '用户新增', '1202', '2', '#', 'menuItem', 'F', '0', 'system:user:add', '#', 'itbo', '2019-12-23 10:54:17', 'itbo', '2019-12-23 10:54:17', '用户新增按钮');
INSERT INTO `sys_menu` VALUES ('120203', '用户修改', '1202', '3', '#', 'menuItem', 'F', '0', 'system:user:edit', '#', 'itbo', '2019-12-23 10:54:17', 'itbo', '2019-12-23 10:54:17', '用户修改按钮');
INSERT INTO `sys_menu` VALUES ('120204', '用户删除', '1202', '4', '#', 'menuItem', 'F', '0', 'system:user:remove', '#', 'itbo', '2019-12-23 10:54:17', 'itbo', '2019-12-23 10:54:17', '用户删除按钮');
INSERT INTO `sys_menu` VALUES ('120205', '用户导出', '1202', '5', '#', 'menuItem', 'F', '0', 'system:user:export', '#', 'itbo', '2019-12-23 10:54:17', 'itbo', '2019-12-23 10:54:17', '用户导出按钮');
INSERT INTO `sys_menu` VALUES ('120206', '重置密码', '1202', '6', '#', 'menuItem', 'F', '0', 'system:user:resetPwd', '#', 'itbo', '2019-12-23 10:54:17', 'itbo', '2019-12-23 10:54:17', '重置密码按钮');
INSERT INTO `sys_menu` VALUES ('120301', '角色查询', '1203', '1', '#', 'menuItem', 'F', '0', 'system:role:list', '#', 'itbo', '2019-12-23 10:54:17', 'itbo', '2019-12-23 10:54:17', '角色查询按钮');
INSERT INTO `sys_menu` VALUES ('120302', '角色新增', '1203', '2', '#', 'menuItem', 'F', '0', 'system:role:add', '#', 'itbo', '2019-12-23 10:54:17', 'itbo', '2019-12-23 10:54:17', '角色新增按钮');
INSERT INTO `sys_menu` VALUES ('120303', '角色修改', '1203', '3', '#', 'menuItem', 'F', '0', 'system:role:edit', '#', 'itbo', '2019-12-23 10:54:18', 'itbo', '2019-12-23 10:54:18', '角色修改按钮');
INSERT INTO `sys_menu` VALUES ('120304', '角色删除', '1203', '4', '#', 'menuItem', 'F', '0', 'system:role:remove', '#', 'itbo', '2019-12-23 10:54:18', 'itbo', '2019-12-23 10:54:18', '角色删除按钮');
INSERT INTO `sys_menu` VALUES ('120305', '角色导出', '1203', '5', '#', 'menuItem', 'F', '0', 'system:role:export', '#', 'itbo', '2019-12-23 10:54:18', 'itbo', '2019-12-23 10:54:18', '角色导出按钮');
INSERT INTO `sys_menu` VALUES ('120306', '角色导入', '1203', '6', '#', 'menuItem', 'F', '0', 'system:role:import', '#', 'itbo', '2020-02-04 15:26:17', 'itbo', '2020-02-04 15:26:17', '角色导入按钮');
INSERT INTO `sys_menu` VALUES ('120401', '菜单查询', '1204', '1', '#', 'menuItem', 'F', '0', 'system:menu:list', '#', 'itbo', '2019-12-23 10:54:18', 'itbo', '2019-12-23 10:54:18', '菜单查询按钮');
INSERT INTO `sys_menu` VALUES ('120402', '菜单新增', '1204', '2', '#', 'menuItem', 'F', '0', 'system:menu:add', '#', 'itbo', '2019-12-23 10:54:18', 'itbo', '2019-12-23 10:54:18', '菜单新增按钮');
INSERT INTO `sys_menu` VALUES ('120403', '菜单修改', '1204', '3', '#', 'menuItem', 'F', '0', 'system:menu:edit', '#', 'itbo', '2019-12-23 10:54:18', 'itbo', '2019-12-23 10:54:18', '菜单修改按钮');
INSERT INTO `sys_menu` VALUES ('120404', '菜单删除', '1204', '4', '#', 'menuItem', 'F', '0', 'system:menu:remove', '#', 'itbo', '2019-12-23 10:54:18', 'itbo', '2019-12-23 10:54:18', '菜单删除按钮');
INSERT INTO `sys_menu` VALUES ('120501', '号码查询', '1205', '1', '#', 'menuItem', 'F', '0', 'system:phone:list', '#', 'itbo', '2020-02-03 17:50:11', 'itbo', '2020-02-03 17:50:11', '授权号码查询按钮');
INSERT INTO `sys_menu` VALUES ('120502', '号码新增', '1205', '2', '#', 'menuItem', 'F', '0', 'system:phone:add', '#', 'itbo', '2020-02-03 17:50:11', 'itbo', '2020-02-03 17:50:11', '授权号码新增按钮');
INSERT INTO `sys_menu` VALUES ('120503', '号码修改', '1205', '3', '#', 'menuItem', 'F', '0', 'system:phone:edit', '#', 'itbo', '2020-02-03 17:50:11', 'itbo', '2020-02-03 17:50:11', '授权号码修改按钮');
INSERT INTO `sys_menu` VALUES ('120504', '号码删除', '1205', '4', '#', 'menuItem', 'F', '0', 'system:phone:remove', '#', 'itbo', '2020-02-03 17:50:11', 'itbo', '2020-02-03 17:50:11', '授权号码删除按钮');
INSERT INTO `sys_menu` VALUES ('120505', '号码导入', '1205', '5', '#', 'menuItem', 'F', '0', 'system:phone:import', '#', 'itbo', '2020-02-03 17:50:11', 'itbo', '2020-02-03 17:50:11', '授权号码导入按钮');
INSERT INTO `sys_menu` VALUES ('120506', '号码导出', '1205', '6', '#', 'menuItem', 'F', '0', 'system:phone:export', '#', 'itbo', '2020-02-03 17:50:11', 'itbo', '2020-02-03 17:50:11', '授权号码导出按钮');
INSERT INTO `sys_menu` VALUES ('120601', '人员查询', '1206', '1', '#', 'menuItem', 'F', '0', 'system:sperson:list', '#', 'itbo', '2020-02-03 18:08:04', 'itbo', '2020-02-03 18:08:04', '特殊人员查询按钮');
INSERT INTO `sys_menu` VALUES ('120602', '人员新增', '1206', '2', '#', 'menuItem', 'F', '0', 'system:sperson:add', '#', 'itbo', '2020-02-03 18:08:04', 'itbo', '2020-02-03 18:08:04', '特殊人员新增按钮');
INSERT INTO `sys_menu` VALUES ('120603', '人员修改', '1206', '3', '#', 'menuItem', 'F', '0', 'system:sperson:edit', '#', 'itbo', '2020-02-03 18:08:04', 'itbo', '2020-02-03 18:08:04', '特殊人员修改按钮');
INSERT INTO `sys_menu` VALUES ('120604', '人员删除', '1206', '4', '#', 'menuItem', 'F', '0', 'systemsperson:remove', '#', 'itbo', '2020-02-03 18:08:04', 'itbo', '2020-02-03 18:08:04', '特殊人员删除按钮');
INSERT INTO `sys_menu` VALUES ('120605', '人员导入', '1206', '5', '#', 'menuItem', 'F', '0', 'system:sperson:import', '#', 'itbo', '2020-02-03 18:08:04', 'itbo', '2020-02-03 18:08:04', '特殊人员导入按钮');
INSERT INTO `sys_menu` VALUES ('120606', '人员导出', '1206', '6', '#', 'menuItem', 'F', '0', 'system:sperson:export', '#', 'itbo', '2020-02-03 18:08:04', 'itbo', '2020-02-03 18:08:04', '特殊人员导出按钮');
INSERT INTO `sys_menu` VALUES ('130101', '工作记录', '1301', '1', '/village/worklog', 'menuItem', 'C', '0', 'village:worklog:view', 'fa fa-address-book', 'itbo', '2019-12-23 10:54:18', 'itbo', '2019-12-23 10:54:18', '工作记录展示菜单');
INSERT INTO `sys_menu` VALUES ('130102', '备忘录', '1301', '2', '/village/memorial', 'menuItem', 'C', '0', 'village:memorial:view', 'fa fa-address-book', 'itbo', '2019-12-23 10:54:19', 'itbo', '2019-12-23 10:54:19', '备忘录展示菜单');
INSERT INTO `sys_menu` VALUES ('130103', '村情资讯', '1301', '3', '/village/meeting', 'menuItem', 'C', '0', 'village:meeting:view', 'fa fa-address-book', 'itbo', '2019-12-23 10:54:19', 'itbo', '2019-12-23 10:54:19', '村情资讯展示菜单');
INSERT INTO `sys_menu` VALUES ('130104', '我的建议', '1301', '4', '/village/suggest', 'menuItem', 'C', '0', 'village:suggest:view', 'fa fa-address-book', 'itbo', '2019-12-23 10:54:20', 'itbo', '2019-12-23 10:54:20', '我的建议展示菜单');
INSERT INTO `sys_menu` VALUES ('130105', '我的文件夹', '1301', '5', '/village/fileinfo', 'menuItem', 'C', '0', 'village:fileinfo:view', 'fa fa-address-book', 'itbo', '2019-12-23 10:54:20', 'itbo', '2019-12-23 10:54:20', '我的文件夹展示菜单');
INSERT INTO `sys_menu` VALUES ('130201', '村民信息', '1302', '1', '/village/villagerInfo', 'menuItem', 'C', '0', 'village:villagerInfo:view', 'fa fa-address-book', 'itbo', '2019-12-23 10:54:21', 'itbo', '2019-12-23 10:54:21', '村民信息展示菜单');
INSERT INTO `sys_menu` VALUES ('130202', '企业信息', '1302', '2', '/village/company', 'menuItem', 'C', '0', 'village:company:view', 'fa fa-address-book', 'itbo', '2019-12-23 10:54:21', 'itbo', '2019-12-23 10:54:21', '企业信息展示菜单');
INSERT INTO `sys_menu` VALUES ('130203', '村务信息', '1302', '3', '/village/tbStaff', 'menuItem', 'C', '0', 'village:tbStaff:view', 'fa fa-address-book', 'itbo', '2019-12-23 10:54:22', 'itbo', '2019-12-23 10:54:22', '村务信息展示菜单');
INSERT INTO `sys_menu` VALUES ('130204', '数据分析', '1302', '4', '/village/analysis', 'menuItem', 'C', '0', 'village:analysis:view', 'fa fa-address-book', 'itbo', '2019-12-23 10:54:22', 'itbo', '2019-12-23 10:54:22', '数据分析展示菜单');
INSERT INTO `sys_menu` VALUES ('130301', '舆情信息', '1303', '1', '/village/yuqing', 'menuItem', 'C', '0', 'village:yuqing:view', 'fa fa-address-book', 'itbo', '2019-12-23 10:54:22', 'itbo', '2019-12-23 10:54:22', '舆情信息展示菜单');
INSERT INTO `sys_menu` VALUES ('130401', '项目信息', '1304', '1', '/village/project', 'menuItem', 'C', '0', 'village:project:view', 'fa fa-address-book', 'itbo', '2019-12-23 10:54:23', 'itbo', '2019-12-23 10:54:23', '项目信息展示菜单');
INSERT INTO `sys_menu` VALUES ('130501', '链接信息', '1305', '1', '/village/link', 'menuItem', 'C', '0', 'village:link:view', 'fa fa-address-book', 'itbo', '2019-12-23 10:54:23', 'itbo', '2019-12-23 10:54:23', '链接信息展示菜单');
INSERT INTO `sys_menu` VALUES ('130601', '参数设置', '1306', '1', '/village/statistics', 'menuItem', 'C', '0', 'village:statistics:view', 'fa fa-address-book', 'itbo', '2019-12-23 10:54:24', 'itbo', '2019-12-23 10:54:24', '参数统计展示菜单');
INSERT INTO `sys_menu` VALUES ('130602', '报警信息提示', '1306', '2', '/village/message', 'menuItem', 'C', '0', 'village:message:view', 'fa fa-address-book', 'itbo', '2019-12-23 10:54:24', 'itbo', '2019-12-23 10:54:24', '报警信息提示展示菜单');
INSERT INTO `sys_menu` VALUES ('130701', '乡村资讯', '1307', '1', '/village/villageplan/7', 'menuItem', 'C', '0', 'village:villageplan:view7', 'fa fa-address-book', 'itbo', '2019-12-23 10:54:24', 'itbo', '2019-12-23 10:54:24', '乡村资讯展示菜单');
INSERT INTO `sys_menu` VALUES ('130702', '乡村规划', '1307', '2', '/village/villageplan/1', 'menuItem', 'C', '0', 'village:villageplan:view1', 'fa fa-address-book', 'itbo', '2019-12-23 10:54:25', 'itbo', '2019-12-23 10:54:25', '乡村规划展示菜单');
INSERT INTO `sys_menu` VALUES ('130703', '我爱我村', '1307', '3', '/village/villageplan/2', 'menuItem', 'C', '0', 'village:villageplan:view2', 'fa fa-address-book', 'itbo', '2019-12-23 10:54:25', 'itbo', '2019-12-23 10:54:25', '我爱我村展示菜单');
INSERT INTO `sys_menu` VALUES ('130704', '文化活动', '1307', '4', '/village/villageplan/3', 'menuItem', 'C', '0', 'village:villageplan:view3', 'fa fa-address-book', 'itbo', '2019-12-23 10:54:26', 'itbo', '2019-12-23 10:54:26', '文化活动展示菜单');
INSERT INTO `sys_menu` VALUES ('130705', '旅游.休闲.农家乐', '1307', '5', '/village/villageplan/4', 'menuItem', 'C', '0', 'village:villageplan:view4', 'fa fa-address-book', 'itbo', '2019-12-23 10:54:26', 'itbo', '2019-12-23 10:54:26', '旅游.休闲.农家乐展示菜单');
INSERT INTO `sys_menu` VALUES ('130706', '民宿管理', '1307', '6', '/village/villageplan/5', 'menuItem', 'C', '0', 'village:villageplan:view5', 'fa fa-address-book', 'itbo', '2019-12-23 10:54:27', 'itbo', '2019-12-23 10:54:27', '民宿管理展示菜单');
INSERT INTO `sys_menu` VALUES ('130707', '宣传方案', '1307', '7', '/village/villageplan/6', 'menuItem', 'C', '0', 'village:villageplan:view6', 'fa fa-address-book', 'itbo', '2019-12-23 10:54:27', 'itbo', '2019-12-23 10:54:27', '宣传方案展示菜单');
INSERT INTO `sys_menu` VALUES ('130708', '美丽乡村查询', '1307', '1', '#', 'menultem', 'F', '0', 'village:villageplan:list', '#', 'sch', null, '', null, '');
INSERT INTO `sys_menu` VALUES ('130709', '美丽乡村修改', '1307', '2', '#', 'menultem', 'F', '0', 'village:villageplan:edit', '#', 'sch', null, '', null, '');
INSERT INTO `sys_menu` VALUES ('130710', '美丽乡村删除', '1307', '3', '#', 'menultem', 'F', '0', 'village:villageplan:remove', '#', 'sch', null, '', null, '');
INSERT INTO `sys_menu` VALUES ('130711', '美丽乡村导出', '1307', '4', '#', 'menultem', 'F', '0', 'village:villageplan:export', '#', 'sch', null, '', null, '');
INSERT INTO `sys_menu` VALUES ('130801', '党建新闻', '1308', '1', '/village/partynew', 'menuItem', 'C', '0', 'village:partynew:view', 'fa fa-address-book', 'itbo', '2019-12-23 10:54:28', 'itbo', '2019-12-23 10:54:28', '党建新闻展示菜单');
INSERT INTO `sys_menu` VALUES ('130802', '党员学习', '1308', '2', '/village/partystudy', 'menuItem', 'C', '0', 'village:partystudy:view', 'fa fa-address-book', 'itbo', '2019-12-23 10:54:28', 'itbo', '2019-12-23 10:54:28', '党员学习展示菜单');
INSERT INTO `sys_menu` VALUES ('130803', '党员活动', '1308', '3', '/village/tbHuodong', 'menuItem', 'C', '0', 'village:tbHuodong:view', 'fa fa-address-book', 'itbo', '2019-12-23 10:54:29', 'itbo', '2019-12-23 10:54:29', '党员活动展示菜单');
INSERT INTO `sys_menu` VALUES ('130804', '党员信息', '1308', '4', '/village/partymember', 'menuItem', 'C', '0', 'village:partymember:view', 'fa fa-address-book', 'itbo', '2019-12-23 10:54:29', 'itbo', '2019-12-23 10:54:29', '党员信息展示菜单');
INSERT INTO `sys_menu` VALUES ('130805', '扶贫工作', '1308', '5', '/village/partyfupin', 'menuItem', 'C', '0', 'village:partyfupin:view', 'fa fa-address-book', 'itbo', '2019-12-23 10:54:29', 'itbo', '2019-12-23 10:54:29', '扶贫工作展示菜单');
INSERT INTO `sys_menu` VALUES ('130806', '党员值班', '1308', '6', '/village/partywork', 'menuItem', 'C', '0', 'village:partywork:view', 'fa fa-address-book', 'itbo', '2019-12-23 10:54:30', 'itbo', '2019-12-23 10:54:30', '党员值班展示菜单');
INSERT INTO `sys_menu` VALUES ('130901', '资产清查', '1309', '1', '/village/assetAssessment', 'menuItem', 'C', '0', 'village:assetAssessment:view', 'fa fa-address-book', 'itbo', '2019-12-23 10:54:31', 'itbo', '2019-12-23 10:54:31', '资产清查展示菜单');
INSERT INTO `sys_menu` VALUES ('130902', '林地管理', '1309', '2', '/village/forestlandInfo', 'menuItem', 'C', '0', 'village:forestlandInfo:view', 'fa fa-address-book', 'itbo', '2019-12-23 10:54:31', 'itbo', '2019-12-23 10:54:31', '林地管理展示菜单');
INSERT INTO `sys_menu` VALUES ('130903', '房屋管理', '1309', '3', '/village/houseInfo', 'menuItem', 'C', '0', 'village:houseInfo:view', 'fa fa-address-book', 'itbo', '2019-12-23 10:54:31', 'itbo', '2019-12-23 10:54:31', '房屋管理展示菜单');
INSERT INTO `sys_menu` VALUES ('130904', '村户管理', '1309', '4', '/village/houseMemberInfo', 'menuItem', 'C', '0', 'village:houseMemberInfo:view', 'fa fa-address-book', 'itbo', '2019-12-23 10:54:32', 'itbo', '2019-12-23 10:54:32', '村户管理展示菜单');
INSERT INTO `sys_menu` VALUES ('130905', '耕地管理', '1309', '5', '/village/plowlandInfo', 'menuItem', 'C', '0', 'village:plowlandInfo:view', 'fa fa-address-book', 'itbo', '2019-12-23 10:54:32', 'itbo', '2019-12-23 10:54:32', '耕地管理展示菜单');
INSERT INTO `sys_menu` VALUES ('130906', '村组统计', '1309', '6', '/village/villagegroupStatisticsInfo', 'menuItem', 'C', '0', 'village:villagegroupStatisticsInfo:view', 'fa fa-address-book', 'itbo', '2019-12-23 10:54:33', 'itbo', '2019-12-23 10:54:33', '村组统计展示菜单');
INSERT INTO `sys_menu` VALUES ('140101', '终端信息', '1401', '1', '#', 'menuItem', 'M', '0', '', 'fa fa-bullhorn', 'itbo', '2019-12-23 10:54:34', 'itbo', '2019-12-23 10:54:34', '终端信息管理目录');
INSERT INTO `sys_menu` VALUES ('140102', '运行管理', '1401', '2', '#', 'menuItem', 'M', '0', '', 'fa fa-bullhorn', 'itbo', '2019-12-23 10:54:35', 'itbo', '2019-12-23 10:54:35', '运行管理目录');
INSERT INTO `sys_menu` VALUES ('140103', '节目管理', '1401', '3', '#', 'menuItem', 'M', '0', '', 'fa fa-bullhorn', 'itbo', '2019-12-23 10:54:38', 'itbo', '2019-12-23 10:54:38', '节目管理目录');
INSERT INTO `sys_menu` VALUES ('140104', '流媒体直播', '1401', '4', '#', 'menuItem', 'M', '0', '', 'fa fa-bullhorn', 'itbo', '2019-12-23 10:54:41', 'itbo', '2019-12-23 10:54:41', '流媒体直播管理目录');
INSERT INTO `sys_menu` VALUES ('140105', '人员管理', '1401', '5', '#', 'menuItem', 'M', '0', '', 'fa fa-bullhorn', 'itbo', '2019-12-23 10:54:42', 'itbo', '2019-12-23 10:54:42', '人员管理目录');
INSERT INTO `sys_menu` VALUES ('140201', 'LED信息管理', '1402', '1', '/broad/ledshow', 'menuItem', 'C', '0', 'broad:ledshow:view', 'fa fa-address-book', 'itbo', '2019-12-23 10:54:44', 'itbo', '2019-12-23 10:54:44', 'LED信息管理展示菜单');
INSERT INTO `sys_menu` VALUES ('140301', '信息推送管理', '1403', '1', '/broad/chat', 'menuItem', 'C', '0', 'broad:chat:view', 'fa fa-address-book', 'itbo', '2019-12-23 10:54:44', 'itbo', '2019-12-23 10:54:44', '短信微信信息推送管理展示菜单');
INSERT INTO `sys_menu` VALUES ('140401', '信息同步推送', '1404', '1', '/broad/syndpush', 'menuItem', 'C', '0', 'broad:syndpush:view', 'fa fa-address-book', 'itbo', '2019-12-23 10:54:45', 'itbo', '2019-12-23 10:54:45', '信息同步推送管理展示菜单');
INSERT INTO `sys_menu` VALUES ('140501', '信息定向推送', '1405', '1', '/broad/personpush', 'menuItem', 'C', '0', 'broad:personpush:view', 'fa fa-address-book', 'itbo', '2019-12-23 10:54:46', 'itbo', '2019-12-23 10:54:46', '信息定向推送管理展示菜单');
INSERT INTO `sys_menu` VALUES ('150101', 'LED终端', '1501', '1', '/iot/led', 'menuItem', 'C', '0', 'iot:ledinfo:view', 'fa fa-address-book', 'itbo', '2019-12-23 10:54:46', 'itbo', '2019-12-23 10:54:46', 'LED终端管理展示菜单');
INSERT INTO `sys_menu` VALUES ('150102', '广播终端', '1501', '2', '/iot/broad', 'menuItem', 'C', '0', 'iot:broadinfo:view', 'fa fa-address-book', 'itbo', '2019-12-23 10:54:47', 'itbo', '2019-12-23 10:54:47', '广播终端管理展示菜单');
INSERT INTO `sys_menu` VALUES ('150103', '安防终端', '1501', '3', '/iot/save', 'menuItem', 'C', '0', 'iot:saveinfo:view', 'fa fa-address-book', 'itbo', '2019-12-23 10:54:48', 'itbo', '2019-12-23 10:54:48', '安防终端管理展示菜单');
INSERT INTO `sys_menu` VALUES ('150104', '能源管理终端', '1501', '4', '/iot/energy', 'menuItem', 'C', '0', 'iot:energyinfo:view', 'fa fa-address-book', 'itbo', '2019-12-23 10:54:48', 'itbo', '2019-12-23 10:54:48', '能源管理终端展示菜单');
INSERT INTO `sys_menu` VALUES ('150105', '水泵管理', '1501', '5', '/iot/pump', 'menuItem', 'C', '0', 'iot:pumpinfo:view', 'fa fa-address-book', 'itbo', '2019-12-23 10:54:49', 'itbo', '2019-12-23 10:54:49', '水泵终端展示菜单');
INSERT INTO `sys_menu` VALUES ('150106', '路灯管理', '1501', '6', '/iot/light', 'menuItem', 'C', '0', 'iot:lightinfo:view', 'fa fa-address-book', 'itbo', '2019-12-23 10:54:49', 'itbo', '2019-12-23 10:54:49', '路灯管理展示菜单');
INSERT INTO `sys_menu` VALUES ('150107', '沙盘管理', '1501', '7', '/iot/sandbox', 'menuItem', 'C', '0', 'iot:sandinfo:view', 'fa fa-address-book', 'itbo', '2019-12-23 10:54:50', 'itbo', '2019-12-23 10:54:50', '沙盘管理展示菜单');
INSERT INTO `sys_menu` VALUES ('150108', '广告牌管理', '1501', '8', '/iot/board', 'menuItem', 'C', '0', 'iot:boardinfo:view', 'fa fa-address-book', 'itbo', '2019-12-23 10:54:50', 'itbo', '2019-12-23 10:54:50', '广告牌管理展示菜单');
INSERT INTO `sys_menu` VALUES ('150109', '山洪灾害监测', '1501', '9', '/iot/flood', 'menuItem', 'C', '0', 'iot:floodinfo:view', 'fa fa-address-book', 'itbo', '2019-12-23 10:54:51', 'itbo', '2019-12-23 10:54:51', '山洪灾害监测展示菜单');
INSERT INTO `sys_menu` VALUES ('150110', '火灾探头终端', '1501', '10', '/iot/fire', 'menuItem', 'C', '0', 'iot:fireinfo:view', 'fa fa-address-book', 'itbo', '2019-12-23 10:54:52', 'itbo', '2019-12-23 10:54:52', '火灾探头终端展示菜单');
INSERT INTO `sys_menu` VALUES ('150111', '环境监测终端', '1501', '11', '/iot/environl', 'menuItem', 'C', '0', 'iot:environlinfo:view', 'fa fa-address-book', 'itbo', '2019-12-23 10:54:52', 'itbo', '2019-12-23 10:54:52', '环境监测终端展示菜单');
INSERT INTO `sys_menu` VALUES ('150112', '水质监测', '1501', '12', '/iot/water', 'menuItem', 'C', '0', 'iot:waterinfo:view', 'fa fa-address-book', 'itbo', '2019-12-23 10:54:53', 'itbo', '2019-12-23 10:54:53', '水质监测展示菜单');
INSERT INTO `sys_menu` VALUES ('150113', '土壤监测', '1501', '13', '/iot/soil', 'menuItem', 'C', '0', 'iot:soilinfo:view', 'fa fa-address-book', 'itbo', '2019-12-23 10:54:53', 'itbo', '2019-12-23 10:54:53', '土壤监测展示菜单');
INSERT INTO `sys_menu` VALUES ('150114', '排污监测', '1501', '14', '/iot/blowdown', 'menuItem', 'C', '0', 'iot:blowdowninfo:view', 'fa fa-address-book', 'itbo', '2019-12-23 10:54:54', 'itbo', '2019-12-23 10:54:54', '排污监测展示菜单');
INSERT INTO `sys_menu` VALUES ('150115', '气象监测', '1501', '15', '/iot/meteor', 'menuItem', 'C', '0', 'iot:meteorinfo:view', 'fa fa-address-book', 'itbo', '2019-12-23 10:54:54', 'itbo', '2019-12-23 10:54:54', '气象监测展示菜单');
INSERT INTO `sys_menu` VALUES ('150116', '终端数据采集', '1501', '0', '/iot/torrent', 'menultem', 'C', '0', 'iot:torrent:view', 'fa fa-address-book', 'itbo', '2019-12-10 19:34:43', 'itbo', null, '终端数据展示菜单');
INSERT INTO `sys_menu` VALUES ('160101', '在线查询', '1601', '1', '#', 'menuItem', 'F', '0', 'monitor:online:list', '#', 'itbo', '2019-12-23 10:54:55', 'itbo', '2019-12-23 10:54:55', '在线查询按钮');
INSERT INTO `sys_menu` VALUES ('160102', '批量强退', '1601', '2', '#', 'menuItem', 'F', '0', 'monitor:online:batchForceLogout', '#', 'itbo', '2019-12-23 10:54:55', 'itbo', '2019-12-23 10:54:55', '批量强退按钮');
INSERT INTO `sys_menu` VALUES ('160103', '单条强退', '1601', '3', '#', 'menuItem', 'F', '0', 'monitor:online:forceLogout', '#', 'itbo', '2019-12-23 10:54:55', 'itbo', '2019-12-23 10:54:55', '单条强退按钮');
INSERT INTO `sys_menu` VALUES ('160201', '任务查询', '1602', '1', '#', 'menuItem', 'F', '0', 'monitor:job:list', '#', 'itbo', '2019-12-23 10:54:56', 'itbo', '2019-12-23 10:54:56', '任务查询按钮');
INSERT INTO `sys_menu` VALUES ('160202', '任务新增', '1602', '2', '#', 'menuItem', 'F', '0', 'monitor:job:add', '#', 'itbo', '2019-12-23 10:54:56', 'itbo', '2019-12-23 10:54:56', '任务新增按钮');
INSERT INTO `sys_menu` VALUES ('160203', '任务修改', '1602', '3', '#', 'menuItem', 'F', '0', 'monitor:job:edit', '#', 'itbo', '2019-12-23 10:54:56', 'itbo', '2019-12-23 10:54:56', '任务删除按钮');
INSERT INTO `sys_menu` VALUES ('160204', '任务删除', '1602', '4', '#', 'menuItem', 'F', '0', 'monitor:job:remove', '#', 'itbo', '2019-12-23 10:54:56', 'itbo', '2019-12-23 10:54:56', '任务删除按钮');
INSERT INTO `sys_menu` VALUES ('160205', '状态修改', '1602', '5', '#', 'menuItem', 'F', '0', 'monitor:job:changeStatus', '#', 'itbo', '2019-12-23 10:54:56', 'itbo', '2019-12-23 10:54:56', '状态修改按钮');
INSERT INTO `sys_menu` VALUES ('160206', '任务详细', '1602', '6', '#', 'menuItem', 'F', '0', 'monitor:job:detail', '#', 'itbo', '2019-12-23 10:54:56', 'itbo', '2019-12-23 10:54:56', '任务详细按钮');
INSERT INTO `sys_menu` VALUES ('160207', '任务导出', '1602', '7', '#', 'menuItem', 'F', '0', 'monitor:job:export', '#', 'itbo', '2019-12-23 10:54:56', 'itbo', '2019-12-23 10:54:56', '任务导出按钮');
INSERT INTO `sys_menu` VALUES ('170101', '部门查询', '1701', '1', '#', 'menuItem', 'F', '0', 'system:dept:list', '#', 'itbo', '2019-12-23 10:54:57', 'itbo', '2019-12-23 10:54:57', '部门查询按钮');
INSERT INTO `sys_menu` VALUES ('170102', '部门新增', '1701', '2', '#', 'menuItem', 'F', '0', 'system:dept:add', '#', 'itbo', '2019-12-23 10:54:57', 'itbo', '2019-12-23 10:54:57', '部门新增按钮');
INSERT INTO `sys_menu` VALUES ('170103', '部门修改', '1701', '3', '#', 'menuItem', 'F', '0', 'system:dept:edit', '#', 'itbo', '2019-12-23 10:54:57', 'itbo', '2019-12-23 10:54:57', '部门修改按钮');
INSERT INTO `sys_menu` VALUES ('170104', '部门删除', '1701', '4', '#', 'menuItem', 'F', '0', 'system:dept:remove', '#', 'itbo', '2019-12-23 10:54:57', 'itbo', '2019-12-23 10:54:57', '部门删除按钮');
INSERT INTO `sys_menu` VALUES ('170201', '岗位查询', '1702', '1', '#', 'menuItem', 'F', '0', 'system:post:list', '#', 'itbo', '2019-12-23 10:54:57', 'itbo', '2019-12-23 10:54:57', '岗位查询按钮');
INSERT INTO `sys_menu` VALUES ('170202', '岗位新增', '1702', '2', '#', 'menuItem', 'F', '0', 'system:post:add', '#', 'itbo', '2019-12-23 10:54:57', 'itbo', '2019-12-23 10:54:57', '岗位新增按钮');
INSERT INTO `sys_menu` VALUES ('170203', '岗位修改', '1702', '3', '#', 'menuItem', 'F', '0', 'system:post:edit', '#', 'itbo', '2019-12-23 10:54:58', 'itbo', '2019-12-23 10:54:58', '岗位修改按钮');
INSERT INTO `sys_menu` VALUES ('170204', '岗位删除', '1702', '4', '#', 'menuItem', 'F', '0', 'system:post:remove', '#', 'itbo', '2019-12-23 10:54:58', 'itbo', '2019-12-23 10:54:58', '岗位删除按钮');
INSERT INTO `sys_menu` VALUES ('170205', '岗位导出', '1702', '5', '#', 'menuItem', 'F', '0', 'system:post:export', '#', 'itbo', '2019-12-23 10:54:58', 'itbo', '2019-12-23 10:54:58', '岗位导出按钮');
INSERT INTO `sys_menu` VALUES ('170301', '字典查询', '1703', '1', '#', 'menuItem', 'F', '0', 'system:dict:list', '#', 'itbo', '2019-12-23 10:54:58', 'itbo', '2019-12-23 10:54:58', '字典查询按钮');
INSERT INTO `sys_menu` VALUES ('170302', '字典新增', '1703', '2', '#', 'menuItem', 'F', '0', 'system:dict:add', '#', 'itbo', '2019-12-23 10:54:58', 'itbo', '2019-12-23 10:54:58', '字典新增按钮');
INSERT INTO `sys_menu` VALUES ('170303', '字典修改', '1703', '3', '#', 'menuItem', 'F', '0', 'system:dict:edit', '#', 'itbo', '2019-12-23 10:54:58', 'itbo', '2019-12-23 10:54:58', '字典修改按钮');
INSERT INTO `sys_menu` VALUES ('170304', '字典删除', '1703', '4', '#', 'menuItem', 'F', '0', 'system:dict:remove', '#', 'itbo', '2019-12-23 10:54:58', 'itbo', '2019-12-23 10:54:58', '字典删除按钮');
INSERT INTO `sys_menu` VALUES ('170305', '字典导出', '1703', '5', '#', 'menuItem', 'F', '0', 'system:dict:export', '#', 'itbo', '2019-12-23 10:54:59', 'itbo', '2019-12-23 10:54:59', '字典导出按钮');
INSERT INTO `sys_menu` VALUES ('170401', '参数查询', '1704', '1', '#', 'menuItem', 'F', '0', 'system:config:list', '#', 'itbo', '2019-12-23 10:54:59', 'itbo', '2019-12-23 10:54:59', '参数查询按钮');
INSERT INTO `sys_menu` VALUES ('170402', '参数新增', '1704', '2', '#', 'menuItem', 'F', '0', 'system:config:add', '#', 'itbo', '2019-12-23 10:54:59', 'itbo', '2019-12-23 10:54:59', '参数新增按钮');
INSERT INTO `sys_menu` VALUES ('170403', '参数修改', '1704', '3', '#', 'menuItem', 'F', '0', 'system:config:edit', '#', 'itbo', '2019-12-23 10:54:59', 'itbo', '2019-12-23 10:54:59', '参数修改按钮');
INSERT INTO `sys_menu` VALUES ('170404', '参数删除', '1704', '4', '#', 'menuItem', 'F', '0', 'system:config:remove', '#', 'itbo', '2019-12-23 10:54:59', 'itbo', '2019-12-23 10:54:59', '参数删除按钮');
INSERT INTO `sys_menu` VALUES ('170405', '参数导出', '1704', '5', '#', 'menuItem', 'F', '0', 'system:config:export', '#', 'itbo', '2019-12-23 10:54:59', 'itbo', '2019-12-23 10:54:59', '参数导出按钮');
INSERT INTO `sys_menu` VALUES ('170501', '公告查询', '1705', '1', '#', 'menuItem', 'F', '0', 'system:notice:list', '#', 'itbo', '2019-12-23 10:55:00', 'itbo', '2019-12-23 10:55:00', '公告查询按钮');
INSERT INTO `sys_menu` VALUES ('170502', '公告新增', '1705', '2', '#', 'menuItem', 'F', '0', 'system:notice:add', '#', 'itbo', '2019-12-23 10:55:00', 'itbo', '2019-12-23 10:55:00', '公告新增按钮');
INSERT INTO `sys_menu` VALUES ('170503', '公告修改', '1705', '3', '#', 'menuItem', 'F', '0', 'system:notice:edit', '#', 'itbo', '2019-12-23 10:55:00', 'itbo', '2019-12-23 10:55:00', '公告修改按钮');
INSERT INTO `sys_menu` VALUES ('170504', '公告删除', '1705', '4', '#', 'menuItem', 'F', '0', 'system:notice:remove', '#', 'itbo', '2019-12-23 10:55:00', 'itbo', '2019-12-23 10:55:00', '公告删除按钮');
INSERT INTO `sys_menu` VALUES ('170601', '操作日志', '1706', '1', '/monitor/operlog', 'menuItem', 'C', '0', 'monitor:operlog:view', 'fa fa-address-book', 'itbo', '2019-12-23 10:55:00', 'itbo', '2019-12-23 10:55:00', '操作日志管理展示菜单');
INSERT INTO `sys_menu` VALUES ('170602', '登录日志', '1706', '2', '/monitor/logininfor', 'menuItem', 'C', '0', 'monitor:logininfor:view', 'fa fa-address-book', 'itbo', '2019-12-23 10:55:01', 'itbo', '2019-12-23 10:55:01', '登录日志管理展示菜单');
INSERT INTO `sys_menu` VALUES ('180201', '生成查询', '1802', '1', '#', 'menuItem', 'F', '0', 'tool:gen:list', '#', 'itbo', '2019-12-23 10:55:01', 'itbo', '2019-12-23 10:55:01', '生成查询按钮');
INSERT INTO `sys_menu` VALUES ('180202', '生成代码', '1802', '2', '#', 'menuItem', 'F', '0', 'tool:gen:code', '#', 'itbo', '2019-12-23 10:55:01', 'itbo', '2019-12-23 10:55:01', '生成代码按钮');
INSERT INTO `sys_menu` VALUES ('13010101', '工作记录查询', '130101', '1', '#', 'menuItem', 'F', '0', 'village:worklog:list', 'fa fa-address-book', 'itbo', '2019-12-23 10:54:19', 'itbo', '2019-12-23 10:54:19', '工作记录查询按钮');
INSERT INTO `sys_menu` VALUES ('13010102', '工作记录新增', '130101', '2', '#', 'menuItem', 'F', '0', 'village:worklog:add', 'fa fa-address-book', 'itbo', '2019-12-23 10:54:19', 'itbo', '2019-12-23 10:54:19', '工作记录新增按钮');
INSERT INTO `sys_menu` VALUES ('13010103', '工作记录修改', '130101', '3', '#', 'menuItem', 'F', '0', 'village:worklog:edit', 'fa fa-address-book', 'itbo', '2019-12-23 10:54:19', 'itbo', '2019-12-23 10:54:19', '工作记录修改按钮');
INSERT INTO `sys_menu` VALUES ('13010104', '工作记录删除', '130101', '4', '#', 'menuItem', 'F', '0', 'village:worklog:remove', 'fa fa-address-book', 'itbo', '2019-12-23 10:54:19', 'itbo', '2019-12-23 10:54:19', '工作记录删除按钮');
INSERT INTO `sys_menu` VALUES ('13010201', '备忘录查询', '130102', '1', '#', 'menuItem', 'F', '0', 'village:memorial:list', 'fa fa-address-book', 'itbo', '2019-12-23 10:54:19', 'itbo', '2019-12-23 10:54:19', '备忘录查询按钮');
INSERT INTO `sys_menu` VALUES ('13010202', '备忘录新增', '130102', '2', '#', 'menuItem', 'F', '0', 'village:memorial:add', 'fa fa-address-book', 'itbo', '2019-12-23 10:54:19', 'itbo', '2019-12-23 10:54:19', '备忘录新增按钮');
INSERT INTO `sys_menu` VALUES ('13010203', '备忘录修改', '130102', '3', '#', 'menuItem', 'F', '0', 'village:memorial:edit', 'fa fa-address-book', 'itbo', '2019-12-23 10:54:19', 'itbo', '2019-12-23 10:54:19', '备忘录修改按钮');
INSERT INTO `sys_menu` VALUES ('13010204', '备忘录删除', '130102', '4', '#', 'menuItem', 'F', '0', 'village:memorial:remove', 'fa fa-address-book', 'itbo', '2019-12-23 10:54:19', 'itbo', '2019-12-23 10:54:19', '备忘录删除按钮');
INSERT INTO `sys_menu` VALUES ('13010301', '会议记录查询', '130103', '1', '#', 'menuItem', 'F', '0', 'village:meeting:list', 'fa fa-address-book', 'itbo', '2019-12-23 10:54:19', 'itbo', '2019-12-23 10:54:19', '会议记录查询按钮');
INSERT INTO `sys_menu` VALUES ('13010302', '会议记录新增', '130103', '2', '#', 'menuItem', 'F', '0', 'village:meeting:add', 'fa fa-address-book', 'itbo', '2019-12-23 10:54:20', 'itbo', '2019-12-23 10:54:20', '会议记录新增按钮');
INSERT INTO `sys_menu` VALUES ('13010303', '会议记录修改', '130103', '3', '#', 'menuItem', 'F', '0', 'village:meeting:edit', 'fa fa-address-book', 'itbo', '2019-12-23 10:54:20', 'itbo', '2019-12-23 10:54:20', '会议记录修改按钮');
INSERT INTO `sys_menu` VALUES ('13010304', '会议记录删除', '130103', '4', '#', 'menuItem', 'F', '0', 'village:meeting:remove', 'fa fa-address-book', 'itbo', '2019-12-23 10:54:20', 'itbo', '2019-12-23 10:54:20', '会议记录删除按钮');
INSERT INTO `sys_menu` VALUES ('13010401', '我的建议查询', '130104', '1', '#', 'menuItem', 'F', '0', 'village:suggest:list', 'fa fa-address-book', 'itbo', '2019-12-23 10:54:20', 'itbo', '2019-12-23 10:54:20', '我的建议查询按钮');
INSERT INTO `sys_menu` VALUES ('13010402', '我的建议新增', '130104', '2', '#', 'menuItem', 'F', '0', 'village:suggest:add', 'fa fa-address-book', 'itbo', '2019-12-23 10:54:20', 'itbo', '2019-12-23 10:54:20', '我的建议新增按钮');
INSERT INTO `sys_menu` VALUES ('13010403', '我的建议修改', '130104', '3', '#', 'menuItem', 'F', '0', 'village:suggest:edit', 'fa fa-address-book', 'itbo', '2019-12-23 10:54:20', 'itbo', '2019-12-23 10:54:20', '我的建议修改按钮');
INSERT INTO `sys_menu` VALUES ('13010404', '我的建议删除', '130104', '4', '#', 'menuItem', 'F', '0', 'village:suggest:remove', 'fa fa-address-book', 'itbo', '2019-12-23 10:54:20', 'itbo', '2019-12-23 10:54:20', '我的建议删除按钮');
INSERT INTO `sys_menu` VALUES ('13010501', '文件夹管理查询', '130105', '1', '#', 'menuItem', 'F', '0', 'village:fileinfo:list', 'fa fa-address-book', 'itbo', '2019-12-23 10:54:20', 'itbo', '2019-12-23 10:54:20', '文件夹管理查询按钮');
INSERT INTO `sys_menu` VALUES ('13010502', '文件夹管理新增', '130105', '2', '#', 'menuItem', 'F', '0', 'village:fileinfo:add', 'fa fa-address-book', 'itbo', '2019-12-23 10:54:20', 'itbo', '2019-12-23 10:54:20', '文件夹管理新增按钮');
INSERT INTO `sys_menu` VALUES ('13010503', '文件夹管理修改', '130105', '3', '#', 'menuItem', 'F', '0', 'village:fileinfo:edit', 'fa fa-address-book', 'itbo', '2019-12-23 10:54:21', 'itbo', '2019-12-23 10:54:21', '文件夹管理修改按钮');
INSERT INTO `sys_menu` VALUES ('13010504', '文件夹管理删除', '130105', '4', '#', 'menuItem', 'F', '0', 'village:fileinfo:remove', 'fa fa-address-book', 'itbo', '2019-12-23 10:54:21', 'itbo', '2019-12-23 10:54:21', '文件夹管理删除按钮');
INSERT INTO `sys_menu` VALUES ('13020101', '村民查询', '130201', '1', '#', 'menuItem', 'F', '0', 'village:villagerInfo:list', '#', 'itbo', '2019-12-23 10:54:21', 'itbo', '2019-12-23 10:54:21', '村民查询按钮');
INSERT INTO `sys_menu` VALUES ('13020102', '村民新增', '130201', '2', '#', 'menuItem', 'F', '0', 'village:villagerInfo:add', '#', 'itbo', '2019-12-23 10:54:21', 'itbo', '2019-12-23 10:54:21', '村民新增按钮');
INSERT INTO `sys_menu` VALUES ('13020103', '村民修改', '130201', '3', '#', 'menuItem', 'F', '0', 'village:villagerInfo:edit', '#', 'itbo', '2019-12-23 10:54:21', 'itbo', '2019-12-23 10:54:21', '村民修改按钮');
INSERT INTO `sys_menu` VALUES ('13020104', '村民删除', '130201', '4', '#', 'menuItem', 'F', '0', 'village:villagerInfo:remove', '#', 'itbo', '2019-12-23 10:54:21', 'itbo', '2019-12-23 10:54:21', '村民删除按钮');
INSERT INTO `sys_menu` VALUES ('13020201', '企业查询', '130202', '1', '#', 'menuItem', 'F', '0', 'village:company:list', '#', 'itbo', '2019-12-23 10:54:21', 'itbo', '2019-12-23 10:54:21', '企业查询按钮');
INSERT INTO `sys_menu` VALUES ('13020202', '企业新增', '130202', '2', '#', 'menuItem', 'F', '0', 'village:company:add', '#', 'itbo', '2019-12-23 10:54:21', 'itbo', '2019-12-23 10:54:21', '企业新增按钮');
INSERT INTO `sys_menu` VALUES ('13020203', '企业修改', '130202', '3', '#', 'menuItem', 'F', '0', 'village:company:edit', '#', 'itbo', '2019-12-23 10:54:22', 'itbo', '2019-12-23 10:54:22', '企业修改按钮');
INSERT INTO `sys_menu` VALUES ('13020204', '企业删除', '130202', '4', '#', 'menuItem', 'F', '0', 'village:company:remove', '#', 'itbo', '2019-12-23 10:54:22', 'itbo', '2019-12-23 10:54:22', '企业删除按钮');
INSERT INTO `sys_menu` VALUES ('13020301', '工作人员查询', '130203', '1', '#', 'menuItem', 'F', '0', 'village:tbStaff:list', '#', 'itbo', '2019-12-23 10:54:22', 'itbo', '2019-12-23 10:54:22', '工作人员查询按钮');
INSERT INTO `sys_menu` VALUES ('13020302', '工作人员增加', '130203', '2', '#', 'menuItem', 'F', '0', 'village:tbStaff:add', '#', 'itbo', '2019-12-23 10:54:22', 'itbo', '2019-12-23 10:54:22', '工作人员增加按钮');
INSERT INTO `sys_menu` VALUES ('13020303', '工作人员删除', '130203', '3', '#', 'menuItem', 'F', '0', 'village:tbStaff:remove', '#', 'itbo', '2019-12-23 10:54:22', 'itbo', '2019-12-23 10:54:22', '工作人员删除按钮');
INSERT INTO `sys_menu` VALUES ('13020304', '工作人员修改', '130203', '4', '#', 'menuItem', 'F', '0', 'village:tbStaff:edit', '#', 'itbo', '2019-12-23 10:54:22', 'itbo', '2019-12-23 10:54:22', '工作人员修改按钮');
INSERT INTO `sys_menu` VALUES ('13020401', '数据查询', '130204', '1', '#', 'menuItem', 'F', '0', 'village:analysis:list', '#', 'itbo', '2019-12-23 10:54:22', 'itbo', '2019-12-23 10:54:22', '数据查询按钮');
INSERT INTO `sys_menu` VALUES ('13030101', '舆情上报查询', '130301', '1', '#', 'menuItem', 'F', '0', 'village:yuqing:list', '#', 'itbo', '2019-12-23 10:54:22', 'itbo', '2019-12-23 10:54:22', '舆情上报查询按钮');
INSERT INTO `sys_menu` VALUES ('13030102', '舆情上报新增', '130301', '2', '#', 'menuItem', 'F', '0', 'village:yuqing:add', '#', 'itbo', '2019-12-23 10:54:23', 'itbo', '2019-12-23 10:54:23', '舆情上报新增按钮');
INSERT INTO `sys_menu` VALUES ('13030103', '舆情上报修改', '130301', '3', '#', 'menuItem', 'F', '0', 'village:yuqing:edit', '#', 'itbo', '2019-12-23 10:54:23', 'itbo', '2019-12-23 10:54:23', '舆情上报修改按钮');
INSERT INTO `sys_menu` VALUES ('13030104', '舆情上报删除', '130301', '4', '#', 'menuItem', 'F', '0', 'village:yuqing:remove', '#', 'itbo', '2019-12-23 10:54:23', 'itbo', '2019-12-23 10:54:23', '舆情上报删除按钮');
INSERT INTO `sys_menu` VALUES ('13040101', '重大项目查询', '130401', '1', '#', 'menuItem', 'F', '0', 'village:project:list', '#', 'itbo', '2019-12-23 10:54:23', 'itbo', '2019-12-23 10:54:23', '重大项目查询按钮');
INSERT INTO `sys_menu` VALUES ('13040102', '重大项目新增', '130401', '2', '#', 'menuItem', 'F', '0', 'village:project:add', '#', 'itbo', '2019-12-23 10:54:23', 'itbo', '2019-12-23 10:54:23', '重大项目新增按钮');
INSERT INTO `sys_menu` VALUES ('13040103', '重大项目修改', '130401', '3', '#', 'menuItem', 'F', '0', 'village:project:edit', '#', 'itbo', '2019-12-23 10:54:23', 'itbo', '2019-12-23 10:54:23', '重大项目修改按钮');
INSERT INTO `sys_menu` VALUES ('13040104', '重大项目删除', '130401', '4', '#', 'menuItem', 'F', '0', 'village:project:remove', '#', 'itbo', '2019-12-23 10:54:23', 'itbo', '2019-12-23 10:54:23', '重大项目删除按钮');
INSERT INTO `sys_menu` VALUES ('13050101', '链接信息查询', '130501', '1', '#', 'menuItem', 'F', '0', 'village:link:list', '#', 'itbo', '2019-12-23 10:54:23', 'itbo', '2019-12-23 10:54:23', '链接信息查询按钮');
INSERT INTO `sys_menu` VALUES ('13050102', '链接信息新增', '130501', '2', '#', 'menuItem', 'F', '0', 'village:link:add', '#', 'itbo', '2019-12-23 10:54:24', 'itbo', '2019-12-23 10:54:24', '链接信息新增按钮');
INSERT INTO `sys_menu` VALUES ('13050103', '链接信息修改', '130501', '3', '#', 'menuItem', 'F', '0', 'village:link:edit', '#', 'itbo', '2019-12-23 10:54:24', 'itbo', '2019-12-23 10:54:24', '链接信息修改按钮');
INSERT INTO `sys_menu` VALUES ('13050104', '链接信息删除', '130501', '4', '#', 'menuItem', 'F', '0', 'village:link:remove', '#', 'itbo', '2019-12-23 10:54:24', 'itbo', '2019-12-23 10:54:24', '链接信息删除按钮');
INSERT INTO `sys_menu` VALUES ('13060101', '参数设置查询', '130601', '1', '#', 'menultem', 'F', '0', 'village:statistics:list', '#', 'sch', null, '', null, '');
INSERT INTO `sys_menu` VALUES ('13060102', '参数设置新增', '130601', '2', '#', 'menultem', 'F', '0', 'village:statistics:add', '#', 'sch', null, '', null, '');
INSERT INTO `sys_menu` VALUES ('13060103', '参数设置修改', '130601', '3', '#', 'menultem', 'F', '0', 'village:statistics:edit', '#', 'sch', null, '', null, '');
INSERT INTO `sys_menu` VALUES ('13060104', '参数设置删除', '130601', '4', '#', 'menultem', 'F', '0', 'village:statistics:remove', '#', 'sch', null, '', null, '');
INSERT INTO `sys_menu` VALUES ('13060201', '报警信息提醒查询', '130602', '1', '#', 'menultem', 'F', '0', 'village:message:list', '#', 'sch', null, '', null, '');
INSERT INTO `sys_menu` VALUES ('13060202', '报警信息提醒新增', '130602', '2', '#', 'menultem', 'F', '0', 'village:message:add', '#', 'sch', null, '', null, '');
INSERT INTO `sys_menu` VALUES ('13060203', '报警信息提醒修改', '130602', '3', '#', 'menultem', 'F', '0', 'village:message:edit', '#', 'sch', null, '', null, '');
INSERT INTO `sys_menu` VALUES ('13060204', '报警信息提醒删除', '130602', '4', '#', 'menultem', 'F', '0', 'village:message:remove', '#', 'sch', null, '', null, '');
INSERT INTO `sys_menu` VALUES ('13070101', '乡村资讯查询', '130701', '1', '#', 'menuItem', 'F', '0', 'village:villageplan:list7', '#', 'itbo', '2019-12-23 10:54:24', 'itbo', '2019-12-23 10:54:24', '乡村资讯查询按钮');
INSERT INTO `sys_menu` VALUES ('13070102', '乡村资讯新增', '130701', '2', '#', 'menuItem', 'F', '0', 'village:villageplan:add7', '#', 'itbo', '2019-12-23 10:54:25', 'itbo', '2019-12-23 10:54:25', '乡村资讯新增按钮');
INSERT INTO `sys_menu` VALUES ('13070103', '乡村资讯修改', '130701', '3', '#', 'menuItem', 'F', '0', 'village:villageplan:edit7', '#', 'itbo', '2019-12-23 10:54:25', 'itbo', '2019-12-23 10:54:25', '乡村资讯修改按钮');
INSERT INTO `sys_menu` VALUES ('13070104', '乡村资讯删除', '130701', '4', '#', 'menuItem', 'F', '0', 'village:villageplan:remove7', '#', 'itbo', '2019-12-23 10:54:25', 'itbo', '2019-12-23 10:54:25', '乡村资讯删除按钮');
INSERT INTO `sys_menu` VALUES ('13070201', '乡村规划查询', '130702', '1', '#', 'menuItem', 'F', '0', 'village:villageplan:list1', '#', 'itbo', '2019-12-23 10:54:25', 'itbo', '2019-12-23 10:54:25', '乡村规划查询按钮');
INSERT INTO `sys_menu` VALUES ('13070202', '乡村规划新增', '130702', '2', '#', 'menuItem', 'F', '0', 'village:villageplan:add1', '#', 'itbo', '2019-12-23 10:54:25', 'itbo', '2019-12-23 10:54:25', '乡村规划新增按钮');
INSERT INTO `sys_menu` VALUES ('13070203', '乡村规划修改', '130702', '3', '#', 'menuItem', 'F', '0', 'village:villageplan:edit1', '#', 'itbo', '2019-12-23 10:54:25', 'itbo', '2019-12-23 10:54:25', '乡村规划修改按钮');
INSERT INTO `sys_menu` VALUES ('13070204', '乡村规划删除', '130702', '4', '#', 'menuItem', 'F', '0', 'village:villageplan:remove1', '#', 'itbo', '2019-12-23 10:54:25', 'itbo', '2019-12-23 10:54:25', '乡村规划删除按钮');
INSERT INTO `sys_menu` VALUES ('13070301', '我爱我村查询', '130703', '1', '#', 'menuItem', 'F', '0', 'village:villageplan:list2', '#', 'itbo', '2019-12-23 10:54:25', 'itbo', '2019-12-23 10:54:25', '我爱我村查询按钮');
INSERT INTO `sys_menu` VALUES ('13070302', '我爱我村新增', '130703', '2', '#', 'menuItem', 'F', '0', 'village:villageplan:add2', '#', 'itbo', '2019-12-23 10:54:25', 'itbo', '2019-12-23 10:54:25', '我爱我村新增按钮');
INSERT INTO `sys_menu` VALUES ('13070303', '我爱我村修改', '130703', '3', '#', 'menuItem', 'F', '0', 'village:villageplan:edit2', '#', 'itbo', '2019-12-23 10:54:25', 'itbo', '2019-12-23 10:54:25', '我爱我村修改按钮');
INSERT INTO `sys_menu` VALUES ('13070304', '我爱我村删除', '130703', '4', '#', 'menuItem', 'F', '0', 'village:villageplan:remove2', '#', 'itbo', '2019-12-23 10:54:26', 'itbo', '2019-12-23 10:54:26', '我爱我村删除按钮');
INSERT INTO `sys_menu` VALUES ('13070401', '文化活动查询', '130704', '1', '#', 'menuItem', 'F', '0', 'village:villageplan:list3', '#', 'itbo', '2019-12-23 10:54:26', 'itbo', '2019-12-23 10:54:26', '文化活动查询按钮');
INSERT INTO `sys_menu` VALUES ('13070402', '文化活动新增', '130704', '2', '#', 'menuItem', 'F', '0', 'village:villageplan:add3', '#', 'itbo', '2019-12-23 10:54:26', 'itbo', '2019-12-23 10:54:26', '文化活动新增按钮');
INSERT INTO `sys_menu` VALUES ('13070403', '文化活动修改', '130704', '3', '#', 'menuItem', 'F', '0', 'village:villageplan:edit3', '#', 'itbo', '2019-12-23 10:54:26', 'itbo', '2019-12-23 10:54:26', '文化活动修改按钮');
INSERT INTO `sys_menu` VALUES ('13070404', '文化活动删除', '130704', '4', '#', 'menuItem', 'F', '0', 'village:villageplan:remove3', '#', 'itbo', '2019-12-23 10:54:26', 'itbo', '2019-12-23 10:54:26', '文化活动删除按钮');
INSERT INTO `sys_menu` VALUES ('13070501', '休闲乐查询', '130705', '1', '#', 'menuItem', 'F', '0', 'village:villageplan:list4', '#', 'itbo', '2019-12-23 10:54:26', 'itbo', '2019-12-23 10:54:26', '休闲乐查询按钮');
INSERT INTO `sys_menu` VALUES ('13070502', '休闲乐新增', '130705', '2', '#', 'menuItem', 'F', '0', 'village:villageplan:add4', '#', 'itbo', '2019-12-23 10:54:26', 'itbo', '2019-12-23 10:54:26', '休闲乐新增按钮');
INSERT INTO `sys_menu` VALUES ('13070503', '休闲乐修改', '130705', '3', '#', 'menuItem', 'F', '0', 'village:villageplan:edit4', '#', 'itbo', '2019-12-23 10:54:26', 'itbo', '2019-12-23 10:54:26', '休闲乐修改按钮');
INSERT INTO `sys_menu` VALUES ('13070504', '休闲乐删除', '130705', '4', '#', 'menuItem', 'F', '0', 'village:villageplan:remove4', '#', 'itbo', '2019-12-23 10:54:27', 'itbo', '2019-12-23 10:54:27', '休闲乐删除按钮');
INSERT INTO `sys_menu` VALUES ('13070601', '民宿管理查询', '130706', '1', '#', 'menuItem', 'F', '0', 'village:villageplan:list5', '#', 'itbo', '2019-12-23 10:54:27', 'itbo', '2019-12-23 10:54:27', '民宿管理查询按钮');
INSERT INTO `sys_menu` VALUES ('13070602', '民宿管理新增', '130706', '2', '#', 'menuItem', 'F', '0', 'village:villageplan:add5', '#', 'itbo', '2019-12-23 10:54:27', 'itbo', '2019-12-23 10:54:27', '民宿管理新增按钮');
INSERT INTO `sys_menu` VALUES ('13070603', '民宿管理修改', '130706', '3', '#', 'menuItem', 'F', '0', 'village:villageplan:edit5', '#', 'itbo', '2019-12-23 10:54:27', 'itbo', '2019-12-23 10:54:27', '民宿管理修改按钮');
INSERT INTO `sys_menu` VALUES ('13070604', '民宿管理删除', '130706', '4', '#', 'menuItem', 'F', '0', 'village:villageplan:remove5', '#', 'itbo', '2019-12-23 10:54:27', 'itbo', '2019-12-23 10:54:27', '民宿管理删除按钮');
INSERT INTO `sys_menu` VALUES ('13070701', '宣传方案查询', '130707', '1', '#', 'menuItem', 'F', '0', 'village:villageplan:list6', '#', 'itbo', '2019-12-23 10:54:27', 'itbo', '2019-12-23 10:54:27', '宣传方案查询按钮');
INSERT INTO `sys_menu` VALUES ('13070702', '宣传方案新增', '130707', '2', '#', 'menuItem', 'F', '0', 'village:villageplan:add6', '#', 'itbo', '2019-12-23 10:54:27', 'itbo', '2019-12-23 10:54:27', '宣传方案新增按钮');
INSERT INTO `sys_menu` VALUES ('13070703', '宣传方案修改', '130707', '3', '#', 'menuItem', 'F', '0', 'village:villageplan:edit6', '#', 'itbo', '2019-12-23 10:54:27', 'itbo', '2019-12-23 10:54:27', '宣传方案修改按钮');
INSERT INTO `sys_menu` VALUES ('13070704', '宣传方案删除', '130707', '4', '#', 'menuItem', 'F', '0', 'village:villageplan:remove6', '#', 'itbo', '2019-12-23 10:54:27', 'itbo', '2019-12-23 10:54:27', '宣传方案删除按钮');
INSERT INTO `sys_menu` VALUES ('13080101', '党员新闻查询', '130801', '1', '#', 'menuItem', 'F', '0', 'village:partynew:list', '#', 'itbo', '2019-12-23 10:54:28', 'itbo', '2019-12-23 10:54:28', '党员新闻查询按钮');
INSERT INTO `sys_menu` VALUES ('13080102', '党员新闻新增', '130801', '2', '#', 'menuItem', 'F', '0', 'village:partynew:add', '#', 'itbo', '2019-12-23 10:54:28', 'itbo', '2019-12-23 10:54:28', '党员新闻新增按钮');
INSERT INTO `sys_menu` VALUES ('13080103', '党员新闻修改', '130801', '3', '#', 'menuItem', 'F', '0', 'village:partynew:edit', '#', 'itbo', '2019-12-23 10:54:28', 'itbo', '2019-12-23 10:54:28', '党员新闻修改按钮');
INSERT INTO `sys_menu` VALUES ('13080104', '党员新闻删除', '130801', '4', '#', 'menuItem', 'F', '0', 'village:partynew:remove', '#', 'itbo', '2019-12-23 10:54:28', 'itbo', '2019-12-23 10:54:28', '党员新闻删除按钮');
INSERT INTO `sys_menu` VALUES ('13080201', '党员学习查询', '130802', '1', '#', 'menuItem', 'F', '0', 'village:partystudy:list', '#', 'itbo', '2019-12-23 10:54:28', 'itbo', '2019-12-23 10:54:28', '党员学习查询按钮');
INSERT INTO `sys_menu` VALUES ('13080202', '党员学习新增', '130802', '2', '#', 'menuItem', 'F', '0', 'village:partystudy:add', '#', 'itbo', '2019-12-23 10:54:28', 'itbo', '2019-12-23 10:54:28', '党员学习新增按钮');
INSERT INTO `sys_menu` VALUES ('13080203', '党员学习修改', '130802', '3', '#', 'menuItem', 'F', '0', 'village:partystudy:edit', '#', 'itbo', '2019-12-23 10:54:28', 'itbo', '2019-12-23 10:54:28', '党员学习修改按钮');
INSERT INTO `sys_menu` VALUES ('13080204', '党员学习删除', '130802', '4', '#', 'menuItem', 'F', '0', 'village:partystudy:remove', '#', 'itbo', '2019-12-23 10:54:28', 'itbo', '2019-12-23 10:54:28', '党员学习删除按钮');
INSERT INTO `sys_menu` VALUES ('13080301', '党员活动查询', '130803', '1', '#', 'menuItem', 'F', '0', 'village:tbHuodong:list', '#', 'itbo', '2019-12-23 10:54:29', 'itbo', '2019-12-23 10:54:29', '党员活动查询按钮');
INSERT INTO `sys_menu` VALUES ('13080302', '党员活动添加', '130803', '2', '#', 'menuItem', 'F', '0', 'village:tbHuodong:add', '#', 'itbo', '2019-12-23 10:54:29', 'itbo', '2019-12-23 10:54:29', '党员活动添加按钮');
INSERT INTO `sys_menu` VALUES ('13080303', '党员活动修改', '130803', '3', '#', 'menuItem', 'F', '0', 'village:tbHuodong:edit', '#', 'itbo', '2019-12-23 10:54:29', 'itbo', '2019-12-23 10:54:29', '党员活动修改按钮');
INSERT INTO `sys_menu` VALUES ('13080304', '党员活动删除', '130803', '4', '#', 'menuItem', 'F', '0', 'village:tbHuodong:remove', '#', 'itbo', '2019-12-23 10:54:29', 'itbo', '2019-12-23 10:54:29', '党员活动删除按钮');
INSERT INTO `sys_menu` VALUES ('13080401', '党员信息查询', '130804', '1', '#', 'menuItem', 'F', '0', 'village:partymember:list', '#', 'itbo', '2019-12-23 10:54:29', 'itbo', '2019-12-23 10:54:29', '党员信息查询按钮');
INSERT INTO `sys_menu` VALUES ('13080402', '党员信息新增', '130804', '2', '#', 'menuItem', 'F', '0', 'village:partymember:add', '#', 'itbo', '2019-12-23 10:54:29', 'itbo', '2019-12-23 10:54:29', '党员信息新增按钮');
INSERT INTO `sys_menu` VALUES ('13080403', '党员信息修改', '130804', '3', '#', 'menuItem', 'F', '0', 'village:partymember:edit', '#', 'itbo', '2019-12-23 10:54:29', 'itbo', '2019-12-23 10:54:29', '党员信息修改按钮');
INSERT INTO `sys_menu` VALUES ('13080404', '党员信息删除', '130804', '4', '#', 'menuItem', 'F', '0', 'village:partymember:remove', '#', 'itbo', '2019-12-23 10:54:29', 'itbo', '2019-12-23 10:54:29', '党员信息删除按钮');
INSERT INTO `sys_menu` VALUES ('13080501', '扶贫工作查询', '130805', '1', '#', 'menuItem', 'F', '0', 'village:partyfupin:list', '#', 'itbo', '2019-12-23 10:54:30', 'itbo', '2019-12-23 10:54:30', '扶贫工作查询按钮');
INSERT INTO `sys_menu` VALUES ('13080502', '扶贫工作新增', '130805', '2', '#', 'menuItem', 'F', '0', 'village:partyfupin:add', '#', 'itbo', '2019-12-23 10:54:30', 'itbo', '2019-12-23 10:54:30', '扶贫工作新增按钮');
INSERT INTO `sys_menu` VALUES ('13080503', '扶贫工作修改', '130805', '3', '#', 'menuItem', 'F', '0', 'village:partyfupin:edit', '#', 'itbo', '2019-12-23 10:54:30', 'itbo', '2019-12-23 10:54:30', '扶贫工作修改按钮');
INSERT INTO `sys_menu` VALUES ('13080504', '扶贫工作删除', '130805', '4', '#', 'menuItem', 'F', '0', 'village:partyfupin:remove', '#', 'itbo', '2019-12-23 10:54:30', 'itbo', '2019-12-23 10:54:30', '扶贫工作删除按钮');
INSERT INTO `sys_menu` VALUES ('13080601', '党员值班查询', '130806', '1', '#', 'menuItem', 'F', '0', 'village:partywork:list', '#', 'itbo', '2019-12-23 10:54:30', 'itbo', '2019-12-23 10:54:30', '党员值班查询按钮');
INSERT INTO `sys_menu` VALUES ('13080602', '党员值班新增', '130806', '2', '#', 'menuItem', 'F', '0', 'village:partywork:add', '#', 'itbo', '2019-12-23 10:54:30', 'itbo', '2019-12-23 10:54:30', '党员值班新增按钮');
INSERT INTO `sys_menu` VALUES ('13080603', '党员值班修改', '130806', '3', '#', 'menuItem', 'F', '0', 'village:partywork:edit', '#', 'itbo', '2019-12-23 10:54:30', 'itbo', '2019-12-23 10:54:30', '党员值班修改按钮');
INSERT INTO `sys_menu` VALUES ('13080604', '党员值班删除', '130806', '4', '#', 'menuItem', 'F', '0', 'village:partywork:remove', '#', 'itbo', '2019-12-23 10:54:30', 'itbo', '2019-12-23 10:54:30', '党员值班删除按钮');
INSERT INTO `sys_menu` VALUES ('13090101', '资产清查查询', '130901', '1', '#', 'menuItem', 'F', '0', 'village:assetAssessment:list', '#', 'itbo', '2019-12-23 10:54:31', 'itbo', '2019-12-23 10:54:31', '资产清查查询按钮');
INSERT INTO `sys_menu` VALUES ('13090102', '资产清查新增', '130901', '2', '#', 'menuItem', 'F', '0', 'village:assetAssessment:add', '#', 'itbo', '2019-12-23 10:54:31', 'itbo', '2019-12-23 10:54:31', '资产清查新增按钮');
INSERT INTO `sys_menu` VALUES ('13090103', '资产清查修改', '130901', '3', '#', 'menuItem', 'F', '0', 'village:assetAssessment:edit', '#', 'itbo', '2019-12-23 10:54:31', 'itbo', '2019-12-23 10:54:31', '资产清查修改按钮');
INSERT INTO `sys_menu` VALUES ('13090104', '资产清查删除', '130901', '4', '#', 'menuItem', 'F', '0', 'village:assetAssessment:remove', '#', 'itbo', '2019-12-23 10:54:31', 'itbo', '2019-12-23 10:54:31', '资产清查删除按钮');
INSERT INTO `sys_menu` VALUES ('13090201', '林地查询', '130902', '1', '#', 'menuItem', 'F', '0', 'village:forestlandInfo:list', '#', 'itbo', '2019-12-23 10:54:31', 'itbo', '2019-12-23 10:54:31', '林地查询按钮');
INSERT INTO `sys_menu` VALUES ('13090202', '林地新增', '130902', '2', '#', 'menuItem', 'F', '0', 'village:forestlandInfo:add', '#', 'itbo', '2019-12-23 10:54:31', 'itbo', '2019-12-23 10:54:31', '林地新增按钮');
INSERT INTO `sys_menu` VALUES ('13090203', '林地修改', '130902', '3', '#', 'menuItem', 'F', '0', 'village:forestlandInfo:edit', '#', 'itbo', '2019-12-23 10:54:31', 'itbo', '2019-12-23 10:54:31', '林地修改按钮');
INSERT INTO `sys_menu` VALUES ('13090204', '林地删除', '130902', '4', '#', 'menuItem', 'F', '0', 'village:forestlandInfo:remove', '#', 'itbo', '2019-12-23 10:54:31', 'itbo', '2019-12-23 10:54:31', '林地删除按钮');
INSERT INTO `sys_menu` VALUES ('13090301', '房屋查询', '130903', '1', '#', 'menuItem', 'F', '0', 'village:houseInfo:list', '#', 'itbo', '2019-12-23 10:54:32', 'itbo', '2019-12-23 10:54:32', '房屋查询按钮');
INSERT INTO `sys_menu` VALUES ('13090302', '房屋新增', '130903', '2', '#', 'menuItem', 'F', '0', 'village:houseInfo:add', '#', 'itbo', '2019-12-23 10:54:32', 'itbo', '2019-12-23 10:54:32', '房屋新增按钮');
INSERT INTO `sys_menu` VALUES ('13090303', '房屋修改', '130903', '3', '#', 'menuItem', 'F', '0', 'village:houseInfo:edit', '#', 'itbo', '2019-12-23 10:54:32', 'itbo', '2019-12-23 10:54:32', '房屋修改按钮');
INSERT INTO `sys_menu` VALUES ('13090304', '房屋删除', '130903', '4', '#', 'menuItem', 'F', '0', 'village:houseInfo:remove', '#', 'itbo', '2019-12-23 10:54:32', 'itbo', '2019-12-23 10:54:32', '房屋删除按钮');
INSERT INTO `sys_menu` VALUES ('13090401', '村户查询', '130904', '1', '#', 'menuItem', 'F', '0', 'village:houseMemberInfo:list', '#', 'itbo', '2019-12-23 10:54:32', 'itbo', '2019-12-23 10:54:32', '村户查询按钮');
INSERT INTO `sys_menu` VALUES ('13090402', '村户新增', '130904', '2', '#', 'menuItem', 'F', '0', 'village:houseMemberInfo:add', '#', 'itbo', '2019-12-23 10:54:32', 'itbo', '2019-12-23 10:54:32', '村户新增按钮');
INSERT INTO `sys_menu` VALUES ('13090403', '村户修改', '130904', '3', '#', 'menuItem', 'F', '0', 'village:houseMemberInfo:edit', '#', 'itbo', '2019-12-23 10:54:32', 'itbo', '2019-12-23 10:54:32', '村户修改按钮');
INSERT INTO `sys_menu` VALUES ('13090404', '村户删除', '130904', '4', '#', 'menuItem', 'F', '0', 'village:houseMemberInfo:remove', '#', 'itbo', '2019-12-23 10:54:32', 'itbo', '2019-12-23 10:54:32', '村户删除按钮');
INSERT INTO `sys_menu` VALUES ('13090501', '耕地查询', '130905', '1', '#', 'menuItem', 'F', '0', 'village:plowlandInfo:list', '#', 'itbo', '2019-12-23 10:54:33', 'itbo', '2019-12-23 10:54:33', '耕地查询按钮');
INSERT INTO `sys_menu` VALUES ('13090502', '耕地新增', '130905', '2', '#', 'menuItem', 'F', '0', 'village:plowlandInfo:add', '#', 'itbo', '2019-12-23 10:54:33', 'itbo', '2019-12-23 10:54:33', '耕地新增按钮');
INSERT INTO `sys_menu` VALUES ('13090503', '耕地修改', '130905', '3', '#', 'menuItem', 'F', '0', 'village:plowlandInfo:edit', '#', 'itbo', '2019-12-23 10:54:33', 'itbo', '2019-12-23 10:54:33', '耕地修改按钮');
INSERT INTO `sys_menu` VALUES ('13090504', '耕地删除', '130905', '4', '#', 'menuItem', 'F', '0', 'village:plowlandInfo:remove', '#', 'itbo', '2019-12-23 10:54:33', 'itbo', '2019-12-23 10:54:33', '耕地删除按钮');
INSERT INTO `sys_menu` VALUES ('13090601', '村组统计查询', '130906', '1', '#', 'menuItem', 'F', '0', 'village:villagegroupStatisticsInfo:list', '#', 'itbo', '2019-12-23 10:54:33', 'itbo', '2019-12-23 10:54:33', '村组统计查询按钮');
INSERT INTO `sys_menu` VALUES ('13090602', '村组统计新增', '130906', '2', '#', 'menuItem', 'F', '0', 'village:villagegroupStatisticsInfo:add', '#', 'itbo', '2019-12-23 10:54:33', 'itbo', '2019-12-23 10:54:33', '村组统计新增按钮');
INSERT INTO `sys_menu` VALUES ('13090603', '村组统计修改', '130906', '3', '#', 'menuItem', 'F', '0', 'village:villagegroupStatisticsInfo:edit', '#', 'itbo', '2019-12-23 10:54:33', 'itbo', '2019-12-23 10:54:33', '村组统计修改按钮');
INSERT INTO `sys_menu` VALUES ('13090604', '村组统计删除', '130906', '4', '#', 'menuItem', 'F', '0', 'village:villagegroupStatisticsInfo:remove', '#', 'itbo', '2019-12-23 10:54:33', 'itbo', '2019-12-23 10:54:33', '村组统计删除按钮');
INSERT INTO `sys_menu` VALUES ('14010101', '分组管理', '140101', '1', '/broad/areaGrouping', 'menuItem', 'C', '0', 'broad:areagrouping:view', 'fa fa-address-book', 'itbo', '2019-12-23 10:54:34', 'itbo', '2019-12-23 10:54:34', '分组管理展示菜单');
INSERT INTO `sys_menu` VALUES ('14010102', '终端管理', '140101', '2', '/broad/management', 'menuItem', 'C', '0', 'broad:management:view', 'fa fa-address-book', 'itbo', '2019-12-23 10:54:34', 'itbo', '2019-12-23 10:54:34', '终端管理展示菜单');
INSERT INTO `sys_menu` VALUES ('14010103', '特殊分组管理', '140101', '3', '/broad/tempgroup', 'menuItem', 'C', '0', 'broad:tempgroup:view', 'fa fa-address-book', 'itbo', '2019-12-23 10:54:35', 'itbo', '2019-12-23 10:54:35', '特殊分组管理展示菜单');
INSERT INTO `sys_menu` VALUES ('14010201', '流量管理', '140102', '1', '/broad/traffic', 'menuItem', 'C', '0', 'broad:traffic:view', 'fa fa-address-book', 'itbo', '2019-12-23 10:54:35', 'itbo', '2019-12-23 10:54:35', '流量管理展示菜单');
INSERT INTO `sys_menu` VALUES ('14010202', '地图管理', '140102', '2', '/broad/map/list', 'menuItem', 'C', '0', 'broad:map:view', 'fa fa-address-book', 'itbo', '2019-12-23 10:54:36', 'itbo', '2019-12-23 10:54:36', '地图管理展示菜单');
INSERT INTO `sys_menu` VALUES ('14010203', '终端信息设置', '140102', '3', '/broad/terstatusinfo', 'menuItem', 'C', '0', 'broad:terstatusinfo:view', 'fa fa-address-book', 'itbo', '2019-12-23 10:54:36', 'itbo', '2019-12-23 10:54:36', '终端信息设置展示菜单');
INSERT INTO `sys_menu` VALUES ('14010204', '维护记录', '140102', '4', '/broad/maintain', 'menuItem', 'C', '0', 'broad:maintain:view', 'fa fa-address-book', 'itbo', '2019-12-23 10:54:37', 'itbo', '2019-12-23 10:54:37', '维护记录展示菜单');
INSERT INTO `sys_menu` VALUES ('14010205', '维护申请', '140102', '5', '/broad/maintainApply', 'menuItem', 'C', '0', 'broad:maintainApply:view', 'fa fa-address-book', 'itbo', '2019-12-23 10:54:37', 'itbo', '2019-12-23 10:54:37', '维护申请展示菜单');
INSERT INTO `sys_menu` VALUES ('14010301', '节目库管理', '140103', '1', '/broad/per', 'menuItem', 'C', '0', 'broad:per:view', 'fa fa-address-book', 'itbo', '2019-12-23 10:54:38', 'itbo', '2019-12-23 10:54:38', '节目库管理展示菜单');
INSERT INTO `sys_menu` VALUES ('14010302', '节目录制管理', '140103', '2', '#', 'menuItem', 'M', '0', '', 'fa fa-bullhorn', 'itbo', '2019-12-23 10:54:38', 'itbo', '2019-12-23 10:54:38', '节目录制管理目录');
INSERT INTO `sys_menu` VALUES ('14010303', '节目播出单管理', '140103', '3', '/broad/proSinmanage', 'menuItem', 'C', '0', 'broad:proSinmanage:view', 'fa fa-address-book', 'itbo', '2019-12-23 10:54:39', 'itbo', '2019-12-23 10:54:39', '节目播出单管理展示菜单');
INSERT INTO `sys_menu` VALUES ('14010304', '转播频道管理', '140103', '4', '/broad/proChamanage', 'menuItem', 'C', '0', 'broad:proChamanage:view', 'fa fa-address-book', 'itbo', '2019-12-23 10:54:39', 'itbo', '2019-12-23 10:54:39', '转播频道管理展示菜单');
INSERT INTO `sys_menu` VALUES ('14010305', '紧急播出单管理', '140103', '5', '/broad/proSinmanage/wproSinmanage', 'menuItem', 'C', '0', 'broad:proSinmanage:viewwarning', 'fa fa-address-book', 'itbo', '2019-12-23 10:54:40', 'itbo', '2019-12-23 10:54:40', '紧急播出单管理展示菜单');
INSERT INTO `sys_menu` VALUES ('14010306', '短信播出', '140103', '6', '/broad/message', 'menuItem', 'C', '0', 'broad:message:view', 'fa fa-address-book', 'itbo', '2019-12-23 10:54:40', 'itbo', '2019-12-23 10:54:40', '短信播出展示菜单');
INSERT INTO `sys_menu` VALUES ('14010307', '特种节目管理', '140103', '7', '/broad/spec', 'menuItem', 'C', '0', 'broad:spec:view', 'fa fa-address-book', 'itbo', '2019-12-23 10:54:41', 'itbo', '2019-12-23 10:54:41', '特种节目管理展示菜单');
INSERT INTO `sys_menu` VALUES ('14010401', '流媒体直播', '140104', '1', '/broad/live/view', 'menuItem', 'C', '0', 'broad:live:view', 'fa fa-address-book', 'itbo', '2019-12-23 10:54:42', 'itbo', '2019-12-23 10:54:42', '流媒体直播展示菜单');
INSERT INTO `sys_menu` VALUES ('14010501', '终端管理员', '140105', '1', '/broad/terminaladmin', 'menuItem', 'C', '0', 'broad:terminaladmin:view', 'fa fa-address-book', 'itbo', '2019-12-23 10:54:42', 'itbo', '2019-12-23 10:54:42', '终端管理员展示菜单');
INSERT INTO `sys_menu` VALUES ('14010502', '用户管理信息', '140105', '2', '/broad/broaduser', 'menuItem', 'C', '0', 'broad:broaduser:view', 'fa fa-address-book', 'itbo', '2019-12-23 10:54:43', 'itbo', '2019-12-23 10:54:43', '用户管理信息展示菜单');
INSERT INTO `sys_menu` VALUES ('14010503', '用户管理信息查询', '140105', '1', '#', 'menuItem', 'F', '0', 'broad:broaduser:list', '#', '', null, '', null, '');
INSERT INTO `sys_menu` VALUES ('14020101', '广播用户查询', '140201', '1', '#', 'menuItem', 'F', '0', 'broad:ledshow:list', '#', 'itbo', '2019-12-23 10:54:44', 'itbo', '2019-12-23 10:54:44', '广播用户查询按钮');
INSERT INTO `sys_menu` VALUES ('14020102', '广播用户新增', '140201', '2', '#', 'menuItem', 'F', '0', 'broad:ledshow:add', '#', 'itbo', '2019-12-23 10:54:44', 'itbo', '2019-12-23 10:54:44', '广播用户新增按钮');
INSERT INTO `sys_menu` VALUES ('14020103', '广播用户修改', '140201', '3', '#', 'menuItem', 'F', '0', 'broad:ledshow:edit', '#', 'itbo', '2019-12-23 10:54:44', 'itbo', '2019-12-23 10:54:44', '广播用户修改按钮');
INSERT INTO `sys_menu` VALUES ('14020104', '广播用户删除', '140201', '4', '#', 'menuItem', 'F', '0', 'broad:ledshow:remove', '#', 'itbo', '2019-12-23 10:54:44', 'itbo', '2019-12-23 10:54:44', '广播用户删除按钮');
INSERT INTO `sys_menu` VALUES ('14030101', '信息推送查询', '140301', '1', '#', 'menuItem', 'F', '0', 'broad:chat:list', '#', 'itbo', '2019-12-23 10:54:45', 'itbo', '2019-12-23 10:54:45', '信息推送查询按钮');
INSERT INTO `sys_menu` VALUES ('14030102', '信息推送新增', '140301', '2', '#', 'menuItem', 'F', '0', 'broad:chat:add', '#', 'itbo', '2019-12-23 10:54:45', 'itbo', '2019-12-23 10:54:45', '信息推送新增按钮');
INSERT INTO `sys_menu` VALUES ('14030103', '信息推送修改', '140301', '3', '#', 'menuItem', 'F', '0', 'broad:chat:edit', '#', 'itbo', '2019-12-23 10:54:45', 'itbo', '2019-12-23 10:54:45', '信息推送修改按钮');
INSERT INTO `sys_menu` VALUES ('14030104', '信息推送删除', '140301', '4', '#', 'menuItem', 'F', '0', 'broad:chat:remove', '#', 'itbo', '2019-12-23 10:54:45', 'itbo', '2019-12-23 10:54:45', '信息推送删除按钮');
INSERT INTO `sys_menu` VALUES ('14040101', '信息同步推送查询', '140401', '1', '#', 'menuItem', 'F', '0', 'broad:syndpush:list', '#', 'itbo', '2019-12-23 10:54:45', 'itbo', '2019-12-23 10:54:45', '信息同步推送查询按钮');
INSERT INTO `sys_menu` VALUES ('14040102', '信息同步推送新增', '140401', '2', '#', 'menuItem', 'F', '0', 'broad:syndpush:add', '#', 'itbo', '2019-12-23 10:54:45', 'itbo', '2019-12-23 10:54:45', '信息同步推送新增按钮');
INSERT INTO `sys_menu` VALUES ('14040103', '信息同步推送修改', '140401', '3', '#', 'menuItem', 'F', '0', 'broad:syndpush:edit', '#', 'itbo', '2019-12-23 10:54:45', 'itbo', '2019-12-23 10:54:45', '信息同步推送修改按钮');
INSERT INTO `sys_menu` VALUES ('14040104', '信息同步推送删除', '140401', '4', '#', 'menuItem', 'F', '0', 'broad:syndpush:remove', '#', 'itbo', '2019-12-23 10:54:45', 'itbo', '2019-12-23 10:54:45', '信息同步推送删除按钮');
INSERT INTO `sys_menu` VALUES ('14050101', '信息定向推送查询', '140501', '1', '#', 'menuItem', 'F', '0', 'broad:personpush:list', '#', 'itbo', '2019-12-23 10:54:46', 'itbo', '2019-12-23 10:54:46', '信息定向推送查询按钮');
INSERT INTO `sys_menu` VALUES ('14050102', '信息定向推送新增', '140501', '2', '#', 'menuItem', 'F', '0', 'broad:personpush:add', '#', 'itbo', '2019-12-23 10:54:46', 'itbo', '2019-12-23 10:54:46', '信息定向推送新增按钮');
INSERT INTO `sys_menu` VALUES ('14050103', '信息定向推送修改', '140501', '3', '#', 'menuItem', 'F', '0', 'broad:personpush:edit', '#', 'itbo', '2019-12-23 10:54:46', 'itbo', '2019-12-23 10:54:46', '信息定向推送修改按钮');
INSERT INTO `sys_menu` VALUES ('14050104', '信息定向推送删除', '140501', '4', '#', 'menuItem', 'F', '0', 'broad:personpush:remove', '#', 'itbo', '2019-12-23 10:54:46', 'itbo', '2019-12-23 10:54:46', '信息定向推送删除按钮');
INSERT INTO `sys_menu` VALUES ('15010101', 'LED终端查询', '150101', '1', '#', 'menuItem', 'F', '0', 'iot:ledinfo:list', '#', 'itbo', '2019-12-23 10:54:47', 'itbo', '2019-12-23 10:54:47', 'LED终端查询按钮');
INSERT INTO `sys_menu` VALUES ('15010102', 'LED终端新增', '150101', '2', '#', 'menuItem', 'F', '0', 'iot:ledinfo:add', '#', 'itbo', '2019-12-23 10:54:47', 'itbo', '2019-12-23 10:54:47', 'LED终端新增按钮');
INSERT INTO `sys_menu` VALUES ('15010103', 'LED终端修改', '150101', '3', '#', 'menuItem', 'F', '0', 'iot:ledinfo:edit', '#', 'itbo', '2019-12-23 10:54:47', 'itbo', '2019-12-23 10:54:47', 'LED终端修改按钮');
INSERT INTO `sys_menu` VALUES ('15010104', 'LED终端删除', '150101', '4', '#', 'menuItem', 'F', '0', 'iot:ledinfo:remove', '#', 'itbo', '2019-12-23 10:54:47', 'itbo', '2019-12-23 10:54:47', 'LED终端删除按钮');
INSERT INTO `sys_menu` VALUES ('15010105', 'LED终端亮灯', '150101', '1', '#', 'menultem', 'F', '0', 'iot:ledinfo:open', '#', 'yt', '2019-12-25 06:45:33', 'yt', '2019-12-19 06:45:41', 'LED终端亮灯');
INSERT INTO `sys_menu` VALUES ('15010106', 'LED终端关灯', '150101', '2', '#', 'menultem', 'F', '0', 'iot:ledinfo:close', '#', 'yt', '2019-12-04 15:33:35', 'yt', '2019-12-03 15:33:42', 'LED终端关闭');
INSERT INTO `sys_menu` VALUES ('15010201', '广播终端查询', '150102', '1', '#', 'menuItem', 'F', '0', 'iot:broadinfo:list', '#', 'itbo', '2019-12-23 10:54:47', 'itbo', '2019-12-23 10:54:47', '广播终端查询按钮');
INSERT INTO `sys_menu` VALUES ('15010202', '广播终端新增', '150102', '2', '#', 'menuItem', 'F', '0', 'iot:broadinfo:add', '#', 'itbo', '2019-12-23 10:54:47', 'itbo', '2019-12-23 10:54:47', '广播终端新增按钮');
INSERT INTO `sys_menu` VALUES ('15010203', '广播终端修改', '150102', '3', '#', 'menuItem', 'F', '0', 'iot:broadinfo:edit', '#', 'itbo', '2019-12-23 10:54:47', 'itbo', '2019-12-23 10:54:47', '广播终端修改按钮');
INSERT INTO `sys_menu` VALUES ('15010204', '广播终端删除', '150102', '4', '#', 'menuItem', 'F', '0', 'iot:broadinfo:remove', '#', 'itbo', '2019-12-23 10:54:48', 'itbo', '2019-12-23 10:54:48', '广播终端删除按钮');
INSERT INTO `sys_menu` VALUES ('15010301', '安防终端查询', '150103', '1', '#', 'menuItem', 'F', '0', 'iot:saveinfo:list', '#', 'itbo', '2019-12-23 10:54:48', 'itbo', '2019-12-23 10:54:48', '安防终端查询按钮');
INSERT INTO `sys_menu` VALUES ('15010302', '安防终端新增', '150103', '2', '#', 'menuItem', 'F', '0', 'iot:saveinfo:add', '#', 'itbo', '2019-12-23 10:54:48', 'itbo', '2019-12-23 10:54:48', '安防终端新增按钮');
INSERT INTO `sys_menu` VALUES ('15010303', '安防终端修改', '150103', '3', '#', 'menuItem', 'F', '0', 'iot:saveinfo:edit', '#', 'itbo', '2019-12-23 10:54:48', 'itbo', '2019-12-23 10:54:48', '安防终端修改按钮');
INSERT INTO `sys_menu` VALUES ('15010304', '安防终端删除', '150103', '4', '#', 'menuItem', 'F', '0', 'iot:saveinfo:remove', '#', 'itbo', '2019-12-23 10:54:48', 'itbo', '2019-12-23 10:54:48', '安防终端删除按钮');
INSERT INTO `sys_menu` VALUES ('15010401', '能源管理终端查询', '150104', '1', '#', 'menuItem', 'F', '0', 'iot:energyinfo:list', '#', 'itbo', '2019-12-23 10:54:48', 'itbo', '2019-12-23 10:54:48', '能源管理终端查询按钮');
INSERT INTO `sys_menu` VALUES ('15010402', '能源管理终端新增', '150104', '2', '#', 'menuItem', 'F', '0', 'iot:energyinfo:add', '#', 'itbo', '2019-12-23 10:54:48', 'itbo', '2019-12-23 10:54:48', '能源管理终端新增按钮');
INSERT INTO `sys_menu` VALUES ('15010403', '能源管理终端修改', '150104', '3', '#', 'menuItem', 'F', '0', 'iot:energyinfo:edit', '#', 'itbo', '2019-12-23 10:54:48', 'itbo', '2019-12-23 10:54:48', '能源管理终端修改按钮');
INSERT INTO `sys_menu` VALUES ('15010404', '能源管理终端删除', '150104', '4', '#', 'menuItem', 'F', '0', 'iot:energyinfo:remove', '#', 'itbo', '2019-12-23 10:54:49', 'itbo', '2019-12-23 10:54:49', '能源管理终端删除按钮');
INSERT INTO `sys_menu` VALUES ('15010501', '水泵管理查询', '150105', '1', '#', 'menuItem', 'F', '0', 'iot:pumpinfo:list', '#', 'itbo', '2019-12-23 10:54:49', 'itbo', '2019-12-23 10:54:49', '水泵管理查询按钮');
INSERT INTO `sys_menu` VALUES ('15010502', '水泵管理新增', '150105', '2', '#', 'menuItem', 'F', '0', 'iot:pumpinfo:add', '#', 'itbo', '2019-12-23 10:54:49', 'itbo', '2019-12-23 10:54:49', '水泵管理新增按钮');
INSERT INTO `sys_menu` VALUES ('15010503', '水泵管理修改', '150105', '3', '#', 'menuItem', 'F', '0', 'iot:pumpinfo:edit', '#', 'itbo', '2019-12-23 10:54:49', 'itbo', '2019-12-23 10:54:49', '水泵管理修改按钮');
INSERT INTO `sys_menu` VALUES ('15010504', '水泵管理删除', '150105', '4', '#', 'menuItem', 'F', '0', 'iot:pumpinfo:remove', '#', 'itbo', '2019-12-23 10:54:49', 'itbo', '2019-12-23 10:54:49', '水泵管理删除按钮');
INSERT INTO `sys_menu` VALUES ('15010601', '路灯管理查询', '150106', '1', '#', 'menuItem', 'F', '0', 'iot:lightinfo:list', '#', 'itbo', '2019-12-23 10:54:50', 'itbo', '2019-12-23 10:54:50', '路灯管理查询按钮');
INSERT INTO `sys_menu` VALUES ('15010602', '路灯管理新增', '150106', '2', '#', 'menuItem', 'F', '0', 'iot:lightinfo:add', '#', 'itbo', '2019-12-23 10:54:50', 'itbo', '2019-12-23 10:54:50', '路灯管理新增按钮');
INSERT INTO `sys_menu` VALUES ('15010603', '路灯管理修改', '150106', '3', '#', 'menuItem', 'F', '0', 'iot:lightinfo:edit', '#', 'itbo', '2019-12-23 10:54:50', 'itbo', '2019-12-23 10:54:50', '路灯管理修改按钮');
INSERT INTO `sys_menu` VALUES ('15010604', '路灯管理删除', '150106', '4', '#', 'menuItem', 'F', '0', 'iot:lightinfo:remove', '#', 'itbo', '2019-12-23 10:54:50', 'itbo', '2019-12-23 10:54:50', '路灯管理删除按钮');
INSERT INTO `sys_menu` VALUES ('15010701', '沙盘管理查询', '150107', '1', '#', 'menuItem', 'F', '0', 'iot:sandinfo:list', '#', 'itbo', '2019-12-23 10:54:50', 'itbo', '2019-12-23 10:54:50', '沙盘管理查询按钮');
INSERT INTO `sys_menu` VALUES ('15010702', '沙盘管理新增', '150107', '2', '#', 'menuItem', 'F', '0', 'iot:sandinfo:add', '#', 'itbo', '2019-12-23 10:54:50', 'itbo', '2019-12-23 10:54:50', '沙盘管理新增按钮');
INSERT INTO `sys_menu` VALUES ('15010703', '沙盘管理修改', '150107', '3', '#', 'menuItem', 'F', '0', 'iot:sandinfo:edit', '#', 'itbo', '2019-12-23 10:54:50', 'itbo', '2019-12-23 10:54:50', '沙盘管理修改按钮');
INSERT INTO `sys_menu` VALUES ('15010704', '沙盘管理删除', '150107', '4', '#', 'menuItem', 'F', '0', 'iot:sandinfo:remove', '#', 'itbo', '2019-12-23 10:54:50', 'itbo', '2019-12-23 10:54:50', '沙盘管理删除按钮');
INSERT INTO `sys_menu` VALUES ('15010801', '广告牌管理查询', '150108', '1', '#', 'menuItem', 'F', '0', 'iot:boardinfo:list', '#', 'itbo', '2019-12-23 10:54:51', 'itbo', '2019-12-23 10:54:51', '广告牌管理查询按钮');
INSERT INTO `sys_menu` VALUES ('15010802', '广告牌管理新增', '150108', '2', '#', 'menuItem', 'F', '0', 'iot:boardinfo:add', '#', 'itbo', '2019-12-23 10:54:51', 'itbo', '2019-12-23 10:54:51', '广告牌管理新增按钮');
INSERT INTO `sys_menu` VALUES ('15010803', '广告牌管理修改', '150108', '3', '#', 'menuItem', 'F', '0', 'iot:boardinfo:edit', '#', 'itbo', '2019-12-23 10:54:51', 'itbo', '2019-12-23 10:54:51', '广告牌管理修改按钮');
INSERT INTO `sys_menu` VALUES ('15010804', '广告牌管理删除', '150108', '4', '#', 'menuItem', 'F', '0', 'iot:boardinfo:remove', '#', 'itbo', '2019-12-23 10:54:51', 'itbo', '2019-12-23 10:54:51', '广告牌管理删除按钮');
INSERT INTO `sys_menu` VALUES ('15010901', '山洪监测查询', '150109', '1', '#', 'menuItem', 'F', '0', 'iot:floodinfo:list', '#', 'itbo', '2019-12-23 10:54:51', 'itbo', '2019-12-23 10:54:51', '山洪监测查询按钮');
INSERT INTO `sys_menu` VALUES ('15010902', '山洪监测新增', '150109', '2', '#', 'menuItem', 'F', '0', 'iot:floodinfo:add', '#', 'itbo', '2019-12-23 10:54:51', 'itbo', '2019-12-23 10:54:51', '山洪监测新增按钮');
INSERT INTO `sys_menu` VALUES ('15010903', '山洪监测修改', '150109', '3', '#', 'menuItem', 'F', '0', 'iot:floodinfo:edit', '#', 'itbo', '2019-12-23 10:54:51', 'itbo', '2019-12-23 10:54:51', '山洪监测修改按钮');
INSERT INTO `sys_menu` VALUES ('15010904', '山洪监测删除', '150109', '4', '#', 'menuItem', 'F', '0', 'iot:floodinfo:remove', '#', 'itbo', '2019-12-23 10:54:51', 'itbo', '2019-12-23 10:54:51', '山洪监测删除按钮');
INSERT INTO `sys_menu` VALUES ('15011001', '火灾探头终端查询', '150110', '1', '#', 'menuItem', 'F', '0', 'iot:fireinfo:list', '#', 'itbo', '2019-12-23 10:54:52', 'itbo', '2019-12-23 10:54:52', '火灾探头终端查询按钮');
INSERT INTO `sys_menu` VALUES ('15011002', '火灾探头终端新增', '150110', '2', '#', 'menuItem', 'F', '0', 'iot:fireinfo:add', '#', 'itbo', '2019-12-23 10:54:52', 'itbo', '2019-12-23 10:54:52', '火灾探头终端新增按钮');
INSERT INTO `sys_menu` VALUES ('15011003', '火灾探头终端修改', '150110', '3', '#', 'menuItem', 'F', '0', 'iot:fireinfo:edit', '#', 'itbo', '2019-12-23 10:54:52', 'itbo', '2019-12-23 10:54:52', '火灾探头终端修改按钮');
INSERT INTO `sys_menu` VALUES ('15011004', '火灾探头终端删除', '150110', '4', '#', 'menuItem', 'F', '0', 'iot:fireinfo:remove', '#', 'itbo', '2019-12-23 10:54:52', 'itbo', '2019-12-23 10:54:52', '火灾探头终端删除按钮');
INSERT INTO `sys_menu` VALUES ('15011101', '环境监测终端查询', '150111', '1', '#', 'menuItem', 'F', '0', 'iot:environlinfo:list', '#', 'itbo', '2019-12-23 10:54:52', 'itbo', '2019-12-23 10:54:52', '环境监测终端查询按钮');
INSERT INTO `sys_menu` VALUES ('15011102', '环境监测终端新增', '150111', '2', '#', 'menuItem', 'F', '0', 'iot:environlinfo:add', '#', 'itbo', '2019-12-23 10:54:52', 'itbo', '2019-12-23 10:54:52', '环境监测终端新增按钮');
INSERT INTO `sys_menu` VALUES ('15011103', '环境监测终端修改', '150111', '3', '#', 'menuItem', 'F', '0', 'iot:environlinfo:edit', '#', 'itbo', '2019-12-23 10:54:52', 'itbo', '2019-12-23 10:54:52', '环境监测终端修改按钮');
INSERT INTO `sys_menu` VALUES ('15011104', '环境监测终端删除', '150111', '4', '#', 'menuItem', 'F', '0', 'iot:environlinfo:remove', '#', 'itbo', '2019-12-23 10:54:53', 'itbo', '2019-12-23 10:54:53', '环境监测终端删除按钮');
INSERT INTO `sys_menu` VALUES ('15011105', '温湿度数据导入', '150111', '5', '#', 'menuItem', 'F', '0', 'iot::environl:receive', '#', 'yt', '2019-12-04 17:19:55', 'yt', '2019-12-19 17:20:01', '温湿度数据导入按钮');
INSERT INTO `sys_menu` VALUES ('15011201', '水质监测查询', '150112', '1', '#', 'menuItem', 'F', '0', 'iot:waterinfo:list', '#', 'itbo', '2019-12-23 10:54:53', 'itbo', '2019-12-23 10:54:53', '水质监测查询按钮');
INSERT INTO `sys_menu` VALUES ('15011202', '水质监测新增', '150112', '2', '#', 'menuItem', 'F', '0', 'iot:waterinfo:add', '#', 'itbo', '2019-12-23 10:54:53', 'itbo', '2019-12-23 10:54:53', '水质监测新增按钮');
INSERT INTO `sys_menu` VALUES ('15011203', '水质监测修改', '150112', '3', '#', 'menuItem', 'F', '0', 'iot:waterinfo:edit', '#', 'itbo', '2019-12-23 10:54:53', 'itbo', '2019-12-23 10:54:53', '水质监测修改按钮');
INSERT INTO `sys_menu` VALUES ('15011204', '水质监测删除', '150112', '4', '#', 'menuItem', 'F', '0', 'iot:waterinfo:remove', '#', 'itbo', '2019-12-23 10:54:53', 'itbo', '2019-12-23 10:54:53', '水质监测删除按钮');
INSERT INTO `sys_menu` VALUES ('15011301', '土壤监测查询', '150113', '1', '#', 'menuItem', 'F', '0', 'iot:soilinfo:list', '#', 'itbo', '2019-12-23 10:54:53', 'itbo', '2019-12-23 10:54:53', '土壤监测查询按钮');
INSERT INTO `sys_menu` VALUES ('15011302', '土壤监测新增', '150113', '2', '#', 'menuItem', 'F', '0', 'iot:soilinfo:add', '#', 'itbo', '2019-12-23 10:54:54', 'itbo', '2019-12-23 10:54:54', '土壤监测新增按钮');
INSERT INTO `sys_menu` VALUES ('15011303', '土壤监测修改', '150113', '3', '#', 'menuItem', 'F', '0', 'iot:soilinfo:edit', '#', 'itbo', '2019-12-23 10:54:54', 'itbo', '2019-12-23 10:54:54', '土壤监测修改按钮');
INSERT INTO `sys_menu` VALUES ('15011304', '土壤监测删除', '150113', '4', '#', 'menuItem', 'F', '0', 'iot:soilinfo:remove', '#', 'itbo', '2019-12-23 10:54:54', 'itbo', '2019-12-23 10:54:54', '土壤监测删除按钮');
INSERT INTO `sys_menu` VALUES ('15011401', '排污监测查询', '150114', '1', '#', 'menuItem', 'F', '0', 'iot:blowdowninfo:list', '#', 'itbo', '2019-12-23 10:54:54', 'itbo', '2019-12-23 10:54:54', '排污监测查询按钮');
INSERT INTO `sys_menu` VALUES ('15011402', '排污监测新增', '150114', '2', '#', 'menuItem', 'F', '0', 'iot:blowdowninfo:add', '#', 'itbo', '2019-12-23 10:54:54', 'itbo', '2019-12-23 10:54:54', '排污监测新增按钮');
INSERT INTO `sys_menu` VALUES ('15011403', '排污监测修改', '150114', '3', '#', 'menuItem', 'F', '0', 'iot:blowdowninfo:edit', '#', 'itbo', '2019-12-23 10:54:54', 'itbo', '2019-12-23 10:54:54', '排污监测修改按钮');
INSERT INTO `sys_menu` VALUES ('15011404', '排污监测删除', '150114', '4', '#', 'menuItem', 'F', '0', 'iot:blowdowninfo:remove', '#', 'itbo', '2019-12-23 10:54:54', 'itbo', '2019-12-23 10:54:54', '排污监测删除按钮');
INSERT INTO `sys_menu` VALUES ('15011501', '气象监测查询', '150115', '1', '#', 'menuItem', 'F', '0', 'iot:meteorinfo:list', '#', 'itbo', '2019-12-23 10:54:55', 'itbo', '2019-12-23 10:54:55', '气象监测查询按钮');
INSERT INTO `sys_menu` VALUES ('15011502', '气象监测新增', '150115', '2', '#', 'menuItem', 'F', '0', 'iot:meteorinfo:add', '#', 'itbo', '2019-12-23 10:54:55', 'itbo', '2019-12-23 10:54:55', '气象监测新增按钮');
INSERT INTO `sys_menu` VALUES ('15011503', '气象监测修改', '150115', '3', '#', 'menuItem', 'F', '0', 'iot:meteorinfo:edit', '#', 'itbo', '2019-12-23 10:54:55', 'itbo', '2019-12-23 10:54:55', '气象监测修改按钮');
INSERT INTO `sys_menu` VALUES ('15011504', '气象监测删除', '150115', '4', '#', 'menuItem', 'F', '0', 'iot:meteorinfo:remove', '#', 'itbo', '2019-12-23 10:54:55', 'itbo', '2019-12-23 10:54:55', '气象监测删除按钮');
INSERT INTO `sys_menu` VALUES ('15011601', '终端数据采集', '150116', '1', '#', 'menuItem', 'F', '0', 'iot:torrent:list', '#', 'sch', null, '', null, '');
INSERT INTO `sys_menu` VALUES ('15011602', '终端数据新增', '150116', '2', '#', 'menuItem', 'F', '0', 'iot:torrent:add', '#', 'sch', null, '', null, '');
INSERT INTO `sys_menu` VALUES ('15011603', '终端数据修改', '150116', '3', '#', 'menuItem', 'F', '0', 'iot:torrent:edit', '#', 'sch', null, '', null, '');
INSERT INTO `sys_menu` VALUES ('15011604', '终端数据删除', '150116', '4', '#', 'menuItem', 'F', '0', 'iot:torrent:remove', '#', 'sch', null, '', null, '');
INSERT INTO `sys_menu` VALUES ('17060101', '操作查询', '170601', '1', '#', 'menuItem', 'F', '0', 'monitor:operlog:list', '#', 'itbo', '2019-12-23 10:55:00', 'itbo', '2019-12-23 10:55:00', '操作查询按钮');
INSERT INTO `sys_menu` VALUES ('17060102', '操作删除', '170601', '2', '#', 'menuItem', 'F', '0', 'monitor:operlog:remove', '#', 'itbo', '2019-12-23 10:55:00', 'itbo', '2019-12-23 10:55:00', '操作删除按钮');
INSERT INTO `sys_menu` VALUES ('17060103', '详细信息', '170601', '3', '#', 'menuItem', 'F', '0', 'monitor:operlog:detail', '#', 'itbo', '2019-12-23 10:55:00', 'itbo', '2019-12-23 10:55:00', '详细信息按钮');
INSERT INTO `sys_menu` VALUES ('17060104', '日志导出', '170601', '4', '#', 'menuItem', 'F', '0', 'monitor:operlog:export', '#', 'itbo', '2019-12-23 10:55:00', 'itbo', '2019-12-23 10:55:00', '日志导出按钮');
INSERT INTO `sys_menu` VALUES ('17060201', '登录查询', '170602', '1', '#', 'menuItem', 'F', '0', 'monitor:logininfor:list', '#', 'itbo', '2019-12-23 10:55:01', 'itbo', '2019-12-23 10:55:01', '登录查询按钮');
INSERT INTO `sys_menu` VALUES ('17060202', '登录删除', '170602', '2', '#', 'menuItem', 'F', '0', 'monitor:logininfor:remove', '#', 'itbo', '2019-12-23 10:55:01', 'itbo', '2019-12-23 10:55:01', '登录删除按钮');
INSERT INTO `sys_menu` VALUES ('17060203', '日志导出', '170602', '3', '#', 'menuItem', 'F', '0', 'monitor:logininfor:export', '#', 'itbo', '2019-12-23 10:55:01', 'itbo', '2019-12-23 10:55:01', '日志导出按钮');
INSERT INTO `sys_menu` VALUES ('1401010101', '分组管理列表', '14010101', '1', '/broad/areaGrouping/list', 'menuItem', 'F', '0', 'broad:areaGrouping:list', '#', 'itbo', '2019-12-23 10:54:34', 'itbo', '2019-12-23 10:54:34', '分组管理列表按钮');
INSERT INTO `sys_menu` VALUES ('1401010102', '分组管理新增', '14010101', '2', '#', 'menuItem', 'F', '0', 'broad:areaGrouping:add', '#', 'itbo', '2019-12-23 10:54:34', 'itbo', '2019-12-23 10:54:34', '分组管理新增按钮');
INSERT INTO `sys_menu` VALUES ('1401010103', '分组管理编辑', '14010101', '3', '#', 'menuItem', 'F', '0', 'broad:areaGrouping:edit', '#', 'itbo', '2019-12-23 10:54:34', 'itbo', '2019-12-23 10:54:34', '分组管理编辑按钮');
INSERT INTO `sys_menu` VALUES ('1401010104', '分组管理删除', '14010101', '4', '#', 'menuItem', 'F', '0', 'broad:areagrouping:remove', '#', 'itbo', '2019-12-23 10:54:34', 'itbo', '2019-12-23 10:54:34', '分组管理删除按钮');
INSERT INTO `sys_menu` VALUES ('1401010201', '终端管理查询', '14010102', '1', '#', 'menuItem', 'F', '0', 'broad:management:list', '#', 'itbo', '2019-12-23 10:54:34', 'itbo', '2019-12-23 10:54:34', '终端管理查询按钮');
INSERT INTO `sys_menu` VALUES ('1401010202', '终端管理新增', '14010102', '2', '#', 'menuItem', 'F', '0', 'broad:management:add', '#', 'itbo', '2019-12-23 10:54:35', 'itbo', '2019-12-23 10:54:35', '终端管理新增按钮');
INSERT INTO `sys_menu` VALUES ('1401010203', '终端管理修改', '14010102', '3', '#', 'menuItem', 'F', '0', 'broad:management:edit', '#', 'itbo', '2019-12-23 10:54:35', 'itbo', '2019-12-23 10:54:35', '终端管理修改按钮');
INSERT INTO `sys_menu` VALUES ('1401010204', '终端管理删除', '14010102', '4', '#', 'menuItem', 'F', '0', 'broad:management:remove', '#', 'itbo', '2019-12-23 10:54:35', 'itbo', '2019-12-23 10:54:35', '终端管理删除按钮');
INSERT INTO `sys_menu` VALUES ('1401010301', '特殊分组查询', '14010103', '1', '#', 'menuItem', 'F', '0', 'broad:tempgroup:list', '#', 'itbo', '2019-12-23 10:54:35', 'itbo', '2019-12-23 10:54:35', '特殊分组查询按钮');
INSERT INTO `sys_menu` VALUES ('1401010302', '特殊分组新增', '14010103', '2', '#', 'menuItem', 'F', '0', 'broad:tempgroup:add', '#', 'itbo', '2019-12-23 10:54:35', 'itbo', '2019-12-23 10:54:35', '特殊分组新增按钮');
INSERT INTO `sys_menu` VALUES ('1401010303', '特殊分组修改', '14010103', '3', '#', 'menuItem', 'F', '0', 'broad:tempgroup:edit', '#', 'itbo', '2019-12-23 10:54:35', 'itbo', '2019-12-23 10:54:35', '特殊分组修改按钮');
INSERT INTO `sys_menu` VALUES ('1401010304', '特殊分组删除', '14010103', '4', '#', 'menuItem', 'F', '0', 'broad:tempgroup:remove', '#', 'itbo', '2019-12-23 10:54:35', 'itbo', '2019-12-23 10:54:35', '特殊分组删除按钮');
INSERT INTO `sys_menu` VALUES ('1401020101', '流量查询', '14010201', '1', '#', 'menuItem', 'F', '0', 'broad:traffic:list', '#', 'itbo', '2019-12-23 10:54:36', 'itbo', '2019-12-23 10:54:36', '流量查询按钮');
INSERT INTO `sys_menu` VALUES ('1401020102', '流量新增', '14010201', '2', '#', 'menuItem', 'F', '0', 'broad:traffic:add', '#', 'itbo', '2019-12-23 10:54:36', 'itbo', '2019-12-23 10:54:36', '流量新增按钮');
INSERT INTO `sys_menu` VALUES ('1401020103', '流量修改', '14010201', '3', '#', 'menuItem', 'F', '0', 'broad:traffic:edit', '#', 'itbo', '2019-12-23 10:54:36', 'itbo', '2019-12-23 10:54:36', '流量修改按钮');
INSERT INTO `sys_menu` VALUES ('1401020104', '流量删除', '14010201', '4', '#', 'menuItem', 'F', '0', 'broad:traffic:remove', '#', 'itbo', '2019-12-23 10:54:36', 'itbo', '2019-12-23 10:54:36', '流量删除按钮');
INSERT INTO `sys_menu` VALUES ('1401020201', '地图查询', '14010202', '1', '#', 'menuItem', 'F', '0', 'broad:map:list', '#', 'itbo', '2019-12-23 10:54:36', 'itbo', '2019-12-23 10:54:36', '地图查询按钮');
INSERT INTO `sys_menu` VALUES ('1401020301', '终端信息查询', '14010203', '1', '#', 'menuItem', 'F', '0', 'broad:terminalset:list', '#', 'itbo', '2019-12-23 10:54:36', 'itbo', '2019-12-23 10:54:36', '终端信息查询按钮');
INSERT INTO `sys_menu` VALUES ('1401020302', '终端信息新增', '14010203', '2', '#', 'menuItem', 'F', '0', 'broad:terminalset:add', '#', 'itbo', '2019-12-23 10:54:36', 'itbo', '2019-12-23 10:54:36', '终端信息新增按钮');
INSERT INTO `sys_menu` VALUES ('1401020303', '终端信息修改', '14010203', '3', '#', 'menuItem', 'F', '0', 'broad:terminalset:edit', '#', 'itbo', '2019-12-23 10:54:36', 'itbo', '2019-12-23 10:54:36', '终端信息修改按钮');
INSERT INTO `sys_menu` VALUES ('1401020304', '终端信息删除', '14010203', '4', '#', 'menuItem', 'F', '0', 'broad:terminalset:remove', '#', 'itbo', '2019-12-23 10:54:37', 'itbo', '2019-12-23 10:54:37', '终端信息删除按钮');
INSERT INTO `sys_menu` VALUES ('1401020401', '终端维护记录查询', '14010204', '1', '#', 'menuItem', 'F', '0', 'broad:maintain:list', '#', 'itbo', '2019-12-23 10:54:37', 'itbo', '2019-12-23 10:54:37', '终端维护记录查询按钮');
INSERT INTO `sys_menu` VALUES ('1401020402', '终端维护记录新增', '14010204', '2', '#', 'menuItem', 'F', '0', 'broad:maintain:add', '#', 'itbo', '2019-12-23 10:54:37', 'itbo', '2019-12-23 10:54:37', '终端维护记录新增按钮');
INSERT INTO `sys_menu` VALUES ('1401020403', '终端维护记录修改', '14010204', '3', '#', 'menuItem', 'F', '0', 'broad:maintain:edit', '#', 'itbo', '2019-12-23 10:54:37', 'itbo', '2019-12-23 10:54:37', '终端维护记录修改按钮');
INSERT INTO `sys_menu` VALUES ('1401020404', '终端维护记录删除', '14010204', '4', '#', 'menuItem', 'F', '0', 'broad:maintain:remove', '#', 'itbo', '2019-12-23 10:54:37', 'itbo', '2019-12-23 10:54:37', '终端维护记录删除按钮');
INSERT INTO `sys_menu` VALUES ('1401020501', '维护申请查询', '14010205', '1', '#', 'menuItem', 'F', '0', 'broad:maintainApply:list', '#', 'itbo', '2019-12-23 10:54:37', 'itbo', '2019-12-23 10:54:37', '维护申请查询按钮');
INSERT INTO `sys_menu` VALUES ('1401020502', '维护申请新增', '14010205', '2', '#', 'menuItem', 'F', '0', 'broad:maintainApply:add', '#', 'itbo', '2019-12-23 10:54:37', 'itbo', '2019-12-23 10:54:37', '维护申请新增按钮');
INSERT INTO `sys_menu` VALUES ('1401020503', '维护申请修改', '14010205', '3', '#', 'menuItem', 'F', '0', 'broad:maintainApply:edit', '#', 'itbo', '2019-12-23 10:54:37', 'itbo', '2019-12-23 10:54:37', '维护申请修改按钮');
INSERT INTO `sys_menu` VALUES ('1401020504', '维护申请删除', '14010205', '4', '#', 'menuItem', 'F', '0', 'broad:maintainApply:remove', '#', 'itbo', '2019-12-23 10:54:38', 'itbo', '2019-12-23 10:54:38', '维护申请删除按钮');
INSERT INTO `sys_menu` VALUES ('1401030101', '节目单查询', '14010301', '1', '#', 'menuItem', 'F', '0', 'broad:per:list', '#', 'itbo', '2019-12-23 10:54:38', 'itbo', '2019-12-23 10:54:38', '节目单查询按钮');
INSERT INTO `sys_menu` VALUES ('1401030102', '节目单新增', '14010301', '2', '#', 'menuItem', 'F', '0', 'broad:per:add', '#', 'itbo', '2019-12-23 10:54:38', 'itbo', '2019-12-23 10:54:38', '节目单新增按钮');
INSERT INTO `sys_menu` VALUES ('1401030103', '节目单修改', '14010301', '3', '#', 'menuItem', 'F', '0', 'broad:per:edit', '#', 'itbo', '2019-12-23 10:54:38', 'itbo', '2019-12-23 10:54:38', '节目单修改按钮');
INSERT INTO `sys_menu` VALUES ('1401030104', '节目单删除', '14010301', '4', '#', 'menuItem', 'F', '0', 'broad:per:remove', '#', 'itbo', '2019-12-23 10:54:38', 'itbo', '2019-12-23 10:54:38', '节目单删除按钮');
INSERT INTO `sys_menu` VALUES ('1401030201', '节目申请', '14010302', '1', '/broad/proreApply', 'menuItem', 'C', '0', 'broad:proreApply:list', 'fa fa-address-book', 'itbo', '2019-12-23 10:54:38', 'itbo', '2019-12-23 10:54:38', '节目申请展示菜单');
INSERT INTO `sys_menu` VALUES ('1401030202', '节目审听', '14010302', '2', '/broad/prolisten', 'menuItem', 'C', '0', 'broad:prolisten:view', 'fa fa-address-book', 'itbo', '2019-12-23 10:54:39', 'itbo', '2019-12-23 10:54:39', '节目审听展示菜单');
INSERT INTO `sys_menu` VALUES ('1401030203', '节目审听查询', '14010302', '1', '#', 'menuItem', 'F', '0', 'broad:prolisten:list', '#', 'itbo', null, '', null, '');
INSERT INTO `sys_menu` VALUES ('1401030301', '节目播出单查询', '14010303', '1', '#', 'menuItem', 'F', '0', 'broad:proSinmanage:list', '#', 'itbo', '2019-12-23 10:54:39', 'itbo', '2019-12-23 10:54:39', '节目播出单查询按钮');
INSERT INTO `sys_menu` VALUES ('1401030302', '节目播出单新增', '14010303', '2', '#', 'menuItem', 'F', '0', 'broad:proSinmanage:add', '#', 'itbo', '2019-12-23 10:54:39', 'itbo', '2019-12-23 10:54:39', '节目播出单新增按钮');
INSERT INTO `sys_menu` VALUES ('1401030303', '节目播出单修改', '14010303', '3', '#', 'menuItem', 'F', '0', 'broad:proSinmanage:edit', '#', 'itbo', '2019-12-23 10:54:39', 'itbo', '2019-12-23 10:54:39', '节目播出单修改按钮');
INSERT INTO `sys_menu` VALUES ('1401030304', '节目播出单删除', '14010303', '4', '#', 'menuItem', 'F', '0', 'broad:proSinmanage:remove', '#', 'itbo', '2019-12-23 10:54:39', 'itbo', '2019-12-23 10:54:39', '节目播出单删除按钮');
INSERT INTO `sys_menu` VALUES ('1401030401', '转播频道查询', '14010304', '1', '#', 'menuItem', 'F', '0', 'broad:proChamanage:list', '#', 'itbo', '2019-12-23 10:54:39', 'itbo', '2019-12-23 10:54:39', '转播频道查询按钮');
INSERT INTO `sys_menu` VALUES ('1401030402', '转播频道新增', '14010304', '2', '#', 'menuItem', 'F', '0', 'broad:proChamanage:add', '#', 'itbo', '2019-12-23 10:54:40', 'itbo', '2019-12-23 10:54:40', '转播频道新增按钮');
INSERT INTO `sys_menu` VALUES ('1401030403', '转播频道修改', '14010304', '3', '#', 'menuItem', 'F', '0', 'broad:proChamanage:edit', '#', 'itbo', '2019-12-23 10:54:40', 'itbo', '2019-12-23 10:54:40', '转播频道修改按钮');
INSERT INTO `sys_menu` VALUES ('1401030404', '转播频道删除', '14010304', '4', '#', 'menuItem', 'F', '0', 'broad:proChamanage:remove', '#', 'itbo', '2019-12-23 10:54:40', 'itbo', '2019-12-23 10:54:40', '转播频道删除按钮');
INSERT INTO `sys_menu` VALUES ('1401030501', '紧急播出单查询', '14010305', '1', '#', 'menuItem', 'F', '0', 'broad:proSinmanage:list', '#', 'itbo', '2019-12-23 10:54:40', 'itbo', '2019-12-23 10:54:40', '紧急播出单查询按钮');
INSERT INTO `sys_menu` VALUES ('1401030502', '紧急播出单新增', '14010305', '2', '#', 'menuItem', 'F', '0', 'broad:proSinmanage:add', '#', 'itbo', '2019-12-23 10:54:40', 'itbo', '2019-12-23 10:54:40', '紧急播出单新增按钮');
INSERT INTO `sys_menu` VALUES ('1401030503', '紧急播出单修改', '14010305', '3', '#', 'menuItem', 'F', '0', 'broad:proSinmanage:edit', '#', 'itbo', '2019-12-23 10:54:40', 'itbo', '2019-12-23 10:54:40', '紧急播出单修改按钮');
INSERT INTO `sys_menu` VALUES ('1401030504', '紧急播出单删除', '14010305', '4', '#', 'menuItem', 'F', '0', 'broad:proSinmanage:remove', '#', 'itbo', '2019-12-23 10:54:40', 'itbo', '2019-12-23 10:54:40', '紧急播出单删除按钮');
INSERT INTO `sys_menu` VALUES ('1401030601', '短信播出查询', '14010306', '1', '#', 'menuItem', 'F', '0', 'broad:message:list', '#', 'itbo', '2019-12-23 10:54:41', 'itbo', '2019-12-23 10:54:41', '短信播出查询按钮');
INSERT INTO `sys_menu` VALUES ('1401030602', '短信播出新增', '14010306', '2', '#', 'menuItem', 'F', '0', 'broad:message:add', '#', 'itbo', '2019-12-23 10:54:41', 'itbo', '2019-12-23 10:54:41', '短信播出新增按钮');
INSERT INTO `sys_menu` VALUES ('1401030603', '短信播出修改', '14010306', '3', '#', 'menuItem', 'F', '0', 'broad:message:edit', '#', 'itbo', '2019-12-23 10:54:41', 'itbo', '2019-12-23 10:54:41', '短信播出修改按钮');
INSERT INTO `sys_menu` VALUES ('1401030604', '短信播出删除', '14010306', '4', '#', 'menuItem', 'F', '0', 'broad:message:remove', '#', 'itbo', '2019-12-23 10:54:41', 'itbo', '2019-12-23 10:54:41', '短信播出删除按钮');
INSERT INTO `sys_menu` VALUES ('1401030701', '特种节目查询', '14010307', '1', '#', 'menuItem', 'F', '0', 'broad:spec:list', '#', 'itbo', '2019-12-23 10:54:41', 'itbo', '2019-12-23 10:54:41', '特种节目查询按钮');
INSERT INTO `sys_menu` VALUES ('1401030702', '特种节目新增', '14010307', '2', '#', 'menuItem', 'F', '0', 'broad:spec:add', '#', 'itbo', '2019-12-23 10:54:41', 'itbo', '2019-12-23 10:54:41', '特种节目新增按钮');
INSERT INTO `sys_menu` VALUES ('1401030703', '特种节目修改', '14010307', '3', '#', 'menuItem', 'F', '0', 'broad:spec:edit', '#', 'itbo', '2019-12-23 10:54:41', 'itbo', '2019-12-23 10:54:41', '特种节目修改按钮');
INSERT INTO `sys_menu` VALUES ('1401030704', '特种节目删除', '14010307', '4', '#', 'menuItem', 'F', '0', 'broad:spec:remove', '#', 'itbo', '2019-12-23 10:54:41', 'itbo', '2019-12-23 10:54:41', '特种节目删除按钮');
INSERT INTO `sys_menu` VALUES ('1401040101', '打开直播', '14010401', '1', '#', 'menuItem', 'F', '0', 'broad:live:open', '#', 'itbo', '2019-12-23 10:54:42', 'itbo', '2019-12-23 10:54:42', '打开直播按钮');
INSERT INTO `sys_menu` VALUES ('1401040102', '关闭直播', '14010401', '2', '#', 'menuItem', 'F', '0', 'broad:live:close', '#', 'itbo', '2019-12-23 10:54:42', 'itbo', '2019-12-23 10:54:42', '关闭直播按钮');
INSERT INTO `sys_menu` VALUES ('1401040103', '选择终端', '14010401', '3', '#', 'menuItem', 'F', '0', 'broad:live:select', '#', 'itbo', '2019-12-23 10:54:42', 'itbo', '2019-12-23 10:54:42', '选择终端按钮');
INSERT INTO `sys_menu` VALUES ('1401040104', '选择文件', '14010401', '4', '#', 'menuItem', 'F', '0', 'broad:live:selectfile', '#', 'itbo', '2019-12-23 10:54:42', 'itbo', '2019-12-23 10:54:42', '选择文件按钮');
INSERT INTO `sys_menu` VALUES ('1401040105', '播放文件', '14010401', '5', '#', 'menuItem', 'F', '0', 'broad:live:playfile', '#', 'itbo', '2019-12-23 10:54:42', 'itbo', '2019-12-23 10:54:42', '播放文件按钮');
INSERT INTO `sys_menu` VALUES ('1401040106', '停止播放文件', '14010401', '6', '#', 'menuItem', 'F', '0', 'broad:live:closefile', '#', 'itbo', '2019-12-23 10:54:42', 'itbo', '2019-12-23 10:54:42', '停止播放文件按钮');
INSERT INTO `sys_menu` VALUES ('1401050101', '终端管理员查询', '14010501', '1', '#', 'menuItem', 'F', '0', 'broad:terminaladmin:list', '#', 'itbo', '2019-12-23 10:54:42', 'itbo', '2019-12-23 10:54:42', '终端管理员查询按钮');
INSERT INTO `sys_menu` VALUES ('1401050102', '终端管理员新增', '14010501', '2', '#', 'menuItem', 'F', '0', 'broad:terminaladmin:add', '#', 'itbo', '2019-12-23 10:54:43', 'itbo', '2019-12-23 10:54:43', '终端管理员新增按钮');
INSERT INTO `sys_menu` VALUES ('1401050103', '终端管理员修改', '14010501', '3', '#', 'menuItem', 'F', '0', 'broad:terminaladmin:edit', '#', 'itbo', '2019-12-23 10:54:43', 'itbo', '2019-12-23 10:54:43', '终端管理员修改按钮');
INSERT INTO `sys_menu` VALUES ('1401050104', '终端管理员删除', '14010501', '4', '#', 'menuItem', 'F', '0', 'broad:terminaladmin:remove', '#', 'itbo', '2019-12-23 10:54:43', 'itbo', '2019-12-23 10:54:43', '终端管理员删除按钮');
INSERT INTO `sys_menu` VALUES ('1401050201', '广播用户查询', '14010502', '1', '#', 'menultem', 'F', '0', 'broad:broaduser:list', '#', 'itbo', null, '', null, '');
INSERT INTO `sys_menu` VALUES ('1401050202', '广播用户新增', '14010502', '2', '#', 'menuItem', 'F', '0', 'broad:broaduser:add', '#', 'itbo', '2019-12-23 10:54:43', 'itbo', '2019-12-23 10:54:43', '广播用户新增按钮');
INSERT INTO `sys_menu` VALUES ('1401050203', '广播用户修改', '14010502', '3', '#', 'menuItem', 'F', '0', 'broad:broaduser:edit', '#', 'itbo', '2019-12-23 10:54:43', 'itbo', '2019-12-23 10:54:43', '广播用户修改按钮');
INSERT INTO `sys_menu` VALUES ('1401050204', '广播用户删除', '14010502', '4', '#', 'menuItem', 'F', '0', 'broad:broaduser:remove', '#', 'itbo', '2019-12-23 10:54:44', 'itbo', '2019-12-23 10:54:44', '广播用户删除按钮');
INSERT INTO `sys_menu` VALUES ('1401050205', '山洪监测图形显示', '150109', '5', '#', 'menultem', 'F', '0', 'iot:floodinfo:analysis', '#', 'admin', '2020-01-30 10:42:13', 'admin', '2020-01-01 10:42:16', '11111');
INSERT INTO `sys_menu` VALUES ('1401050206', '山洪灾害导出', '150109', '5', '#', 'menultem', 'F', '0', 'iot:floodinfo:export', '#', 'admin', '2020-01-14 23:28:19', 'admin', '2020-01-15 08:45:58', '');

-- ----------------------------
-- Table structure for sys_notice
-- ----------------------------
DROP TABLE IF EXISTS `sys_notice`;
CREATE TABLE `sys_notice` (
  `notice_id` int(4) NOT NULL AUTO_INCREMENT COMMENT '公告ID',
  `notice_title` varchar(50) CHARACTER SET utf8 COLLATE utf8_general_ci NOT NULL COMMENT '公告标题',
  `notice_type` char(1) CHARACTER SET utf8 COLLATE utf8_general_ci NOT NULL COMMENT '公告类型（1通知 2公告）',
  `notice_content` varchar(2000) CHARACTER SET utf8 COLLATE utf8_general_ci DEFAULT NULL COMMENT '公告内容',
  `status` char(1) CHARACTER SET utf8 COLLATE utf8_general_ci DEFAULT '0' COMMENT '公告状态（0正常 1关闭）',
  `create_by` varchar(64) CHARACTER SET utf8 COLLATE utf8_general_ci DEFAULT '' COMMENT '创建者',
  `create_time` datetime DEFAULT NULL COMMENT '创建时间',
  `update_by` varchar(64) CHARACTER SET utf8 COLLATE utf8_general_ci DEFAULT '' COMMENT '更新者',
  `update_time` datetime DEFAULT NULL COMMENT '更新时间',
  `remark` varchar(255) CHARACTER SET utf8 COLLATE utf8_general_ci DEFAULT NULL COMMENT '备注',
  PRIMARY KEY (`notice_id`) USING BTREE
) ENGINE=InnoDB AUTO_INCREMENT=3 DEFAULT CHARSET=utf8 ROW_FORMAT=DYNAMIC COMMENT='通知公告表';

-- ----------------------------
-- Records of sys_notice
-- ----------------------------
INSERT INTO `sys_notice` VALUES ('1', '温馨提醒：2018-07-01 若依新版本发布啦', '2', '新版本内容', '0', 'admin', '2018-03-16 11:33:00', 'ry', '2018-03-16 11:33:00', '管理员');
INSERT INTO `sys_notice` VALUES ('2', '维护通知：2018-07-01 若依系统凌晨维护', '1', '维护内容', '0', 'admin', '2018-03-16 11:33:00', 'ry', '2018-03-16 11:33:00', '管理员');

-- ----------------------------
-- Table structure for sys_oper_log
-- ----------------------------
DROP TABLE IF EXISTS `sys_oper_log`;
CREATE TABLE `sys_oper_log` (
  `oper_id` bigint(20) NOT NULL AUTO_INCREMENT COMMENT '日志主键',
  `title` varchar(50) CHARACTER SET utf8 COLLATE utf8_general_ci DEFAULT '' COMMENT '模块标题',
  `business_type` int(2) DEFAULT '0' COMMENT '业务类型（0其它 1新增 2修改 3删除）',
  `method` varchar(100) CHARACTER SET utf8 COLLATE utf8_general_ci DEFAULT '' COMMENT '方法名称',
  `request_method` varchar(10) CHARACTER SET utf8 COLLATE utf8_general_ci DEFAULT '' COMMENT '请求方式',
  `operator_type` int(1) DEFAULT '0' COMMENT '操作类别（0其它 1后台用户 2手机端用户）',
  `oper_name` varchar(50) CHARACTER SET utf8 COLLATE utf8_general_ci DEFAULT '' COMMENT '操作人员',
  `dept_name` varchar(50) CHARACTER SET utf8 COLLATE utf8_general_ci DEFAULT '' COMMENT '部门名称',
  `oper_url` varchar(255) CHARACTER SET utf8 COLLATE utf8_general_ci DEFAULT '' COMMENT '请求URL',
  `oper_ip` varchar(50) CHARACTER SET utf8 COLLATE utf8_general_ci DEFAULT '' COMMENT '主机地址',
  `oper_location` varchar(255) CHARACTER SET utf8 COLLATE utf8_general_ci DEFAULT '' COMMENT '操作地点',
  `oper_param` varchar(2000) CHARACTER SET utf8 COLLATE utf8_general_ci DEFAULT '' COMMENT '请求参数',
  `json_result` varchar(2000) CHARACTER SET utf8 COLLATE utf8_general_ci DEFAULT '' COMMENT '返回参数',
  `status` int(1) DEFAULT '0' COMMENT '操作状态（0正常 1异常）',
  `error_msg` varchar(2000) CHARACTER SET utf8 COLLATE utf8_general_ci DEFAULT '' COMMENT '错误消息',
  `oper_time` datetime DEFAULT NULL COMMENT '操作时间',
  PRIMARY KEY (`oper_id`) USING BTREE
) ENGINE=InnoDB AUTO_INCREMENT=219 DEFAULT CHARSET=utf8 ROW_FORMAT=DYNAMIC COMMENT='操作日志记录';

-- ----------------------------
-- Records of sys_oper_log
-- ----------------------------
INSERT INTO `sys_oper_log` VALUES ('100', '个人信息', '2', 'com.sixin.web.controller.system.SysProfileController.update()', 'POST', '1', 'admin', '研发部门', '/system/user/profile/update', '127.0.0.1', '内网IP', '{\r\n  \"id\" : [ \"\" ],\r\n  \"userName\" : [ \"刘波\" ],\r\n  \"phonenumber\" : [ \"13117319830\" ],\r\n  \"email\" : [ \"l-tb@163.com\" ],\r\n  \"sex\" : [ \"0\" ]\r\n}', '{\r\n  \"msg\" : \"操作成功\",\r\n  \"code\" : 0\r\n}', '0', null, '2020-01-29 22:09:18');
INSERT INTO `sys_oper_log` VALUES ('101', '个人信息', '2', 'com.sixin.web.controller.system.SysProfileController.updateAvatar()', 'POST', '1', 'admin', '研发部门', '/system/user/profile/updateAvatar', '127.0.0.1', '内网IP', '{ }', '{\r\n  \"msg\" : \"java.io.FileNotFoundException: E:\\\\work\\\\tomcat.3710632844544563613.5050\\\\work\\\\Tomcat\\\\localhost\\\\ROOT\\\\profile\\\\uploadPath\\\\avatar\\\\2020\\\\01\\\\29\\\\eaaf867d527083451a91a09534cbe6e0.png (系统找不到指定的路径。)\",\r\n  \"code\" : 500\r\n}', '0', null, '2020-01-29 22:21:11');
INSERT INTO `sys_oper_log` VALUES ('102', '个人信息', '2', 'com.sixin.web.controller.system.SysProfileController.updateAvatar()', 'POST', '1', 'admin', '研发部门', '/system/user/profile/updateAvatar', '127.0.0.1', '内网IP', '{ }', '{\r\n  \"msg\" : \"java.io.FileNotFoundException: E:\\\\work\\\\tomcat.3710632844544563613.5050\\\\work\\\\Tomcat\\\\localhost\\\\ROOT\\\\profile\\\\uploadPath\\\\avatar\\\\2020\\\\01\\\\29\\\\01d5bc1d372b469d890a21b3ff3f1b4c.png (系统找不到指定的路径。)\",\r\n  \"code\" : 500\r\n}', '0', null, '2020-01-29 22:21:53');
INSERT INTO `sys_oper_log` VALUES ('103', '菜单管理', '2', 'com.sixin.web.controller.system.SysMenuController.editSave()', 'POST', '1', 'admin', null, '/system/menu/edit', '127.0.0.1', '内网IP', '{\r\n  \"menuId\" : [ \"11\" ],\r\n  \"parentId\" : [ \"0\" ],\r\n  \"menuType\" : [ \"M\" ],\r\n  \"menuName\" : [ \"控制台\" ],\r\n  \"url\" : [ \"#\" ],\r\n  \"target\" : [ \"menuItem\" ],\r\n  \"perms\" : [ \"\" ],\r\n  \"orderNum\" : [ \"1\" ],\r\n  \"icon\" : [ \"fa fa-asterisk\" ],\r\n  \"visible\" : [ \"0\" ]\r\n}', '{\r\n  \"msg\" : \"操作成功\",\r\n  \"code\" : 0\r\n}', '0', null, '2020-02-03 15:55:33');
INSERT INTO `sys_oper_log` VALUES ('104', '菜单管理', '2', 'com.sixin.web.controller.system.SysMenuController.editSave()', 'POST', '1', 'admin', '新疆建设兵团', '/system/menu/edit', '127.0.0.1', '内网IP', '{\r\n  \"menuId\" : [ \"11\" ],\r\n  \"parentId\" : [ \"0\" ],\r\n  \"menuType\" : [ \"M\" ],\r\n  \"menuName\" : [ \"控制台\" ],\r\n  \"url\" : [ \"#\" ],\r\n  \"target\" : [ \"menuItem\" ],\r\n  \"perms\" : [ \"\" ],\r\n  \"orderNum\" : [ \"1\" ],\r\n  \"icon\" : [ \"fa fa-bank\" ],\r\n  \"visible\" : [ \"0\" ]\r\n}', '{\r\n  \"msg\" : \"操作成功\",\r\n  \"code\" : 0\r\n}', '0', null, '2020-02-03 18:13:14');
INSERT INTO `sys_oper_log` VALUES ('105', '菜单管理', '1', 'com.sixin.web.controller.system.SysMenuController.addSave()', 'POST', '1', 'admin', '新疆建设兵团', '/system/menu/add', '127.0.0.1', '内网IP', '{\r\n  \"parentId\" : [ \"1101\" ],\r\n  \"menuType\" : [ \"C\" ],\r\n  \"menuName\" : [ \"测试数据\" ],\r\n  \"url\" : [ \"\" ],\r\n  \"target\" : [ \"menuBlank\" ],\r\n  \"perms\" : [ \"\" ],\r\n  \"orderNum\" : [ \"1\" ],\r\n  \"icon\" : [ \"fa fa-address-book-o\" ],\r\n  \"visible\" : [ \"0\" ]\r\n}', '{\r\n  \"msg\" : \"操作成功\",\r\n  \"code\" : 0\r\n}', '0', null, '2020-02-03 22:12:18');
INSERT INTO `sys_oper_log` VALUES ('106', '菜单管理', '3', 'com.sixin.web.controller.system.SysMenuController.remove()', 'GET', '1', 'admin', '新疆建设兵团', '/system/menu/remove/1401050207', '127.0.0.1', '内网IP', '{ }', '{\r\n  \"msg\" : \"操作成功\",\r\n  \"code\" : 0\r\n}', '0', null, '2020-02-03 22:12:39');
INSERT INTO `sys_oper_log` VALUES ('107', '角色管理', '1', 'com.sixin.web.controller.system.SysRoleController.addSave()', 'POST', '1', 'admin', '新疆建设兵团', '/system/role/add', '127.0.0.1', '内网IP', '{\r\n  \"roleName\" : [ \"村务管理\" ],\r\n  \"roleKey\" : [ \"village_manager\" ],\r\n  \"roleSort\" : [ \"8\" ],\r\n  \"status\" : [ \"0\" ],\r\n  \"remark\" : [ \"典兴村管理者\" ],\r\n  \"menuIds\" : [ \"11,1101,1102,110201,110202,110203,110204,110205,110206,1103,1104,1105,12,1202,120201,120202,120203,120204,120205,120206,1203,120301,120302,120303,120304,120305,13,1301,130101,13010101,13010102,13010103,13010104,130102,13010201,13010202,13010203,13010204,130103,13010301,13010302,13010303,13010304,130104,13010401,13010402,13010403,13010404,130105,13010501,13010502,13010503,13010504,1302,130201,13020101,13020102,13020103,13020104,130202,13020201,13020202,13020203,13020204,130203,13020301,13020302,13020303,13020304,130204,13020401,1303,130301,13030101,13030102,13030103,13030104,1304,130401,13040101,13040102,13040103,13040104,1305,130501,13050101,13050102,13050103,13050104,1306,130601,130602,1307,130701,13070101,13070102,13070103,13070104,130702,13070201,13070202,13070203,13070204,130703,13070301,13070302,13070303,13070304,130704,13070401,13070402,13070403,13070404,130705,13070501,13070502,13070503,13070504,130706,13070601,13070602,13070603,13070604,130707,13070701,13070702,13070703,13070704,1308,130801,13080101,13080102,13080103,13080104,130802,13080201,13080202,13080203,13080204,130803,13080301,13080302,13080303,13080304,130804,13080401,13080402,13080403,13080404,130805,13080501,13080502,13080503,13080504,130806,13080601,13080602,13080603,13080604,1309,130901,13090101,13090102,13090103,13090104,130902,13090201,13090202,13090203,13090204,130903,13090301,13090302,13090303,13090304,130904,13090401,13090402,13090403,13090404,130905,13090501,13090502,13090503,13090504,130906,13090601,13090602,13090603,13090604\" ]\r\n}', '{\r\n  \"msg\" : \"操作成功\",\r\n  \"code\" : 0\r\n}', '0', null, '2020-02-04 15:14:15');
INSERT INTO `sys_oper_log` VALUES ('108', '重置密码', '2', 'com.sixin.web.controller.system.SysProfileController.resetPwd()', 'POST', '1', 'admin', '新疆建设兵团', '/system/user/profile/resetPwd', '127.0.0.1', '内网IP', '{\r\n  \"userId\" : [ \"1\" ],\r\n  \"loginName\" : [ \"admin\" ],\r\n  \"oldPassword\" : [ \"admin123\" ],\r\n  \"newPassword\" : [ \"lb123456\" ],\r\n  \"confirm\" : [ \"lb123456\" ]\r\n}', '{\r\n  \"msg\" : \"操作成功\",\r\n  \"code\" : 0\r\n}', '0', null, '2020-02-04 20:18:17');
INSERT INTO `sys_oper_log` VALUES ('109', '授权号码管理', '1', 'com.sixin.web.controller.system.SysPhoneController.addSave()', 'POST', '1', 'admin', '新疆建设兵团', '/system/phonemanage/add', '127.0.0.1', '内网IP', '{\r\n  \"phone\" : [ \"12345678901\" ],\r\n  \"uid\" : [ \"4\" ],\r\n  \"uname\" : [ \"sch\" ],\r\n  \"rolecode\" : [ \"123\" ],\r\n  \"allowid\" : [ \"1\" ],\r\n  \"allowname\" : [ \"lb\" ],\r\n  \"reallowid\" : [ \"1\" ],\r\n  \"reallowname\" : [ \"刘波\" ],\r\n  \"allowpic\" : [ \"hunau\" ],\r\n  \"remark\" : [ \"1\" ]\r\n}', '{\r\n  \"msg\" : \"操作成功\",\r\n  \"code\" : 0\r\n}', '0', null, '2020-02-09 18:58:31');
INSERT INTO `sys_oper_log` VALUES ('110', '授权号码管理', '3', 'com.sixin.web.controller.system.SysPhoneController.remove()', 'POST', '1', 'admin', '新疆建设兵团', '/system/phonemanage/remove', '127.0.0.1', '内网IP', '{\r\n  \"ids\" : [ \"4\" ]\r\n}', '{\r\n  \"msg\" : \"操作失败\",\r\n  \"code\" : 500\r\n}', '0', null, '2020-02-09 19:10:24');
INSERT INTO `sys_oper_log` VALUES ('111', '授权号码管理', '3', 'com.sixin.web.controller.system.SysPhoneController.remove()', 'POST', '1', 'admin', '新疆建设兵团', '/system/phonemanage/remove', '127.0.0.1', '内网IP', '{\r\n  \"ids\" : [ \"4\" ]\r\n}', '{\r\n  \"msg\" : \"操作失败\",\r\n  \"code\" : 500\r\n}', '0', null, '2020-02-09 19:16:29');
INSERT INTO `sys_oper_log` VALUES ('112', '授权号码管理', '3', 'com.sixin.web.controller.system.SysPhoneController.remove()', 'POST', '1', 'admin', '新疆建设兵团', '/system/phonemanage/remove', '127.0.0.1', '内网IP', '{\r\n  \"ids\" : [ \"4\" ]\r\n}', '{\r\n  \"msg\" : \"操作失败\",\r\n  \"code\" : 500\r\n}', '0', null, '2020-02-09 19:20:45');
INSERT INTO `sys_oper_log` VALUES ('113', '授权号码管理', '3', 'com.sixin.web.controller.system.SysPhoneController.remove()', 'POST', '1', 'admin', '新疆建设兵团', '/system/phonemanage/remove', '127.0.0.1', '内网IP', '{\r\n  \"ids\" : [ \"4\" ]\r\n}', 'null', '1', 'nested exception is org.apache.ibatis.builder.BuilderException: The expression \'array\' evaluated to a null value.', '2020-02-09 19:22:10');
INSERT INTO `sys_oper_log` VALUES ('114', '授权号码管理', '3', 'com.sixin.web.controller.system.SysPhoneController.remove()', 'POST', '1', 'admin', '新疆建设兵团', '/system/phonemanage/remove', '127.0.0.1', '内网IP', '{\r\n  \"ids\" : [ \"4\" ]\r\n}', 'null', '1', '\r\n### Error updating database.  Cause: com.mysql.jdbc.exceptions.jdbc4.MySQLSyntaxErrorException: You have an error in your SQL syntax; check the manual that corresponds to your MySQL server version for the right syntax to use near \'}\' at line 1\r\n### The error may involve com.sixin.system.mapper.SysPhoneMapper.deletePhone-Inline\r\n### The error occurred while setting parameters\r\n### SQL: delete from sys_phonemanage where pid = {pid}\r\n### Cause: com.mysql.jdbc.exceptions.jdbc4.MySQLSyntaxErrorException: You have an error in your SQL syntax; check the manual that corresponds to your MySQL server version for the right syntax to use near \'}\' at line 1\n; bad SQL grammar []; nested exception is com.mysql.jdbc.exceptions.jdbc4.MySQLSyntaxErrorException: You have an error in your SQL syntax; check the manual that corresponds to your MySQL server version for the right syntax to use near \'}\' at line 1', '2020-02-09 19:30:18');
INSERT INTO `sys_oper_log` VALUES ('115', '授权号码管理', '3', 'com.sixin.web.controller.system.SysPhoneController.remove()', 'POST', '1', 'admin', '新疆建设兵团', '/system/phonemanage/remove', '127.0.0.1', '内网IP', '{\r\n  \"ids\" : [ \"4\" ]\r\n}', '{\r\n  \"msg\" : \"操作失败\",\r\n  \"code\" : 500\r\n}', '0', null, '2020-02-09 19:32:14');
INSERT INTO `sys_oper_log` VALUES ('116', '授权号码管理', '3', 'com.sixin.web.controller.system.SysPhoneController.remove()', 'POST', '1', 'admin', '新疆建设兵团', '/system/phonemanage/remove', '127.0.0.1', '内网IP', '{\r\n  \"ids\" : [ \"4\" ]\r\n}', '{\r\n  \"msg\" : \"操作失败\",\r\n  \"code\" : 500\r\n}', '0', null, '2020-02-09 19:32:36');
INSERT INTO `sys_oper_log` VALUES ('117', '授权号码管理', '3', 'com.sixin.web.controller.system.SysPhoneController.remove()', 'POST', '1', 'admin', '新疆建设兵团', '/system/phonemanage/remove', '127.0.0.1', '内网IP', '{\r\n  \"ids\" : [ \"4\" ]\r\n}', '{\r\n  \"msg\" : \"操作失败\",\r\n  \"code\" : 500\r\n}', '0', null, '2020-02-09 19:34:21');
INSERT INTO `sys_oper_log` VALUES ('118', '授权号码管理', '3', 'com.sixin.web.controller.system.SysPhoneController.remove()', 'POST', '1', 'admin', '新疆建设兵团', '/system/phonemanage/remove', '127.0.0.1', '内网IP', '{\r\n  \"ids\" : [ \"4\" ]\r\n}', '{\r\n  \"msg\" : \"操作失败\",\r\n  \"code\" : 500\r\n}', '0', null, '2020-02-09 19:35:40');
INSERT INTO `sys_oper_log` VALUES ('119', '授权号码管理', '3', 'com.sixin.web.controller.system.SysPhoneController.remove()', 'POST', '1', 'admin', '新疆建设兵团', '/system/phonemanage/remove', '127.0.0.1', '内网IP', '{\r\n  \"ids\" : [ \"4\" ]\r\n}', 'null', '1', '', '2020-02-09 19:51:11');
INSERT INTO `sys_oper_log` VALUES ('120', '授权号码管理', '3', 'com.sixin.web.controller.system.SysPhoneController.remove()', 'POST', '1', 'admin', '新疆建设兵团', '/system/phonemanage/remove', '127.0.0.1', '内网IP', '{\r\n  \"ids\" : [ \"4\" ]\r\n}', 'null', '1', '', '2020-02-09 19:51:17');
INSERT INTO `sys_oper_log` VALUES ('121', '授权号码管理', '3', 'com.sixin.web.controller.system.SysPhoneController.remove()', 'POST', '1', 'admin', '新疆建设兵团', '/system/phonemanage/remove', '127.0.0.1', '内网IP', '{\r\n  \"ids\" : [ \"4\" ]\r\n}', 'null', '1', '', '2020-02-09 19:56:35');
INSERT INTO `sys_oper_log` VALUES ('122', '授权手机管理', '2', 'com.sixin.web.controller.system.SysPhoneController.editSave()', 'POST', '1', 'admin', '新疆建设兵团', '/system/phonemanage/edit', '127.0.0.1', '内网IP', '{ }', 'null', '1', '\r\n### Error updating database.  Cause: com.mysql.jdbc.exceptions.jdbc4.MySQLSyntaxErrorException: You have an error in your SQL syntax; check the manual that corresponds to your MySQL server version for the right syntax to use near \'where pid=0\' at line 3\r\n### The error may involve com.sixin.system.mapper.SysPhoneMapper.updatePhone-Inline\r\n### The error occurred while setting parameters\r\n### SQL: update sys_phonemanage                    where pid=?\r\n### Cause: com.mysql.jdbc.exceptions.jdbc4.MySQLSyntaxErrorException: You have an error in your SQL syntax; check the manual that corresponds to your MySQL server version for the right syntax to use near \'where pid=0\' at line 3\n; bad SQL grammar []; nested exception is com.mysql.jdbc.exceptions.jdbc4.MySQLSyntaxErrorException: You have an error in your SQL syntax; check the manual that corresponds to your MySQL server version for the right syntax to use near \'where pid=0\' at line 3', '2020-02-10 10:50:39');
INSERT INTO `sys_oper_log` VALUES ('123', '授权手机管理', '2', 'com.sixin.web.controller.system.SysPhoneController.editSave()', 'POST', '1', 'admin', '新疆建设兵团', '/system/phonemanage/edit', '127.0.0.1', '内网IP', '{ }', 'null', '1', '\r\n### Error updating database.  Cause: com.mysql.jdbc.exceptions.jdbc4.MySQLSyntaxErrorException: You have an error in your SQL syntax; check the manual that corresponds to your MySQL server version for the right syntax to use near \'where pid=0\' at line 3\r\n### The error may involve com.sixin.system.mapper.SysPhoneMapper.updatePhone-Inline\r\n### The error occurred while setting parameters\r\n### SQL: update sys_phonemanage                    where pid=?\r\n### Cause: com.mysql.jdbc.exceptions.jdbc4.MySQLSyntaxErrorException: You have an error in your SQL syntax; check the manual that corresponds to your MySQL server version for the right syntax to use near \'where pid=0\' at line 3\n; bad SQL grammar []; nested exception is com.mysql.jdbc.exceptions.jdbc4.MySQLSyntaxErrorException: You have an error in your SQL syntax; check the manual that corresponds to your MySQL server version for the right syntax to use near \'where pid=0\' at line 3', '2020-02-10 10:53:35');
INSERT INTO `sys_oper_log` VALUES ('124', '授权手机管理', '2', 'com.sixin.web.controller.system.SysPhoneController.editSave()', 'POST', '1', 'admin', '新疆建设兵团', '/system/phonemanage/edit', '127.0.0.1', '内网IP', '{ }', 'null', '1', '\r\n### Error updating database.  Cause: com.mysql.jdbc.exceptions.jdbc4.MySQLSyntaxErrorException: You have an error in your SQL syntax; check the manual that corresponds to your MySQL server version for the right syntax to use near \'where pid=0\' at line 3\r\n### The error may involve com.sixin.system.mapper.SysPhoneMapper.updatePhone-Inline\r\n### The error occurred while setting parameters\r\n### SQL: update sys_phonemanage                    where pid=?\r\n### Cause: com.mysql.jdbc.exceptions.jdbc4.MySQLSyntaxErrorException: You have an error in your SQL syntax; check the manual that corresponds to your MySQL server version for the right syntax to use near \'where pid=0\' at line 3\n; bad SQL grammar []; nested exception is com.mysql.jdbc.exceptions.jdbc4.MySQLSyntaxErrorException: You have an error in your SQL syntax; check the manual that corresponds to your MySQL server version for the right syntax to use near \'where pid=0\' at line 3', '2020-02-10 10:55:54');
INSERT INTO `sys_oper_log` VALUES ('125', '授权号码管理', '3', 'com.sixin.web.controller.system.SysPhoneController.remove()', 'POST', '1', 'admin', '新疆建设兵团', '/system/phonemanage/remove', '127.0.0.1', '内网IP', '{\r\n  \"ids\" : [ \"4\" ]\r\n}', '{\r\n  \"msg\" : \"操作失败\",\r\n  \"code\" : 500\r\n}', '0', null, '2020-02-10 11:05:07');
INSERT INTO `sys_oper_log` VALUES ('126', '授权手机管理', '2', 'com.sixin.web.controller.system.SysPhoneController.editSave()', 'POST', '1', 'admin', '新疆建设兵团', '/system/phonemanage/edit', '127.0.0.1', '内网IP', '{ }', 'null', '1', '\r\n### Error updating database.  Cause: com.mysql.jdbc.exceptions.jdbc4.MySQLSyntaxErrorException: You have an error in your SQL syntax; check the manual that corresponds to your MySQL server version for the right syntax to use near \'where pid=null\' at line 3\r\n### The error may involve com.sixin.system.mapper.SysPhoneMapper.updatePhone-Inline\r\n### The error occurred while setting parameters\r\n### SQL: update sys_phonemanage                    where pid=?\r\n### Cause: com.mysql.jdbc.exceptions.jdbc4.MySQLSyntaxErrorException: You have an error in your SQL syntax; check the manual that corresponds to your MySQL server version for the right syntax to use near \'where pid=null\' at line 3\n; bad SQL grammar []; nested exception is com.mysql.jdbc.exceptions.jdbc4.MySQLSyntaxErrorException: You have an error in your SQL syntax; check the manual that corresponds to your MySQL server version for the right syntax to use near \'where pid=null\' at line 3', '2020-02-10 11:05:17');
INSERT INTO `sys_oper_log` VALUES ('127', '特殊人员管理', '1', 'com.sixin.web.controller.system.SysPersonController.addSave()', 'POST', '1', 'admin', '新疆建设兵团', '/system/sperson/add', '127.0.0.1', '内网IP', '{\r\n  \"pid\" : [ \"2\" ],\r\n  \"pname\" : [ \"test\" ],\r\n  \"phone\" : [ \"12345678901\" ],\r\n  \"ptype\" : [ \"4g\" ],\r\n  \"stationcode\" : [ \"费诺编码\" ],\r\n  \"redius\" : [ \"10\" ],\r\n  \"address\" : [ \"广州市\" ],\r\n  \"remark\" : [ \"1\" ]\r\n}', '{\r\n  \"msg\" : \"操作成功\",\r\n  \"code\" : 0\r\n}', '0', null, '2020-02-10 12:50:03');
INSERT INTO `sys_oper_log` VALUES ('128', '特殊人员信息', '2', 'com.sixin.web.controller.system.SysPersonController.editSave()', 'POST', '1', 'admin', '新疆建设兵团', '/system/sperson/edit', '127.0.0.1', '内网IP', '{ }', 'null', '1', 'Invalid bound statement (not found): com.sixin.system.mapper.SysPersonMapper.updatePerson', '2020-02-10 13:32:28');
INSERT INTO `sys_oper_log` VALUES ('129', '特殊人员信息', '2', 'com.sixin.web.controller.system.SysPersonController.editSave()', 'POST', '1', 'admin', '新疆建设兵团', '/system/sperson/edit', '127.0.0.1', '内网IP', '{ }', 'null', '1', '\r\n### Error updating database.  Cause: com.mysql.jdbc.exceptions.jdbc4.MySQLSyntaxErrorException: You have an error in your SQL syntax; check the manual that corresponds to your MySQL server version for the right syntax to use near \'where id=null\' at line 3\r\n### The error may involve com.sixin.system.mapper.SysPersonMapper.updatePerson-Inline\r\n### The error occurred while setting parameters\r\n### SQL: update sys_specialperson                    where id=?\r\n### Cause: com.mysql.jdbc.exceptions.jdbc4.MySQLSyntaxErrorException: You have an error in your SQL syntax; check the manual that corresponds to your MySQL server version for the right syntax to use near \'where id=null\' at line 3\n; bad SQL grammar []; nested exception is com.mysql.jdbc.exceptions.jdbc4.MySQLSyntaxErrorException: You have an error in your SQL syntax; check the manual that corresponds to your MySQL server version for the right syntax to use near \'where id=null\' at line 3', '2020-02-10 13:34:14');
INSERT INTO `sys_oper_log` VALUES ('130', '特殊人员信息', '2', 'com.sixin.web.controller.system.SysPersonController.editSave()', 'POST', '1', 'admin', '新疆建设兵团', '/system/sperson/edit', '127.0.0.1', '内网IP', '{ }', 'null', '1', '\r\n### Error updating database.  Cause: com.mysql.jdbc.exceptions.jdbc4.MySQLSyntaxErrorException: You have an error in your SQL syntax; check the manual that corresponds to your MySQL server version for the right syntax to use near \'where id=null\' at line 3\r\n### The error may involve com.sixin.system.mapper.SysPersonMapper.updatePerson-Inline\r\n### The error occurred while setting parameters\r\n### SQL: update sys_specialperson                    where id=?\r\n### Cause: com.mysql.jdbc.exceptions.jdbc4.MySQLSyntaxErrorException: You have an error in your SQL syntax; check the manual that corresponds to your MySQL server version for the right syntax to use near \'where id=null\' at line 3\n; bad SQL grammar []; nested exception is com.mysql.jdbc.exceptions.jdbc4.MySQLSyntaxErrorException: You have an error in your SQL syntax; check the manual that corresponds to your MySQL server version for the right syntax to use near \'where id=null\' at line 3', '2020-02-10 13:34:29');
INSERT INTO `sys_oper_log` VALUES ('131', '特殊人员信息', '2', 'com.sixin.web.controller.system.SysPersonController.editSave()', 'POST', '1', 'admin', '新疆建设兵团', '/system/sperson/edit', '127.0.0.1', '内网IP', '{ }', 'null', '1', '\r\n### Error updating database.  Cause: com.mysql.jdbc.exceptions.jdbc4.MySQLSyntaxErrorException: You have an error in your SQL syntax; check the manual that corresponds to your MySQL server version for the right syntax to use near \'where id = null\' at line 3\r\n### The error may involve com.sixin.system.mapper.SysPersonMapper.updatePerson-Inline\r\n### The error occurred while setting parameters\r\n### SQL: update sys_specialperson                    where id = ?\r\n### Cause: com.mysql.jdbc.exceptions.jdbc4.MySQLSyntaxErrorException: You have an error in your SQL syntax; check the manual that corresponds to your MySQL server version for the right syntax to use near \'where id = null\' at line 3\n; bad SQL grammar []; nested exception is com.mysql.jdbc.exceptions.jdbc4.MySQLSyntaxErrorException: You have an error in your SQL syntax; check the manual that corresponds to your MySQL server version for the right syntax to use near \'where id = null\' at line 3', '2020-02-10 13:42:24');
INSERT INTO `sys_oper_log` VALUES ('132', '特殊人员信息', '3', 'com.sixin.web.controller.system.SysPersonController.remove()', 'POST', '1', 'admin', '新疆建设兵团', '/system/sperson/remove', '127.0.0.1', '内网IP', '{\r\n  \"ids\" : [ \"1\" ]\r\n}', '{\r\n  \"msg\" : \"操作失败\",\r\n  \"code\" : 500\r\n}', '0', null, '2020-02-10 13:43:54');
INSERT INTO `sys_oper_log` VALUES ('133', '特殊人员信息', '2', 'com.sixin.web.controller.system.SysPersonController.editSave()', 'POST', '1', 'admin', '新疆建设兵团', '/system/sperson/edit', '127.0.0.1', '内网IP', '{\r\n  \"id\" : [ \"1\" ],\r\n  \"pid\" : [ \"1\" ],\r\n  \"pname\" : [ \"sch\" ],\r\n  \"phone\" : [ \"18588940718\" ],\r\n  \"ptype\" : [ \"5g\" ],\r\n  \"stationcode\" : [ \"\" ],\r\n  \"redius\" : [ \"1000\" ],\r\n  \"address\" : [ \"\" ],\r\n  \"remark\" : [ \"1\" ]\r\n}', 'null', '1', '\r\n### Error updating database.  Cause: com.mysql.jdbc.exceptions.jdbc4.MySQLSyntaxErrorException: You have an error in your SQL syntax; check the manual that corresponds to your MySQL server version for the right syntax to use near \'\'5g\',\n            \n            redius=1000,\n            \n            remark=1 \n \' at line 5\r\n### The error may involve com.sixin.system.mapper.SysPersonMapper.updatePerson-Inline\r\n### The error occurred while setting parameters\r\n### SQL: update sys_specialperson          SET pid=?,             pname=?,             phone=?,             ptype?,                          redius=?,                          remark=?          where id = ?\r\n### Cause: com.mysql.jdbc.exceptions.jdbc4.MySQLSyntaxErrorException: You have an error in your SQL syntax; check the manual that corresponds to your MySQL server version for the right syntax to use near \'\'5g\',\n            \n            redius=1000,\n            \n            remark=1 \n \' at line 5\n; bad SQL grammar []; nested exception is com.mysql.jdbc.exceptions.jdbc4.MySQLSyntaxErrorException: You have an error in your SQL syntax; check the manual that corresponds to your MySQL server version for the right syntax to use near \'\'5g\',\n            \n            redius=1000,\n            \n            remark=1 \n \' at line 5', '2020-02-10 13:49:27');
INSERT INTO `sys_oper_log` VALUES ('134', '特殊人员信息', '2', 'com.sixin.web.controller.system.SysPersonController.editSave()', 'POST', '1', 'admin', '新疆建设兵团', '/system/sperson/edit', '127.0.0.1', '内网IP', '{\r\n  \"id\" : [ \"1\" ],\r\n  \"pid\" : [ \"14\" ],\r\n  \"pname\" : [ \"sch1\" ],\r\n  \"phone\" : [ \"18588940711\" ],\r\n  \"ptype\" : [ \"5g\" ],\r\n  \"stationcode\" : [ \"huffman\" ],\r\n  \"redius\" : [ \"1000\" ],\r\n  \"address\" : [ \"hunau\" ],\r\n  \"remark\" : [ \"1\" ]\r\n}', 'null', '1', '\r\n### Error updating database.  Cause: com.mysql.jdbc.exceptions.jdbc4.MySQLSyntaxErrorException: You have an error in your SQL syntax; check the manual that corresponds to your MySQL server version for the right syntax to use near \'\'5g\',\n            stationcode=\'huffman\',\n            redius=1000,\n            ad\' at line 5\r\n### The error may involve com.sixin.system.mapper.SysPersonMapper.updatePerson-Inline\r\n### The error occurred while setting parameters\r\n### SQL: update sys_specialperson          SET pid=?,             pname=?,             phone=?,             ptype?,             stationcode=?,             redius=?,             address=?,             remark=?          where id = ?\r\n### Cause: com.mysql.jdbc.exceptions.jdbc4.MySQLSyntaxErrorException: You have an error in your SQL syntax; check the manual that corresponds to your MySQL server version for the right syntax to use near \'\'5g\',\n            stationcode=\'huffman\',\n            redius=1000,\n            ad\' at line 5\n; bad SQL grammar []; nested exception is com.mysql.jdbc.exceptions.jdbc4.MySQLSyntaxErrorException: You have an error in your SQL syntax; check the manual that corresponds to your MySQL server version for the right syntax to use near \'\'5g\',\n            stationcode=\'huffman\',\n            redius=1000,\n            ad\' at line 5', '2020-02-10 13:50:29');
INSERT INTO `sys_oper_log` VALUES ('135', '特殊人员信息', '3', 'com.sixin.web.controller.system.SysPersonController.remove()', 'POST', '1', 'admin', '新疆建设兵团', '/system/sperson/remove', '127.0.0.1', '内网IP', '{\r\n  \"ids\" : [ \"1\" ]\r\n}', '{\r\n  \"msg\" : \"操作失败\",\r\n  \"code\" : 500\r\n}', '0', null, '2020-02-10 13:52:24');
INSERT INTO `sys_oper_log` VALUES ('136', '特殊人员信息', '2', 'com.sixin.web.controller.system.SysPersonController.editSave()', 'POST', '1', 'admin', '新疆建设兵团', '/system/sperson/edit', '127.0.0.1', '内网IP', '{\r\n  \"id\" : [ \"1\" ],\r\n  \"pid\" : [ \"14\" ],\r\n  \"pname\" : [ \"sch1\" ],\r\n  \"phone\" : [ \"18588940711\" ],\r\n  \"ptype\" : [ \"5g\" ],\r\n  \"stationcode\" : [ \"huffman\" ],\r\n  \"redius\" : [ \"12\" ],\r\n  \"address\" : [ \"hunau\" ],\r\n  \"remark\" : [ \"1\" ]\r\n}', 'null', '1', '\r\n### Error updating database.  Cause: com.mysql.jdbc.exceptions.jdbc4.MySQLSyntaxErrorException: You have an error in your SQL syntax; check the manual that corresponds to your MySQL server version for the right syntax to use near \'\'5g\',\n            stationcode=\'huffman\',\n            redius=12,\n            addr\' at line 5\r\n### The error may involve com.sixin.system.mapper.SysPersonMapper.updatePerson-Inline\r\n### The error occurred while setting parameters\r\n### SQL: update sys_specialperson          SET pid=?,             pname=?,             phone=?,             ptype?,             stationcode=?,             redius=?,             address=?,             remark=?,             startdate=sysdate(),enddate=sysdate()          where id = ?\r\n### Cause: com.mysql.jdbc.exceptions.jdbc4.MySQLSyntaxErrorException: You have an error in your SQL syntax; check the manual that corresponds to your MySQL server version for the right syntax to use near \'\'5g\',\n            stationcode=\'huffman\',\n            redius=12,\n            addr\' at line 5\n; bad SQL grammar []; nested exception is com.mysql.jdbc.exceptions.jdbc4.MySQLSyntaxErrorException: You have an error in your SQL syntax; check the manual that corresponds to your MySQL server version for the right syntax to use near \'\'5g\',\n            stationcode=\'huffman\',\n            redius=12,\n            addr\' at line 5', '2020-02-10 13:52:52');
INSERT INTO `sys_oper_log` VALUES ('137', '特殊人员信息', '3', 'com.sixin.web.controller.system.SysPersonController.remove()', 'POST', '1', 'admin', '新疆建设兵团', '/system/sperson/remove', '127.0.0.1', '内网IP', '{\r\n  \"ids\" : [ \"2\" ]\r\n}', '{\r\n  \"msg\" : \"操作失败\",\r\n  \"code\" : 500\r\n}', '0', null, '2020-02-10 13:55:39');
INSERT INTO `sys_oper_log` VALUES ('138', '授权手机管理', '2', 'com.sixin.web.controller.system.SysPhoneController.editSave()', 'POST', '1', 'admin', '新疆建设兵团', '/system/phonemanage/edit', '127.0.0.1', '内网IP', '{\r\n  \"pid\" : [ \"4\" ],\r\n  \"phone\" : [ \"12345678901\" ],\r\n  \"uid\" : [ \"4\" ],\r\n  \"uname\" : [ \"sch\" ],\r\n  \"rolecode\" : [ \"123\" ],\r\n  \"allowid\" : [ \"1\" ],\r\n  \"allowname\" : [ \"lb\" ],\r\n  \"reallowid\" : [ \"1\" ],\r\n  \"reallowname\" : [ \"lb\" ],\r\n  \"allowpic\" : [ \"hunau\" ],\r\n  \"remark\" : [ \"1\" ]\r\n}', 'null', '1', '\r\n### Error updating database.  Cause: com.mysql.jdbc.exceptions.jdbc4.MySQLSyntaxErrorException: You have an error in your SQL syntax; check the manual that corresponds to your MySQL server version for the right syntax to use near \',\n            reallowname\'lb\',\n            allowpic\'hunau\',\n            remark=1\' at line 8\r\n### The error may involve com.sixin.system.mapper.SysPhoneMapper.updatePhone-Inline\r\n### The error occurred while setting parameters\r\n### SQL: update sys_phonemanage          SET phone=?,             uid=?,             uname=?,             rolecode=?,             allowid=?,             allowname=?,             reallowid?,             reallowname?,             allowpic?,             remark=?          where pid=?\r\n### Cause: com.mysql.jdbc.exceptions.jdbc4.MySQLSyntaxErrorException: You have an error in your SQL syntax; check the manual that corresponds to your MySQL server version for the right syntax to use near \',\n            reallowname\'lb\',\n            allowpic\'hunau\',\n            remark=1\' at line 8\n; bad SQL grammar []; nested exception is com.mysql.jdbc.exceptions.jdbc4.MySQLSyntaxErrorException: You have an error in your SQL syntax; check the manual that corresponds to your MySQL server version for the right syntax to use near \',\n            reallowname\'lb\',\n            allowpic\'hunau\',\n            remark=1\' at line 8', '2020-02-10 13:57:58');
INSERT INTO `sys_oper_log` VALUES ('139', '授权号码管理', '3', 'com.sixin.web.controller.system.SysPhoneController.remove()', 'POST', '1', 'admin', '新疆建设兵团', '/system/phonemanage/remove', '127.0.0.1', '内网IP', '{\r\n  \"ids\" : [ \"4\" ]\r\n}', '{\r\n  \"msg\" : \"操作失败\",\r\n  \"code\" : 500\r\n}', '0', null, '2020-02-10 13:58:16');
INSERT INTO `sys_oper_log` VALUES ('140', '特殊人员信息', '2', 'com.sixin.web.controller.system.SysPersonController.editSave()', 'POST', '1', 'admin', '新疆建设兵团', '/system/sperson/edit', '127.0.0.1', '内网IP', '{\r\n  \"id\" : [ \"1\" ],\r\n  \"pid\" : [ \"1\" ],\r\n  \"pname\" : [ \"sch\" ],\r\n  \"phone\" : [ \"18588940718\" ],\r\n  \"ptype\" : [ \"5g\" ],\r\n  \"stationcode\" : [ \"\" ],\r\n  \"redius\" : [ \"1000\" ],\r\n  \"address\" : [ \"\" ],\r\n  \"remark\" : [ \"1\" ]\r\n}', 'null', '1', '\r\n### Error updating database.  Cause: com.mysql.jdbc.exceptions.jdbc4.MySQLSyntaxErrorException: You have an error in your SQL syntax; check the manual that corresponds to your MySQL server version for the right syntax to use near \'\'5g\',\n            \n            redius=1000,\n            \n            remark=1,\n \' at line 5\r\n### The error may involve com.sixin.system.mapper.SysPersonMapper.updatePerson-Inline\r\n### The error occurred while setting parameters\r\n### SQL: update sys_specialperson          SET pid=?,             pname=?,             phone=?,             ptype?,                          redius=?,                          remark=?,             startdate=sysdate(),enddate=sysdate()          where id = ?\r\n### Cause: com.mysql.jdbc.exceptions.jdbc4.MySQLSyntaxErrorException: You have an error in your SQL syntax; check the manual that corresponds to your MySQL server version for the right syntax to use near \'\'5g\',\n            \n            redius=1000,\n            \n            remark=1,\n \' at line 5\n; bad SQL grammar []; nested exception is com.mysql.jdbc.exceptions.jdbc4.MySQLSyntaxErrorException: You have an error in your SQL syntax; check the manual that corresponds to your MySQL server version for the right syntax to use near \'\'5g\',\n            \n            redius=1000,\n            \n            remark=1,\n \' at line 5', '2020-02-10 14:00:44');
INSERT INTO `sys_oper_log` VALUES ('141', '特殊人员信息', '2', 'com.sixin.web.controller.system.SysPersonController.editSave()', 'POST', '1', 'admin', '新疆建设兵团', '/system/sperson/edit', '127.0.0.1', '内网IP', '{\r\n  \"id\" : [ \"1\" ],\r\n  \"pid\" : [ \"1\" ],\r\n  \"pname\" : [ \"sch\" ],\r\n  \"phone\" : [ \"18588940718\" ],\r\n  \"ptype\" : [ \"5g\" ],\r\n  \"stationcode\" : [ \"huffman\" ],\r\n  \"redius\" : [ \"1000\" ],\r\n  \"address\" : [ \"hunau\" ],\r\n  \"remark\" : [ \"1\" ]\r\n}', 'null', '1', '\r\n### Error updating database.  Cause: com.mysql.jdbc.exceptions.jdbc4.MySQLSyntaxErrorException: You have an error in your SQL syntax; check the manual that corresponds to your MySQL server version for the right syntax to use near \'\'5g\',\n            stationcode=\'huffman\',\n            redius=1000,\n            ad\' at line 5\r\n### The error may involve com.sixin.system.mapper.SysPersonMapper.updatePerson-Inline\r\n### The error occurred while setting parameters\r\n### SQL: update sys_specialperson          SET pid=?,             pname=?,             phone=?,             ptype?,             stationcode=?,             redius=?,             address=?,             remark=?,             startdate=sysdate(),enddate=sysdate()          where id = ?\r\n### Cause: com.mysql.jdbc.exceptions.jdbc4.MySQLSyntaxErrorException: You have an error in your SQL syntax; check the manual that corresponds to your MySQL server version for the right syntax to use near \'\'5g\',\n            stationcode=\'huffman\',\n            redius=1000,\n            ad\' at line 5\n; bad SQL grammar []; nested exception is com.mysql.jdbc.exceptions.jdbc4.MySQLSyntaxErrorException: You have an error in your SQL syntax; check the manual that corresponds to your MySQL server version for the right syntax to use near \'\'5g\',\n            stationcode=\'huffman\',\n            redius=1000,\n            ad\' at line 5', '2020-02-10 14:00:58');
INSERT INTO `sys_oper_log` VALUES ('142', '特殊人员信息', '2', 'com.sixin.web.controller.system.SysPersonController.editSave()', 'POST', '1', 'admin', '新疆建设兵团', '/system/sperson/edit', '127.0.0.1', '内网IP', '{\r\n  \"id\" : [ \"1\" ],\r\n  \"pid\" : [ \"1\" ],\r\n  \"pname\" : [ \"sch\" ],\r\n  \"phone\" : [ \"18588940718\" ],\r\n  \"ptype\" : [ \"5g\" ],\r\n  \"stationcode\" : [ \"huffman\" ],\r\n  \"redius\" : [ \"1000\" ],\r\n  \"address\" : [ \"hunau\" ],\r\n  \"remark\" : [ \"1\" ]\r\n}', '{\r\n  \"msg\" : \"操作成功\",\r\n  \"code\" : 0\r\n}', '0', null, '2020-02-10 14:06:15');
INSERT INTO `sys_oper_log` VALUES ('143', '特殊人员信息', '2', 'com.sixin.web.controller.system.SysPersonController.editSave()', 'POST', '1', 'admin', '新疆建设兵团', '/system/sperson/edit', '127.0.0.1', '内网IP', '{\r\n  \"id\" : [ \"1\" ],\r\n  \"pid\" : [ \"1\" ],\r\n  \"pname\" : [ \"sch\" ],\r\n  \"phone\" : [ \"18588940718\" ],\r\n  \"ptype\" : [ \"5g\" ],\r\n  \"stationcode\" : [ \"huffman\" ],\r\n  \"redius\" : [ \"1000\" ],\r\n  \"address\" : [ \"hunau\" ],\r\n  \"remark\" : [ \"1\" ]\r\n}', '{\r\n  \"msg\" : \"操作成功\",\r\n  \"code\" : 0\r\n}', '0', null, '2020-02-10 14:06:29');
INSERT INTO `sys_oper_log` VALUES ('144', '特殊人员信息', '3', 'com.sixin.web.controller.system.SysPersonController.remove()', 'POST', '1', 'admin', '新疆建设兵团', '/system/sperson/remove', '127.0.0.1', '内网IP', '{\r\n  \"ids\" : [ \"1\" ]\r\n}', '{\r\n  \"msg\" : \"操作失败\",\r\n  \"code\" : 500\r\n}', '0', null, '2020-02-10 14:06:39');
INSERT INTO `sys_oper_log` VALUES ('145', '授权手机管理', '2', 'com.sixin.web.controller.system.SysPhoneController.editSave()', 'POST', '1', 'admin', '新疆建设兵团', '/system/phonemanage/edit', '127.0.0.1', '内网IP', '{\r\n  \"pid\" : [ \"4\" ],\r\n  \"phone\" : [ \"12345678901\" ],\r\n  \"uid\" : [ \"4\" ],\r\n  \"uname\" : [ \"sch\" ],\r\n  \"rolecode\" : [ \"123\" ],\r\n  \"allowid\" : [ \"1\" ],\r\n  \"allowname\" : [ \"lb\" ],\r\n  \"reallowid\" : [ \"1\" ],\r\n  \"reallowname\" : [ \"lb\" ],\r\n  \"allowpic\" : [ \"hunau\" ],\r\n  \"remark\" : [ \"1\" ]\r\n}', '{\r\n  \"msg\" : \"操作成功\",\r\n  \"code\" : 0\r\n}', '0', null, '2020-02-10 14:10:19');
INSERT INTO `sys_oper_log` VALUES ('146', '授权号码管理', '3', 'com.sixin.web.controller.system.SysPhoneController.remove()', 'POST', '1', 'admin', '新疆建设兵团', '/system/phonemanage/remove', '127.0.0.1', '内网IP', '{\r\n  \"ids\" : [ \"4\" ]\r\n}', '{\r\n  \"msg\" : \"操作失败\",\r\n  \"code\" : 500\r\n}', '0', null, '2020-02-10 14:10:36');
INSERT INTO `sys_oper_log` VALUES ('147', 'LED', '3', 'com.sixin.web.controller.iot.LEDController.remove()', 'POST', '1', 'admin', '新疆建设兵团', '/iot/led/remove', '127.0.0.1', '内网IP', '{\r\n  \"ids\" : [ \"10005\" ]\r\n}', '{\r\n  \"msg\" : \"操作成功\",\r\n  \"code\" : 0\r\n}', '0', null, '2020-02-10 14:11:16');
INSERT INTO `sys_oper_log` VALUES ('148', '美丽乡村', '3', 'com.sixin.web.controller.village.VillageplanController.remove()', 'POST', '1', 'admin', '新疆建设兵团', '/village/villageplan/remove', '127.0.0.1', '内网IP', '{\r\n  \"ids\" : [ \"45\" ]\r\n}', '{\r\n  \"msg\" : \"操作成功\",\r\n  \"code\" : 0\r\n}', '0', null, '2020-02-10 14:12:31');
INSERT INTO `sys_oper_log` VALUES ('149', '授权号码管理', '3', 'com.sixin.web.controller.system.SysPhoneController.remove()', 'POST', '1', 'admin', '新疆建设兵团', '/system/phonemanage/remove', '127.0.0.1', '内网IP', '{\r\n  \"ids\" : [ \"4\" ]\r\n}', 'null', '1', '', '2020-02-10 14:19:45');
INSERT INTO `sys_oper_log` VALUES ('150', '授权号码管理', '3', 'com.sixin.web.controller.system.SysPhoneController.remove()', 'POST', '1', 'admin', '新疆建设兵团', '/system/phonemanage/remove', '127.0.0.1', '内网IP', '{\r\n  \"ids\" : [ \"4\" ]\r\n}', 'null', '1', '', '2020-02-10 14:20:12');
INSERT INTO `sys_oper_log` VALUES ('151', '授权号码管理', '3', 'com.sixin.web.controller.system.SysPhoneController.remove()', 'POST', '1', 'admin', '新疆建设兵团', '/system/phonemanage/remove', '127.0.0.1', '内网IP', '{\r\n  \"ids\" : [ \"4\" ]\r\n}', '{\r\n  \"msg\" : \"操作失败\",\r\n  \"code\" : 500\r\n}', '0', null, '2020-02-10 14:28:47');
INSERT INTO `sys_oper_log` VALUES ('152', '授权号码管理', '3', 'com.sixin.web.controller.system.SysPhoneController.remove()', 'POST', '1', 'admin', '新疆建设兵团', '/system/phonemanage/remove', '127.0.0.1', '内网IP', '{\r\n  \"ids\" : [ \"4\" ]\r\n}', '{\r\n  \"msg\" : \"操作成功\",\r\n  \"code\" : 0\r\n}', '0', null, '2020-02-10 15:10:25');
INSERT INTO `sys_oper_log` VALUES ('153', '特殊人员信息', '3', 'com.sixin.web.controller.system.SysPersonController.remove()', 'POST', '1', 'admin', '新疆建设兵团', '/system/sperson/remove', '127.0.0.1', '内网IP', '{\r\n  \"ids\" : [ \"2\" ]\r\n}', '{\r\n  \"msg\" : \"操作成功\",\r\n  \"code\" : 0\r\n}', '0', null, '2020-02-10 15:12:40');
INSERT INTO `sys_oper_log` VALUES ('154', '实时政事', '1', 'com.sixin.web.controller.village.ShishiController.addSave()', 'POST', '1', 'admin', '新疆建设兵团', '/village/shishi/add', '127.0.0.1', '内网IP', '{\r\n  \"deptId\" : [ \"1003045\" ],\r\n  \"wtype\" : [ \"温度\" ],\r\n  \"mvalue\" : [ \"38\" ],\r\n  \"svalue\" : [ \"-2\" ],\r\n  \"warn1\" : [ \"温度高、注意防暑\" ],\r\n  \"warn2\" : [ \"气温低、注意防寒\" ],\r\n  \"wrating\" : [ \"1\" ],\r\n  \"remark\" : [ \"1\" ]\r\n}', '{\r\n  \"msg\" : \"操作成功\",\r\n  \"code\" : 0\r\n}', '0', null, '2020-02-13 15:53:13');
INSERT INTO `sys_oper_log` VALUES ('155', '报警提示', '1', 'com.sixin.web.controller.village.MessagePannelController.addSave()', 'POST', '1', 'admin', '新疆建设兵团', '/village/message/add', '127.0.0.1', '内网IP', '{\r\n  \"deptId\" : [ \"1003044\" ],\r\n  \"wtype\" : [ \"湿度\" ],\r\n  \"mvalue\" : [ \"0.77\" ],\r\n  \"svalue\" : [ \"0.02\" ],\r\n  \"warn1\" : [ \"湿度大、注意防潮\" ],\r\n  \"warn2\" : [ \"湿度低、注意保湿\" ],\r\n  \"wrating\" : [ \"2\" ],\r\n  \"remark\" : [ \"1\" ]\r\n}', '{\r\n  \"msg\" : \"操作成功\",\r\n  \"code\" : 0\r\n}', '0', null, '2020-02-13 15:55:39');
INSERT INTO `sys_oper_log` VALUES ('156', '特殊人员管理', '1', 'com.sixin.web.controller.system.SysPersonController.addSave()', 'POST', '1', 'admin', '新疆建设兵团', '/system/sperson/add', '127.0.0.1', '内网IP', '{\r\n  \"pid\" : [ \"1\" ],\r\n  \"pname\" : [ \"1\" ],\r\n  \"phone\" : [ \"1\" ],\r\n  \"ptype\" : [ \"1\" ],\r\n  \"stationcode\" : [ \"1\" ],\r\n  \"redius\" : [ \"1\" ],\r\n  \"address\" : [ \"1\" ],\r\n  \"remark\" : [ \"1\" ]\r\n}', 'null', '1', '\r\n### Error updating database.  Cause: com.mysql.jdbc.exceptions.jdbc4.MySQLIntegrityConstraintViolationException: Duplicate entry \'1\' for key \'pid\'\r\n### The error may involve com.sixin.system.mapper.SysPersonMapper.insertPerson-Inline\r\n### The error occurred while setting parameters\r\n### SQL: insert into sys_specialperson          ( pid,             pname,             phone,             ptype,             stationcode,             redius,             address,             remark )           values ( ?,             ?,             ?,             ?,             ?,             ?,             ?,             ? )\r\n### Cause: com.mysql.jdbc.exceptions.jdbc4.MySQLIntegrityConstraintViolationException: Duplicate entry \'1\' for key \'pid\'\n; Duplicate entry \'1\' for key \'pid\'; nested exception is com.mysql.jdbc.exceptions.jdbc4.MySQLIntegrityConstraintViolationException: Duplicate entry \'1\' for key \'pid\'', '2020-02-13 16:00:56');
INSERT INTO `sys_oper_log` VALUES ('157', '特殊人员管理', '1', 'com.sixin.web.controller.system.SysPersonController.addSave()', 'POST', '1', 'admin', '新疆建设兵团', '/system/sperson/add', '127.0.0.1', '内网IP', '{\r\n  \"pid\" : [ \"2\" ],\r\n  \"pname\" : [ \"1\" ],\r\n  \"phone\" : [ \"1\" ],\r\n  \"ptype\" : [ \"1\" ],\r\n  \"stationcode\" : [ \"1\" ],\r\n  \"redius\" : [ \"1\" ],\r\n  \"address\" : [ \"1\" ],\r\n  \"remark\" : [ \"1\" ]\r\n}', '{\r\n  \"msg\" : \"操作成功\",\r\n  \"code\" : 0\r\n}', '0', null, '2020-02-13 16:01:02');
INSERT INTO `sys_oper_log` VALUES ('158', '特殊人员信息', '3', 'com.sixin.web.controller.system.SysPersonController.remove()', 'POST', '1', 'admin', '新疆建设兵团', '/system/sperson/remove', '127.0.0.1', '内网IP', '{\r\n  \"ids\" : [ \"4\" ]\r\n}', '{\r\n  \"msg\" : \"操作成功\",\r\n  \"code\" : 0\r\n}', '0', null, '2020-02-13 16:01:10');
INSERT INTO `sys_oper_log` VALUES ('159', '报警提示', '2', 'com.sixin.web.controller.village.MessagePannelController.editSave()', 'POST', '1', 'admin', '新疆建设兵团', '/village/message/edit', '127.0.0.1', '内网IP', '{ }', 'null', '1', 'nested exception is org.apache.ibatis.reflection.ReflectionException: There is no getter for property named \'mavlue\' in \'class com.sixin.village.domain.Warnset\'', '2020-02-13 16:34:35');
INSERT INTO `sys_oper_log` VALUES ('160', '报警提示', '2', 'com.sixin.web.controller.village.MessagePannelController.editSave()', 'POST', '1', 'admin', '新疆建设兵团', '/village/message/edit', '127.0.0.1', '内网IP', '{ }', 'null', '1', 'nested exception is org.apache.ibatis.reflection.ReflectionException: There is no getter for property named \'mavlue\' in \'class com.sixin.village.domain.Warnset\'', '2020-02-13 16:38:11');
INSERT INTO `sys_oper_log` VALUES ('161', '报警提示', '2', 'com.sixin.web.controller.village.MessagePannelController.editSave()', 'POST', '1', 'admin', '新疆建设兵团', '/village/message/edit', '127.0.0.1', '内网IP', '{\r\n  \"id\" : [ \"200\" ],\r\n  \"deptId\" : [ \"1003044\" ],\r\n  \"wtype\" : [ \"湿度\" ],\r\n  \"mvalue\" : [ \"0.77\" ],\r\n  \"svalue\" : [ \"0.02\" ],\r\n  \"warn1\" : [ \"湿度大、注意防潮\" ],\r\n  \"warn2\" : [ \"湿度低、注意保湿\" ],\r\n  \"wrating\" : [ \"1\" ],\r\n  \"remark\" : [ \"1\" ]\r\n}', 'null', '1', 'nested exception is org.apache.ibatis.reflection.ReflectionException: There is no getter for property named \'mavlue\' in \'class com.sixin.village.domain.Warnset\'', '2020-02-13 16:41:27');
INSERT INTO `sys_oper_log` VALUES ('162', '报警提示', '2', 'com.sixin.web.controller.village.MessagePannelController.editSave()', 'POST', '1', 'admin', '新疆建设兵团', '/village/message/edit', '127.0.0.1', '内网IP', '{\r\n  \"id\" : [ \"200\" ],\r\n  \"deptId\" : [ \"1003044\" ],\r\n  \"wtype\" : [ \"湿度\" ],\r\n  \"mvalue\" : [ \"0.77\" ],\r\n  \"svalue\" : [ \"0.02\" ],\r\n  \"warn1\" : [ \"湿度大、注意防潮\" ],\r\n  \"warn2\" : [ \"湿度低、注意保湿\" ],\r\n  \"wrating\" : [ \"2\" ],\r\n  \"remark\" : [ \"1\" ]\r\n}', 'null', '1', 'nested exception is org.apache.ibatis.reflection.ReflectionException: There is no getter for property named \'mavlue\' in \'class com.sixin.village.domain.Warnset\'', '2020-02-13 16:48:02');
INSERT INTO `sys_oper_log` VALUES ('163', '报警提示', '2', 'com.sixin.web.controller.village.MessagePannelController.editSave()', 'POST', '1', 'admin', '新疆建设兵团', '/village/message/edit', '127.0.0.1', '内网IP', '{\r\n  \"id\" : [ \"200\" ],\r\n  \"deptId\" : [ \"1003044\" ],\r\n  \"wtype\" : [ \"湿度\" ],\r\n  \"mvalue\" : [ \"0.77\" ],\r\n  \"svalue\" : [ \"0.02\" ],\r\n  \"warn1\" : [ \"湿度大、注意防潮\" ],\r\n  \"warn2\" : [ \"湿度低、注意保湿\" ],\r\n  \"wrating\" : [ \"2\" ],\r\n  \"remark\" : [ \"1\" ]\r\n}', 'null', '1', 'nested exception is org.apache.ibatis.reflection.ReflectionException: There is no getter for property named \'mavlue\' in \'class com.sixin.village.domain.Warnset\'', '2020-02-13 16:48:20');
INSERT INTO `sys_oper_log` VALUES ('164', '报警提示', '2', 'com.sixin.web.controller.village.MessagePannelController.editSave()', 'POST', '1', 'admin', '新疆建设兵团', '/village/message/edit', '127.0.0.1', '内网IP', '{\r\n  \"id\" : [ \"200\" ],\r\n  \"deptId\" : [ \"1003044\" ],\r\n  \"wtype\" : [ \"湿度\" ],\r\n  \"mvalue\" : [ \"0.77\" ],\r\n  \"svalue\" : [ \"0.02\" ],\r\n  \"warn1\" : [ \"湿度大、注意防潮\" ],\r\n  \"warn2\" : [ \"湿度低、注意保湿\" ],\r\n  \"wrating\" : [ \"2\" ],\r\n  \"remark\" : [ \"1\" ]\r\n}', 'null', '1', 'nested exception is org.apache.ibatis.reflection.ReflectionException: There is no getter for property named \'mavlue\' in \'class com.sixin.village.domain.Warnset\'', '2020-02-13 16:48:55');
INSERT INTO `sys_oper_log` VALUES ('165', '报警提示', '2', 'com.sixin.web.controller.village.MessagePannelController.editSave()', 'POST', '1', 'admin', '新疆建设兵团', '/village/message/edit', '127.0.0.1', '内网IP', '{\r\n  \"id\" : [ \"200\" ],\r\n  \"deptId\" : [ \"1003044\" ],\r\n  \"wtype\" : [ \"湿度\" ],\r\n  \"mvalue\" : [ \"0.77\" ],\r\n  \"svalue\" : [ \"0.02\" ],\r\n  \"warn1\" : [ \"湿度大、注意防潮\" ],\r\n  \"warn2\" : [ \"湿度低、注意保湿\" ],\r\n  \"wrating\" : [ \"2\" ],\r\n  \"remark\" : [ \"1\" ]\r\n}', 'null', '1', 'nested exception is org.apache.ibatis.reflection.ReflectionException: There is no getter for property named \'mavlue\' in \'class com.sixin.village.domain.Warnset\'', '2020-02-13 17:00:30');
INSERT INTO `sys_oper_log` VALUES ('166', '报警提示', '2', 'com.sixin.web.controller.village.MessagePannelController.editSave()', 'POST', '1', 'admin', '新疆建设兵团', '/village/message/edit', '127.0.0.1', '内网IP', '{\r\n  \"id\" : [ \"200\" ],\r\n  \"deptId\" : [ \"1003044\" ],\r\n  \"wtype\" : [ \"湿度\" ],\r\n  \"mvalue\" : [ \"0.77\" ],\r\n  \"svalue\" : [ \"0.01\" ],\r\n  \"warn1\" : [ \"湿度大、注意防潮\" ],\r\n  \"warn2\" : [ \"湿度低、注意保湿\" ],\r\n  \"wrating\" : [ \"2\" ],\r\n  \"remark\" : [ \"1\" ]\r\n}', 'null', '1', 'nested exception is org.apache.ibatis.reflection.ReflectionException: There is no getter for property named \'mavlue\' in \'class com.sixin.village.domain.Warnset\'', '2020-02-13 17:00:34');
INSERT INTO `sys_oper_log` VALUES ('167', '报警提示', '2', 'com.sixin.web.controller.village.MessagePannelController.editSave()', 'POST', '1', 'admin', '新疆建设兵团', '/village/message/edit', '127.0.0.1', '内网IP', '{\r\n  \"id\" : [ \"200\" ],\r\n  \"deptId\" : [ \"1003044\" ],\r\n  \"wtype\" : [ \"湿度\" ],\r\n  \"mvalue\" : [ \"0.77\" ],\r\n  \"svalue\" : [ \"0.02\" ],\r\n  \"warn1\" : [ \"湿度大、注意防潮\" ],\r\n  \"warn2\" : [ \"湿度低、注意保湿\" ],\r\n  \"wrating\" : [ \"2\" ],\r\n  \"remark\" : [ \"1\" ]\r\n}', '{\r\n  \"msg\" : \"操作成功\",\r\n  \"code\" : 0\r\n}', '0', null, '2020-02-13 17:02:49');
INSERT INTO `sys_oper_log` VALUES ('168', '报警提示', '2', 'com.sixin.web.controller.village.MessagePannelController.editSave()', 'POST', '1', 'admin', '新疆建设兵团', '/village/message/edit', '127.0.0.1', '内网IP', '{\r\n  \"id\" : [ \"200\" ],\r\n  \"deptId\" : [ \"1003044\" ],\r\n  \"wtype\" : [ \"湿度\" ],\r\n  \"mvalue\" : [ \"0.77\" ],\r\n  \"svalue\" : [ \"0.01\" ],\r\n  \"warn1\" : [ \"湿度大、注意防潮\" ],\r\n  \"warn2\" : [ \"湿度低、注意保湿\" ],\r\n  \"wrating\" : [ \"2\" ],\r\n  \"remark\" : [ \"1\" ]\r\n}', '{\r\n  \"msg\" : \"操作成功\",\r\n  \"code\" : 0\r\n}', '0', null, '2020-02-13 17:02:54');
INSERT INTO `sys_oper_log` VALUES ('169', '报警提示', '2', 'com.sixin.web.controller.village.MessagePannelController.editSave()', 'POST', '1', 'admin', '新疆建设兵团', '/village/message/edit', '127.0.0.1', '内网IP', '{\r\n  \"id\" : [ \"200\" ],\r\n  \"deptId\" : [ \"1003044\" ],\r\n  \"wtype\" : [ \"湿度\" ],\r\n  \"mvalue\" : [ \"0.77\" ],\r\n  \"svalue\" : [ \"0.01\" ],\r\n  \"warn1\" : [ \"湿度大、注意防潮\" ],\r\n  \"warn2\" : [ \"湿度低、注意保湿\" ],\r\n  \"wrating\" : [ \"3\" ],\r\n  \"remark\" : [ \"1\" ]\r\n}', '{\r\n  \"msg\" : \"操作成功\",\r\n  \"code\" : 0\r\n}', '0', null, '2020-02-13 17:03:06');
INSERT INTO `sys_oper_log` VALUES ('170', '报警提示', '2', 'com.sixin.web.controller.village.MessagePannelController.editSave()', 'POST', '1', 'admin', '新疆建设兵团', '/village/message/edit', '127.0.0.1', '内网IP', '{\r\n  \"id\" : [ \"200\" ],\r\n  \"deptId\" : [ \"1003044\" ],\r\n  \"wtype\" : [ \"湿度\" ],\r\n  \"mvalue\" : [ \"0.77\" ],\r\n  \"svalue\" : [ \"0.01\" ],\r\n  \"warn1\" : [ \"湿度大、注意防潮\" ],\r\n  \"warn2\" : [ \"湿度低、注意保湿\" ],\r\n  \"wrating\" : [ \"3\" ],\r\n  \"remark\" : [ \"1\" ]\r\n}', '{\r\n  \"msg\" : \"操作成功\",\r\n  \"code\" : 0\r\n}', '0', null, '2020-02-13 17:03:52');
INSERT INTO `sys_oper_log` VALUES ('171', '报警提示', '3', 'com.sixin.web.controller.village.MessagePannelController.remove()', 'POST', '1', 'admin', '新疆建设兵团', '/village/message/remove', '127.0.0.1', '内网IP', '{\r\n  \"ids\" : [ \"200\" ]\r\n}', 'null', '1', '', '2020-02-13 17:04:34');
INSERT INTO `sys_oper_log` VALUES ('172', '报警提示', '3', 'com.sixin.web.controller.village.MessagePannelController.remove()', 'POST', '1', 'admin', '新疆建设兵团', '/village/message/remove', '127.0.0.1', '内网IP', '{\r\n  \"ids\" : [ \"200\" ]\r\n}', 'null', '1', '', '2020-02-13 17:06:20');
INSERT INTO `sys_oper_log` VALUES ('173', '报警提示', '3', 'com.sixin.web.controller.village.MessagePannelController.remove()', 'POST', '1', 'admin', '新疆建设兵团', '/village/message/remove', '127.0.0.1', '内网IP', '{\r\n  \"ids\" : [ \"200\" ]\r\n}', 'null', '1', '', '2020-02-13 17:06:28');
INSERT INTO `sys_oper_log` VALUES ('174', '报警提示', '3', 'com.sixin.web.controller.village.MessagePannelController.remove()', 'POST', '1', 'admin', '新疆建设兵团', '/village/message/remove', '127.0.0.1', '内网IP', '{\r\n  \"ids\" : [ \"200\" ]\r\n}', '{\r\n  \"msg\" : \"操作成功\",\r\n  \"code\" : 0\r\n}', '0', null, '2020-02-13 17:12:47');
INSERT INTO `sys_oper_log` VALUES ('175', '报警提示', '1', 'com.sixin.web.controller.village.MessagePannelController.addSave()', 'POST', '1', 'admin', '新疆建设兵团', '/village/message/add', '127.0.0.1', '内网IP', '{\r\n  \"deptId\" : [ \"1003044\" ],\r\n  \"wtype\" : [ \"湿度\" ],\r\n  \"mvalue\" : [ \"0.77\" ],\r\n  \"svalue\" : [ \"0.2\" ],\r\n  \"warn1\" : [ \"\" ],\r\n  \"warn2\" : [ \"\" ],\r\n  \"wrating\" : [ \"1\" ],\r\n  \"remark\" : [ \"1\" ]\r\n}', '{\r\n  \"msg\" : \"操作成功\",\r\n  \"code\" : 0\r\n}', '0', null, '2020-02-13 17:13:55');
INSERT INTO `sys_oper_log` VALUES ('176', '参数设置', '3', 'com.sixin.web.controller.village.StatisticsController.remove()', 'POST', '1', 'admin', '新疆建设兵团', '/village/statistics/remove', '127.0.0.1', '内网IP', '{\r\n  \"ids\" : [ \"节目单时间间隔\" ]\r\n}', 'null', '1', '', '2020-02-13 17:25:02');
INSERT INTO `sys_oper_log` VALUES ('177', '参数设置', '1', 'com.sixin.web.controller.village.StatisticsController.addSave()', 'POST', '1', 'admin', '新疆建设兵团', '/village/statistics/add', '127.0.0.1', '内网IP', '{\r\n  \"valueid\" : [ \"test\" ],\r\n  \"valuename\" : [ \"test\" ],\r\n  \"remark\" : [ \"1\" ]\r\n}', '{\r\n  \"msg\" : \"操作成功\",\r\n  \"code\" : 0\r\n}', '0', null, '2020-02-13 17:34:23');
INSERT INTO `sys_oper_log` VALUES ('178', '参数设置', '3', 'com.sixin.web.controller.village.StatisticsController.remove()', 'POST', '1', 'admin', '新疆建设兵团', '/village/statistics/remove', '127.0.0.1', '内网IP', '{\r\n  \"ids\" : [ \"test\" ]\r\n}', 'null', '1', '', '2020-02-13 17:34:37');
INSERT INTO `sys_oper_log` VALUES ('179', '分组管理列表', '0', 'com.sixin.web.controller.broad.AreaGroupingController.list()', 'POST', '1', 'admin', '新疆建设兵团', '/broad/areaGrouping/list', '127.0.0.1', '内网IP', '{\r\n  \"pageSize\" : [ \"10\" ],\r\n  \"pageNum\" : [ \"1\" ],\r\n  \"orderByColumn\" : [ \"\" ],\r\n  \"isAsc\" : [ \"asc\" ],\r\n  \"aid\" : [ \"\" ],\r\n  \"aname\" : [ \"\" ],\r\n  \"parentaid\" : [ \"\" ]\r\n}', '{\r\n  \"total\" : 221,\r\n  \"rows\" : [ {\r\n    \"aid\" : \"01\",\r\n    \"parentaid\" : \"0\",\r\n    \"aname\" : \"正式测试\",\r\n    \"note\" : \"\",\r\n    \"userid\" : null,\r\n    \"parentaname\" : null,\r\n    \"subArea\" : null,\r\n    \"uid\" : null\r\n  }, {\r\n    \"aid\" : \"0104\",\r\n    \"parentaid\" : \"01\",\r\n    \"aname\" : \"linux\",\r\n    \"note\" : \"\",\r\n    \"userid\" : null,\r\n    \"parentaname\" : null,\r\n    \"subArea\" : null,\r\n    \"uid\" : null\r\n  }, {\r\n    \"aid\" : \"0105\",\r\n    \"parentaid\" : \"01\",\r\n    \"aname\" : \"第一组\",\r\n    \"note\" : \"\",\r\n    \"userid\" : null,\r\n    \"parentaname\" : null,\r\n    \"subArea\" : null,\r\n    \"uid\" : null\r\n  }, {\r\n    \"aid\" : \"0106\",\r\n    \"parentaid\" : \"01\",\r\n    \"aname\" : \"第二组\",\r\n    \"note\" : \"\",\r\n    \"userid\" : null,\r\n    \"parentaname\" : null,\r\n    \"subArea\" : null,\r\n    \"uid\" : null\r\n  }, {\r\n    \"aid\" : \"0107\",\r\n    \"parentaid\" : \"01\",\r\n    \"aname\" : \"暮云村\",\r\n    \"note\" : \"\",\r\n    \"userid\" : null,\r\n    \"parentaname\" : null,\r\n    \"subArea\" : null,\r\n    \"uid\" : null\r\n  }, {\r\n    \"aid\" : \"0108\",\r\n    \"parentaid\" : \"01\",\r\n    \"aname\" : \"许兴村\",\r\n    \"note\" : \"\",\r\n    \"userid\" : null,\r\n    \"parentaname\" : null,\r\n    \"subArea\" : null,\r\n    \"uid\" : null\r\n  }, {\r\n    \"aid\" : \"02\",\r\n    \"parentaid\" : \"0\",\r\n    \"aname\" : \"农大测试\",\r\n    \"note\" : \"\",\r\n    \"userid\" : null,\r\n    \"parentaname\" : null,\r\n    \"subArea\" : null,\r\n    \"uid\" : null\r\n  }, {\r\n    \"aid\" : \"0201\",\r\n    \"parentaid\" : \"02\",\r\n    \"aname\" : \"测试一\",\r\n    \"note\" : \"122\",\r\n    \"userid\" : null,\r\n    \"parentaname\" : null,\r\n    \"subArea\" : null,\r\n    \"uid\" : null\r\n  }, {\r\n    \"aid\" : \"0202\",\r\n    \"parentaid\" : \"02\",\r\n    \"aname\" : \"测试二\",\r\n    \"note\" : \"\",\r\n    \"userid\" : null,\r\n    \"parentaname\" : null,\r\n    \"subArea\" : null,\r\n    \"uid\" : null\r\n  }, {\r\n    \"aid\" : \"0203\",\r\n    \"parentaid\" : \"02\",\r\n    \"aname\" : \"消防测试0\",\r\n    \"note\" : \"\",\r\n    \"userid\" : null,\r\n    \"parentaname\" : null,\r\n    \"subArea\" : null,\r\n    \"uid\" : null\r\n  } ],\r\n  \"code\" : 0,\r\n  \"msg\" : 0\r\n}', '0', null, '2020-02-13 17:53:07');
INSERT INTO `sys_oper_log` VALUES ('180', '申请维护记录', '2', 'com.sixin.web.controller.broad.MaintainApplyController.list()', 'POST', '1', 'admin', '新疆建设兵团', '/broad/maintainApply/list', '127.0.0.1', '内网IP', '{\r\n  \"pageSize\" : [ \"10\" ],\r\n  \"pageNum\" : [ \"1\" ],\r\n  \"orderByColumn\" : [ \"\" ],\r\n  \"isAsc\" : [ \"asc\" ],\r\n  \"aid\" : [ \"\" ],\r\n  \"parentaid\" : [ \"\" ],\r\n  \"maid\" : [ \"\" ],\r\n  \"linkman\" : [ \"\" ],\r\n  \"downtime\" : [ \"\" ],\r\n  \"endtime\" : [ \"\" ]\r\n}', 'null', '1', '\r\n### Error querying database.  Cause: com.mysql.jdbc.exceptions.jdbc4.MySQLSyntaxErrorException: Unknown column \'ma.applicant\' in \'field list\'\r\n### The error may exist in file [D:\\Merge\\RongSys0\\sixin-broad\\target\\classes\\mapper\\broad\\MaintainApplyMapper.xml]\r\n### The error may involve com.sixin.broad.mapper.MaintainApplyMapper.selectMaintainApplyList-Inline\r\n### The error occurred while setting parameters\r\n### SQL: SELECT             maid,             teraddress,             linkman,             linkphone,             downtime,             applytime,             status,             remark,             ma.applicant             FROM maintain_apply ma         LEFT JOIN (userinfo ui         LEFT JOIN area a on a.aid = ui.aid) on ui.user_id = ma.userid                          ORDER BY downtime DESC LIMIT ?\r\n### Cause: com.mysql.jdbc.exceptions.jdbc4.MySQLSyntaxErrorException: Unknown column \'ma.applicant\' in \'field list\'\n; bad SQL grammar []; nested exception is com.mysql.jdbc.exceptions.jdbc4.MySQLSyntaxErrorException: Unknown column \'ma.applicant\' in \'field list\'', '2020-02-13 17:53:42');
INSERT INTO `sys_oper_log` VALUES ('181', '参数设置', '3', 'com.sixin.web.controller.village.StatisticsController.remove()', 'POST', '1', 'admin', '新疆建设兵团', '/village/statistics/remove', '127.0.0.1', '内网IP', '{\r\n  \"ids\" : [ \"test\" ]\r\n}', 'null', '1', 'Invalid bound statement (not found): com.sixin.village.mapper.StatisticsMapper.deleteStatisticsByIds', '2020-02-13 18:01:49');
INSERT INTO `sys_oper_log` VALUES ('182', '参数设置', '3', 'com.sixin.web.controller.village.StatisticsController.remove()', 'POST', '1', 'admin', '新疆建设兵团', '/village/statistics/remove', '127.0.0.1', '内网IP', '{\r\n  \"ids\" : [ \"test\" ]\r\n}', 'null', '1', 'Invalid bound statement (not found): com.sixin.village.mapper.StatisticsMapper.deleteStatisticsByIds', '2020-02-13 18:12:34');
INSERT INTO `sys_oper_log` VALUES ('183', '参数设置', '3', 'com.sixin.web.controller.village.StatisticsController.remove()', 'POST', '1', 'admin', '新疆建设兵团', '/village/statistics/remove', '127.0.0.1', '内网IP', '{\r\n  \"ids\" : [ \"test\" ]\r\n}', '{\r\n  \"msg\" : \"操作成功\",\r\n  \"code\" : 0\r\n}', '0', null, '2020-02-13 18:15:07');
INSERT INTO `sys_oper_log` VALUES ('184', '参数设置', '2', 'com.sixin.web.controller.village.StatisticsController.editSave()', 'POST', '1', 'admin', '新疆建设兵团', '/village/statistics/edit', '127.0.0.1', '内网IP', '{\r\n  \"valueid\" : [ \"img1\" ],\r\n  \"valuename\" : [ \"uploadFiles/file/backimage/1.jp\" ],\r\n  \"issingleselection\" : [ \"1\" ]\r\n}', '{\r\n  \"msg\" : \"操作成功\",\r\n  \"code\" : 0\r\n}', '0', null, '2020-02-14 11:16:19');
INSERT INTO `sys_oper_log` VALUES ('185', '参数设置', '2', 'com.sixin.web.controller.village.StatisticsController.editSave()', 'POST', '1', 'admin', '新疆建设兵团', '/village/statistics/edit', '127.0.0.1', '内网IP', '{\r\n  \"valueid\" : [ \"img\" ],\r\n  \"valuename\" : [ \"uploadFiles/file/backimage/1.jp\" ],\r\n  \"issingleselection\" : [ \"1\" ]\r\n}', '{\r\n  \"msg\" : \"操作成功\",\r\n  \"code\" : 0\r\n}', '0', null, '2020-02-14 11:23:45');
INSERT INTO `sys_oper_log` VALUES ('186', '参数设置', '2', 'com.sixin.web.controller.village.StatisticsController.editSave()', 'POST', '1', 'admin', '新疆建设兵团', '/village/statistics/edit', '127.0.0.1', '内网IP', '{\r\n  \"valueid\" : [ \"img\" ],\r\n  \"valuename\" : [ \"uploadFiles/file/backimage/1.jpg\" ],\r\n  \"issingleselection\" : [ \"1\" ]\r\n}', '{\r\n  \"msg\" : \"操作成功\",\r\n  \"code\" : 0\r\n}', '0', null, '2020-02-14 11:23:58');
INSERT INTO `sys_oper_log` VALUES ('187', '文件夹管理', '1', 'com.sixin.web.controller.village.FileinfoController.addSave()', 'POST', '1', 'admin', '新疆建设兵团', '/village/fileinfo/add', '127.0.0.1', '内网IP', '{\r\n  \"filename\" : [ \"签名名单1.jpg\" ],\r\n  \"filesize\" : [ \"0\" ],\r\n  \"fsname\" : [ \"签名名单1\" ],\r\n  \"suffix\" : [ \"jpg\" ],\r\n  \"uid\" : [ \"1\" ],\r\n  \"uname\" : [ \"刘波\" ],\r\n  \"aid\" : [ \"1\" ],\r\n  \"flenth\" : [ \"NaN\" ],\r\n  \"fsize\" : [ \"0\" ]\r\n}', '{\r\n  \"msg\" : \"操作成功\",\r\n  \"code\" : 0\r\n}', '0', null, '2020-02-18 22:45:30');
INSERT INTO `sys_oper_log` VALUES ('188', '分组管理列表', '0', 'com.sixin.web.controller.broad.AreaGroupingController.list()', 'POST', '1', 'admin', '新疆建设兵团', '/broad/areaGrouping/list', '127.0.0.1', '内网IP', '{\r\n  \"pageSize\" : [ \"10\" ],\r\n  \"pageNum\" : [ \"1\" ],\r\n  \"orderByColumn\" : [ \"\" ],\r\n  \"isAsc\" : [ \"asc\" ],\r\n  \"aid\" : [ \"\" ],\r\n  \"aname\" : [ \"\" ],\r\n  \"parentaid\" : [ \"\" ]\r\n}', '{\r\n  \"total\" : 221,\r\n  \"rows\" : [ {\r\n    \"aid\" : \"01\",\r\n    \"parentaid\" : \"0\",\r\n    \"aname\" : \"正式测试\",\r\n    \"note\" : \"\",\r\n    \"userid\" : null,\r\n    \"parentaname\" : null,\r\n    \"subArea\" : null,\r\n    \"uid\" : null\r\n  }, {\r\n    \"aid\" : \"0104\",\r\n    \"parentaid\" : \"01\",\r\n    \"aname\" : \"linux\",\r\n    \"note\" : \"\",\r\n    \"userid\" : null,\r\n    \"parentaname\" : null,\r\n    \"subArea\" : null,\r\n    \"uid\" : null\r\n  }, {\r\n    \"aid\" : \"0105\",\r\n    \"parentaid\" : \"01\",\r\n    \"aname\" : \"第一组\",\r\n    \"note\" : \"\",\r\n    \"userid\" : null,\r\n    \"parentaname\" : null,\r\n    \"subArea\" : null,\r\n    \"uid\" : null\r\n  }, {\r\n    \"aid\" : \"0106\",\r\n    \"parentaid\" : \"01\",\r\n    \"aname\" : \"第二组\",\r\n    \"note\" : \"\",\r\n    \"userid\" : null,\r\n    \"parentaname\" : null,\r\n    \"subArea\" : null,\r\n    \"uid\" : null\r\n  }, {\r\n    \"aid\" : \"0107\",\r\n    \"parentaid\" : \"01\",\r\n    \"aname\" : \"暮云村\",\r\n    \"note\" : \"\",\r\n    \"userid\" : null,\r\n    \"parentaname\" : null,\r\n    \"subArea\" : null,\r\n    \"uid\" : null\r\n  }, {\r\n    \"aid\" : \"0108\",\r\n    \"parentaid\" : \"01\",\r\n    \"aname\" : \"许兴村\",\r\n    \"note\" : \"\",\r\n    \"userid\" : null,\r\n    \"parentaname\" : null,\r\n    \"subArea\" : null,\r\n    \"uid\" : null\r\n  }, {\r\n    \"aid\" : \"02\",\r\n    \"parentaid\" : \"0\",\r\n    \"aname\" : \"农大测试\",\r\n    \"note\" : \"\",\r\n    \"userid\" : null,\r\n    \"parentaname\" : null,\r\n    \"subArea\" : null,\r\n    \"uid\" : null\r\n  }, {\r\n    \"aid\" : \"0201\",\r\n    \"parentaid\" : \"02\",\r\n    \"aname\" : \"测试一\",\r\n    \"note\" : \"122\",\r\n    \"userid\" : null,\r\n    \"parentaname\" : null,\r\n    \"subArea\" : null,\r\n    \"uid\" : null\r\n  }, {\r\n    \"aid\" : \"0202\",\r\n    \"parentaid\" : \"02\",\r\n    \"aname\" : \"测试二\",\r\n    \"note\" : \"\",\r\n    \"userid\" : null,\r\n    \"parentaname\" : null,\r\n    \"subArea\" : null,\r\n    \"uid\" : null\r\n  }, {\r\n    \"aid\" : \"0203\",\r\n    \"parentaid\" : \"02\",\r\n    \"aname\" : \"消防测试0\",\r\n    \"note\" : \"\",\r\n    \"userid\" : null,\r\n    \"parentaname\" : null,\r\n    \"subArea\" : null,\r\n    \"uid\" : null\r\n  } ],\r\n  \"code\" : 0,\r\n  \"msg\" : 0\r\n}', '0', null, '2020-02-19 13:37:29');
INSERT INTO `sys_oper_log` VALUES ('189', '用户管理', '1', 'com.sixin.web.controller.system.SysUserController.addSave()', 'POST', '1', 'admin', '新疆建设兵团', '/system/user/add', '127.0.0.1', '内网IP', '{\r\n  \"deptId\" : [ \"\" ],\r\n  \"userName\" : [ \"yl\" ],\r\n  \"deptName\" : [ \"市场部门\" ],\r\n  \"phonenumber\" : [ \"18115947891\" ],\r\n  \"email\" : [ \"110@qq.com\" ],\r\n  \"loginName\" : [ \"yl\" ],\r\n  \"password\" : [ \"123456\" ],\r\n  \"sex\" : [ \"0\" ],\r\n  \"role\" : [ \"2\" ],\r\n  \"remark\" : [ \"\" ],\r\n  \"status\" : [ \"0\" ],\r\n  \"roleIds\" : [ \"2\" ],\r\n  \"postIds\" : [ \"2\" ]\r\n}', '{\r\n  \"msg\" : \"操作成功\",\r\n  \"code\" : 0\r\n}', '0', null, '2020-03-08 10:15:37');
INSERT INTO `sys_oper_log` VALUES ('190', '用户管理', '1', 'com.sixin.web.controller.system.SysUserController.addSave()', 'POST', '1', 'admin', '新疆建设兵团', '/system/user/add', '127.0.0.1', '内网IP', '{\r\n  \"deptId\" : [ \"\" ],\r\n  \"userName\" : [ \"yl\" ],\r\n  \"deptName\" : [ \"市场部门\" ],\r\n  \"phonenumber\" : [ \"18115947891\" ],\r\n  \"email\" : [ \"110@qq.com\" ],\r\n  \"loginName\" : [ \"yl\" ],\r\n  \"password\" : [ \"123456\" ],\r\n  \"sex\" : [ \"0\" ],\r\n  \"role\" : [ \"2\" ],\r\n  \"remark\" : [ \"\" ],\r\n  \"status\" : [ \"0\" ],\r\n  \"roleIds\" : [ \"2\" ],\r\n  \"postIds\" : [ \"2\" ]\r\n}', '{\r\n  \"msg\" : \"新增用户\'yl\'失败，登录账号已存在\",\r\n  \"code\" : 500\r\n}', '0', null, '2020-03-08 10:15:55');
INSERT INTO `sys_oper_log` VALUES ('191', '用户管理', '1', 'com.sixin.web.controller.system.SysUserController.addSave()', 'POST', '1', 'admin', '新疆建设兵团', '/system/user/add', '127.0.0.1', '内网IP', '{\r\n  \"deptId\" : [ \"\" ],\r\n  \"userName\" : [ \"liubo\" ],\r\n  \"deptName\" : [ \"市场部门\" ],\r\n  \"phonenumber\" : [ \"13841204120\" ],\r\n  \"email\" : [ \"1381679726@qq.com\" ],\r\n  \"loginName\" : [ \"liubo\" ],\r\n  \"password\" : [ \"123456\" ],\r\n  \"sex\" : [ \"0\" ],\r\n  \"role\" : [ \"2\" ],\r\n  \"remark\" : [ \"\" ],\r\n  \"status\" : [ \"0\" ],\r\n  \"roleIds\" : [ \"2\" ],\r\n  \"postIds\" : [ \"3\" ]\r\n}', '{\r\n  \"msg\" : \"操作成功\",\r\n  \"code\" : 0\r\n}', '0', null, '2020-03-08 10:17:06');
INSERT INTO `sys_oper_log` VALUES ('192', 'Energy信息', '1', 'com.sixin.web.controller.iot.EnergyController.addSave()', 'POST', '1', 'admin', '新疆建设兵团', '/iot/energy/add', '127.0.0.1', '内网IP', '{\r\n  \"eid\" : [ \"001\" ],\r\n  \"bvoltage\" : [ \"3\" ],\r\n  \"bpvoltage\" : [ \"20\" ],\r\n  \"ccurrent\" : [ \"10\" ],\r\n  \"lcurrent\" : [ \"0.1\" ],\r\n  \"ovoltage\" : [ \"2\" ],\r\n  \"epsvoltage\" : [ \"2\" ],\r\n  \"svoltage\" : [ \"3\" ],\r\n  \"workingtemperature\" : [ \"50\" ],\r\n  \"cstate\" : [ \"1\" ],\r\n  \"workingstatu\" : [ \"0\" ]\r\n}', 'null', '1', '\r\n### Error updating database.  Cause: com.mysql.jdbc.exceptions.jdbc4.MySQLSyntaxErrorException: You have an error in your SQL syntax; check the manual that corresponds to your MySQL server version for the right syntax to use near \'\' at line 3\r\n### The error may involve com.sixin.iot.mapper.EnergyMapper.insertEnergy-Inline\r\n### The error occurred while setting parameters\r\n### SQL: insert into iot_energy                    values\r\n### Cause: com.mysql.jdbc.exceptions.jdbc4.MySQLSyntaxErrorException: You have an error in your SQL syntax; check the manual that corresponds to your MySQL server version for the right syntax to use near \'\' at line 3\n; bad SQL grammar []; nested exception is com.mysql.jdbc.exceptions.jdbc4.MySQLSyntaxErrorException: You have an error in your SQL syntax; check the manual that corresponds to your MySQL server version for the right syntax to use near \'\' at line 3', '2020-03-08 14:05:10');
INSERT INTO `sys_oper_log` VALUES ('193', 'Broad信息', '1', 'com.sixin.web.controller.iot.BroadController.addSave()', 'POST', '1', 'admin', '新疆建设兵团', '/iot/broad/add', '127.0.0.1', '内网IP', '{\r\n  \"id\" : [ \"203\" ],\r\n  \"vdata\" : [ \"36.2\" ],\r\n  \"vunit\" : [ \"L\" ],\r\n  \"status\" : [ \"1\" ],\r\n  \"colldate\" : [ \"2020-01-01\" ],\r\n  \"collip\" : [ \"127.0.0.1\" ],\r\n  \"startdate\" : [ \"2020-01-01\" ],\r\n  \"deptid\" : [ \"1003044003\" ],\r\n  \"uid\" : [ \"100314\" ]\r\n}', 'null', '1', '\r\n### Error updating database.  Cause: java.sql.SQLException: Field \'ctype\' doesn\'t have a default value\r\n### The error may involve com.sixin.iot.mapper.BroadMapper.insertBroad-Inline\r\n### The error occurred while setting parameters\r\n### SQL: insert into tb_collect          ( id,                 vdata,         vunit,         status,         colldate,         collip,         startdate,                  deptid,         uid )           values( ?,                          ?,             ?,             ?,             ?,             ?,             ?,                          ?,             ? )\r\n### Cause: java.sql.SQLException: Field \'ctype\' doesn\'t have a default value\n; Field \'ctype\' doesn\'t have a default value; nested exception is java.sql.SQLException: Field \'ctype\' doesn\'t have a default value', '2020-03-08 16:16:36');
INSERT INTO `sys_oper_log` VALUES ('194', 'Broad信息', '1', 'com.sixin.web.controller.iot.BroadController.addSave()', 'POST', '1', 'admin', '新疆建设兵团', '/iot/broad/add', '127.0.0.1', '内网IP', '{\r\n  \"id\" : [ \"203\" ],\r\n  \"vdata\" : [ \"30.6\" ],\r\n  \"vunit\" : [ \"L\" ],\r\n  \"status\" : [ \"1\" ],\r\n  \"colldate\" : [ \"2020-03-08\" ],\r\n  \"collip\" : [ \"127.0.0.1\" ],\r\n  \"startdate\" : [ \"2020-03-08\" ],\r\n  \"exdate\" : [ \"2020-03-08\" ],\r\n  \"deptid\" : [ \"1003044003\" ],\r\n  \"uid\" : [ \"100314\" ]\r\n}', 'null', '1', '\r\n### Error updating database.  Cause: java.sql.SQLException: Field \'ctype\' doesn\'t have a default value\r\n### The error may involve com.sixin.iot.mapper.BroadMapper.insertBroad-Inline\r\n### The error occurred while setting parameters\r\n### SQL: insert into tb_collect          ( id,                 vdata,         vunit,         status,         colldate,         collip,         startdate,         exdate,         deptid,         uid )           values( ?,                          ?,             ?,             ?,             ?,             ?,             ?,             ?,             ?,             ? )\r\n### Cause: java.sql.SQLException: Field \'ctype\' doesn\'t have a default value\n; Field \'ctype\' doesn\'t have a default value; nested exception is java.sql.SQLException: Field \'ctype\' doesn\'t have a default value', '2020-03-08 16:22:33');
INSERT INTO `sys_oper_log` VALUES ('195', '删除Broad信息', '3', 'com.sixin.web.controller.iot.BroadController.remove()', 'POST', '1', 'admin', '新疆建设兵团', '/iot/broad/remove', '127.0.0.1', '内网IP', '{\r\n  \"ids\" : [ \"undefined\" ]\r\n}', 'null', '1', '\r\n### Error updating database.  Cause: com.mysql.jdbc.exceptions.jdbc4.MySQLSyntaxErrorException: Table \'iotdata.id\' doesn\'t exist\r\n### The error may involve com.sixin.iot.mapper.BroadMapper.deleteBroadByids-Inline\r\n### The error occurred while setting parameters\r\n### SQL: delete from id where id in          (               ?          )\r\n### Cause: com.mysql.jdbc.exceptions.jdbc4.MySQLSyntaxErrorException: Table \'iotdata.id\' doesn\'t exist\n; bad SQL grammar []; nested exception is com.mysql.jdbc.exceptions.jdbc4.MySQLSyntaxErrorException: Table \'iotdata.id\' doesn\'t exist', '2020-03-15 13:22:05');
INSERT INTO `sys_oper_log` VALUES ('196', '删除Broad信息', '3', 'com.sixin.web.controller.iot.BroadController.remove()', 'POST', '1', 'admin', '新疆建设兵团', '/iot/broad/remove', '127.0.0.1', '内网IP', '{\r\n  \"ids\" : [ \"202\" ]\r\n}', 'null', '1', '\r\n### Error updating database.  Cause: com.mysql.jdbc.exceptions.jdbc4.MySQLSyntaxErrorException: Table \'iotdata.id\' doesn\'t exist\r\n### The error may involve com.sixin.iot.mapper.BroadMapper.deleteBroadByids-Inline\r\n### The error occurred while setting parameters\r\n### SQL: delete from id where id in          (               ?          )\r\n### Cause: com.mysql.jdbc.exceptions.jdbc4.MySQLSyntaxErrorException: Table \'iotdata.id\' doesn\'t exist\n; bad SQL grammar []; nested exception is com.mysql.jdbc.exceptions.jdbc4.MySQLSyntaxErrorException: Table \'iotdata.id\' doesn\'t exist', '2020-03-15 13:22:13');
INSERT INTO `sys_oper_log` VALUES ('197', '删除Broad信息', '3', 'com.sixin.web.controller.iot.BroadController.remove()', 'POST', '1', 'admin', '新疆建设兵团', '/iot/broad/remove', '127.0.0.1', '内网IP', '{\r\n  \"ids\" : [ \"202\" ]\r\n}', 'null', '1', '\r\n### Error updating database.  Cause: com.mysql.jdbc.exceptions.jdbc4.MySQLSyntaxErrorException: Table \'iotdata.id\' doesn\'t exist\r\n### The error may involve com.sixin.iot.mapper.BroadMapper.deleteBroadByids-Inline\r\n### The error occurred while setting parameters\r\n### SQL: delete from id where id in          (               ?          )\r\n### Cause: com.mysql.jdbc.exceptions.jdbc4.MySQLSyntaxErrorException: Table \'iotdata.id\' doesn\'t exist\n; bad SQL grammar []; nested exception is com.mysql.jdbc.exceptions.jdbc4.MySQLSyntaxErrorException: Table \'iotdata.id\' doesn\'t exist', '2020-03-15 13:25:53');
INSERT INTO `sys_oper_log` VALUES ('198', '删除Broad信息', '3', 'com.sixin.web.controller.iot.BroadController.remove()', 'POST', '1', 'admin', '新疆建设兵团', '/iot/broad/remove', '127.0.0.1', '内网IP', '{\r\n  \"ids\" : [ \"202\" ]\r\n}', '{\r\n  \"msg\" : \"操作成功\",\r\n  \"code\" : 0\r\n}', '0', null, '2020-03-15 13:27:15');
INSERT INTO `sys_oper_log` VALUES ('199', '删除Water信息', '3', 'com.sixin.web.controller.iot.WaterController.remove()', 'POST', '1', 'admin', '新疆建设兵团', '/iot/water/remove', '127.0.0.1', '内网IP', '{\r\n  \"ids\" : [ \"209\" ]\r\n}', '{\r\n  \"msg\" : \"操作成功\",\r\n  \"code\" : 0\r\n}', '0', null, '2020-03-15 13:32:45');
INSERT INTO `sys_oper_log` VALUES ('200', 'Broad信息', '2', 'com.sixin.web.controller.iot.BroadController.editSave()', 'POST', '1', 'admin', '新疆建设兵团', '/iot/broad/edit', '127.0.0.1', '内网IP', '{\r\n  \"id\" : [ \"204\" ],\r\n  \"ctype\" : [ \"广播\" ],\r\n  \"cid\" : [ \"1003051006\" ],\r\n  \"vdata\" : [ \"20\" ],\r\n  \"vunit\" : [ \"L\" ],\r\n  \"status\" : [ \"1\" ],\r\n  \"colldate\" : [ \"\" ],\r\n  \"collip\" : [ \"12.175.32.65\" ],\r\n  \"startdate\" : [ \"\" ],\r\n  \"exdate\" : [ \"\" ],\r\n  \"deptid\" : [ \"1003051006\" ],\r\n  \"demo\" : [ \"\" ],\r\n  \"delflag\" : [ \"1\" ]\r\n}', '{\r\n  \"msg\" : \"操作成功\",\r\n  \"code\" : 0\r\n}', '0', null, '2020-03-15 15:08:58');
INSERT INTO `sys_oper_log` VALUES ('201', 'Water信息', '2', 'com.sixin.web.controller.iot.WaterController.editSave()', 'POST', '1', 'admin', '新疆建设兵团', '/iot/water/edit', '127.0.0.1', '内网IP', '{\r\n  \"id\" : [ \"207\" ],\r\n  \"ctype\" : [ \"水质\" ],\r\n  \"cid\" : [ \"1003044009\" ],\r\n  \"vdata\" : [ \"3\" ],\r\n  \"vunit\" : [ \"Y\" ],\r\n  \"status\" : [ \"1\" ],\r\n  \"colldate\" : [ \"\" ],\r\n  \"collip\" : [ \"10.175.32.65\" ],\r\n  \"startdate\" : [ \"\" ],\r\n  \"exdate\" : [ \"\" ],\r\n  \"deptid\" : [ \"1003044009\" ],\r\n  \"demo\" : [ \"\" ],\r\n  \"delflag\" : [ \"1\" ]\r\n}', 'null', '1', 'nested exception is org.apache.ibatis.reflection.ReflectionException: There is no getter for property named \'wid\' in \'class com.sixin.iot.domain.Water\'', '2020-03-15 15:19:51');
INSERT INTO `sys_oper_log` VALUES ('202', 'Water信息', '2', 'com.sixin.web.controller.iot.WaterController.editSave()', 'POST', '1', 'admin', '新疆建设兵团', '/iot/water/edit', '127.0.0.1', '内网IP', '{\r\n  \"id\" : [ \"207\" ],\r\n  \"ctype\" : [ \"水质\" ],\r\n  \"cid\" : [ \"1003044009\" ],\r\n  \"vdata\" : [ \"3\" ],\r\n  \"vunit\" : [ \"Y\" ],\r\n  \"status\" : [ \"1\" ],\r\n  \"colldate\" : [ \"\" ],\r\n  \"collip\" : [ \"10.175.32.65\" ],\r\n  \"startdate\" : [ \"\" ],\r\n  \"exdate\" : [ \"\" ],\r\n  \"deptid\" : [ \"1003044009\" ],\r\n  \"demo\" : [ \"\" ],\r\n  \"delflag\" : [ \"1\" ]\r\n}', 'null', '1', 'nested exception is org.apache.ibatis.reflection.ReflectionException: There is no getter for property named \'wid\' in \'class com.sixin.iot.domain.Water\'', '2020-03-15 15:27:53');
INSERT INTO `sys_oper_log` VALUES ('203', 'Water信息', '2', 'com.sixin.web.controller.iot.WaterController.editSave()', 'POST', '1', 'admin', '新疆建设兵团', '/iot/water/edit', '127.0.0.1', '内网IP', '{\r\n  \"id\" : [ \"207\" ],\r\n  \"ctype\" : [ \"水质\" ],\r\n  \"cid\" : [ \"1003044009\" ],\r\n  \"vdata\" : [ \"3\" ],\r\n  \"vunit\" : [ \"Y\" ],\r\n  \"status\" : [ \"1\" ],\r\n  \"colldate\" : [ \"\" ],\r\n  \"collip\" : [ \"10.175.32.65\" ],\r\n  \"startdate\" : [ \"\" ],\r\n  \"exdate\" : [ \"\" ],\r\n  \"deptid\" : [ \"1003044009\" ],\r\n  \"demo\" : [ \"\" ],\r\n  \"delflag\" : [ \"1\" ]\r\n}', 'null', '1', 'nested exception is org.apache.ibatis.reflection.ReflectionException: There is no getter for property named \'wid\' in \'class com.sixin.iot.domain.Water\'', '2020-03-15 15:28:36');
INSERT INTO `sys_oper_log` VALUES ('204', 'Water信息', '2', 'com.sixin.web.controller.iot.WaterController.editSave()', 'POST', '1', 'admin', '新疆建设兵团', '/iot/water/edit', '127.0.0.1', '内网IP', '{\r\n  \"id\" : [ \"207\" ],\r\n  \"ctype\" : [ \"水质\" ],\r\n  \"cid\" : [ \"1003044009\" ],\r\n  \"vdata\" : [ \"3\" ],\r\n  \"vunit\" : [ \"Y\" ],\r\n  \"status\" : [ \"1\" ],\r\n  \"colldate\" : [ \"\" ],\r\n  \"collip\" : [ \"10.175.32.65\" ],\r\n  \"startdate\" : [ \"\" ],\r\n  \"exdate\" : [ \"\" ],\r\n  \"deptid\" : [ \"1003044009\" ],\r\n  \"demo\" : [ \"\" ],\r\n  \"delflag\" : [ \"1\" ]\r\n}', 'null', '1', 'nested exception is org.apache.ibatis.reflection.ReflectionException: There is no getter for property named \'wid\' in \'class com.sixin.iot.domain.Water\'', '2020-03-15 15:31:22');
INSERT INTO `sys_oper_log` VALUES ('205', 'Water信息', '2', 'com.sixin.web.controller.iot.WaterController.editSave()', 'POST', '1', 'admin', '新疆建设兵团', '/iot/water/edit', '127.0.0.1', '内网IP', '{\r\n  \"id\" : [ \"210\" ],\r\n  \"ctype\" : [ \"水质\" ],\r\n  \"cid\" : [ \"1003051009\" ],\r\n  \"vdata\" : [ \"3\" ],\r\n  \"vunit\" : [ \"Y\" ],\r\n  \"status\" : [ \"1\" ],\r\n  \"colldate\" : [ \"\" ],\r\n  \"collip\" : [ \"10.175.32.65\" ],\r\n  \"startdate\" : [ \"\" ],\r\n  \"exdate\" : [ \"\" ],\r\n  \"deptid\" : [ \"1003051009\" ],\r\n  \"demo\" : [ \"\" ],\r\n  \"delflag\" : [ \"1\" ]\r\n}', '{\r\n  \"msg\" : \"操作成功\",\r\n  \"code\" : 0\r\n}', '0', null, '2020-03-15 15:40:21');
INSERT INTO `sys_oper_log` VALUES ('206', 'Broad', '5', 'com.sixin.web.controller.iot.BroadController.export()', 'POST', '1', 'admin', '新疆建设兵团', '/iot/broad/export', '127.0.0.1', '内网IP', '{\r\n  \"id\" : [ \"\" ],\r\n  \"deptid\" : [ \"\" ]\r\n}', '{\r\n  \"msg\" : \"ced83e97-bc43-4b75-a181-8faf29379812_broad.xlsx\",\r\n  \"code\" : 0\r\n}', '0', null, '2020-03-15 18:16:53');
INSERT INTO `sys_oper_log` VALUES ('207', 'Water', '5', 'com.sixin.web.controller.iot.WaterController.export()', 'POST', '1', 'admin', '新疆建设兵团', '/iot/water/export', '127.0.0.1', '内网IP', '{\r\n  \"id\" : [ \"\" ],\r\n  \"ctype\" : [ \"\" ],\r\n  \"deptid\" : [ \"\" ]\r\n}', '{\r\n  \"msg\" : \"e887c82c-7b5f-41b8-8c14-fdad19c84872_water.xlsx\",\r\n  \"code\" : 0\r\n}', '0', null, '2020-03-15 18:21:09');
INSERT INTO `sys_oper_log` VALUES ('208', 'Broad信息', '2', 'com.sixin.web.controller.iot.BroadController.editSave()', 'POST', '1', 'admin', '新疆建设兵团', '/iot/broad/edit', '127.0.0.1', '内网IP', '{\r\n  \"id\" : [ \"204\" ],\r\n  \"ctype\" : [ \"广播\" ],\r\n  \"cid\" : [ \"1003051006\" ],\r\n  \"vdata\" : [ \"10\" ],\r\n  \"vunit\" : [ \"L\" ],\r\n  \"status\" : [ \"1\" ],\r\n  \"colldate\" : [ \"\" ],\r\n  \"collip\" : [ \"12.175.32.65\" ],\r\n  \"startdate\" : [ \"\" ],\r\n  \"exdate\" : [ \"\" ],\r\n  \"deptid\" : [ \"1003051006\" ],\r\n  \"demo\" : [ \"\" ],\r\n  \"delflag\" : [ \"1\" ]\r\n}', '{\r\n  \"msg\" : \"操作成功\",\r\n  \"code\" : 0\r\n}', '0', null, '2020-03-16 20:30:45');
INSERT INTO `sys_oper_log` VALUES ('209', 'Broad', '5', 'com.sixin.web.controller.iot.BroadController.export()', 'POST', '1', 'admin', '新疆建设兵团', '/iot/broad/export', '127.0.0.1', '内网IP', '{\r\n  \"id\" : [ \"\" ],\r\n  \"deptid\" : [ \"1003\" ]\r\n}', '{\r\n  \"msg\" : \"1c865925-65cb-4c36-aec2-1d73f6ef3062_broad.xlsx\",\r\n  \"code\" : 0\r\n}', '0', null, '2020-03-16 20:31:02');
INSERT INTO `sys_oper_log` VALUES ('210', '新增Pump信息', '1', 'com.sixin.web.controller.iot.PumpController.addSave()', 'POST', '1', 'admin', '新疆建设兵团', '/iot/pump/add', '127.0.0.1', '内网IP', '{\r\n  \"id\" : [ \"321\" ],\r\n  \"cid\" : [ \"123\" ],\r\n  \"ctype\" : [ \"水泵\" ],\r\n  \"vdata\" : [ \"231\" ],\r\n  \"vunit\" : [ \"\" ],\r\n  \"status\" : [ \"\" ],\r\n  \"colldate\" : [ \"\" ],\r\n  \"collip\" : [ \"\" ],\r\n  \"startdate\" : [ \"\" ],\r\n  \"exdate\" : [ \"\" ],\r\n  \"deptid\" : [ \"\" ],\r\n  \"uid\" : [ \"\" ],\r\n  \"demo\" : [ \"\" ],\r\n  \"delflag\" : [ \"\" ]\r\n}', 'null', '1', '\r\n### Error updating database.  Cause: java.sql.SQLException: Field \'uid\' doesn\'t have a default value\r\n### The error may involve com.sixin.iot.mapper.PumpMapper.insertPump-Inline\r\n### The error occurred while setting parameters\r\n### SQL: insert into tb_collect          ( id,             cid,             ctype,             vdata )          values ( ?,         ?,         ?,         ? )\r\n### Cause: java.sql.SQLException: Field \'uid\' doesn\'t have a default value\n; Field \'uid\' doesn\'t have a default value; nested exception is java.sql.SQLException: Field \'uid\' doesn\'t have a default value', '2020-03-16 21:09:43');
INSERT INTO `sys_oper_log` VALUES ('211', '新增Pump信息', '1', 'com.sixin.web.controller.iot.PumpController.addSave()', 'POST', '1', 'admin', '新疆建设兵团', '/iot/pump/add', '127.0.0.1', '内网IP', '{\r\n  \"id\" : [ \"321\" ],\r\n  \"cid\" : [ \"123\" ],\r\n  \"ctype\" : [ \"水泵\" ],\r\n  \"vdata\" : [ \"231\" ],\r\n  \"vunit\" : [ \"hunau\" ],\r\n  \"status\" : [ \"1\" ],\r\n  \"colldate\" : [ \"\" ],\r\n  \"collip\" : [ \"123\" ],\r\n  \"startdate\" : [ \"\" ],\r\n  \"exdate\" : [ \"\" ],\r\n  \"deptid\" : [ \"\" ],\r\n  \"uid\" : [ \"\" ],\r\n  \"demo\" : [ \"\" ],\r\n  \"delflag\" : [ \"1\" ]\r\n}', 'null', '1', '\r\n### Error updating database.  Cause: java.sql.SQLException: Field \'uid\' doesn\'t have a default value\r\n### The error may involve com.sixin.iot.mapper.PumpMapper.insertPump-Inline\r\n### The error occurred while setting parameters\r\n### SQL: insert into tb_collect          ( id,             cid,             ctype,             vdata,             vunit,             status,                          collip,                                                                              delflag )          values ( ?,         ?,         ?,         ?,         ?,         ?,                  ?,                                                      ? )\r\n### Cause: java.sql.SQLException: Field \'uid\' doesn\'t have a default value\n; Field \'uid\' doesn\'t have a default value; nested exception is java.sql.SQLException: Field \'uid\' doesn\'t have a default value', '2020-03-16 21:10:10');
INSERT INTO `sys_oper_log` VALUES ('212', '新增Pump信息', '1', 'com.sixin.web.controller.iot.PumpController.addSave()', 'POST', '1', 'admin', '新疆建设兵团', '/iot/pump/add', '127.0.0.1', '内网IP', '{\r\n  \"id\" : [ \"321\" ],\r\n  \"cid\" : [ \"123\" ],\r\n  \"ctype\" : [ \"水泵\" ],\r\n  \"vdata\" : [ \"231\" ],\r\n  \"vunit\" : [ \"L\" ],\r\n  \"status\" : [ \"1\" ],\r\n  \"colldate\" : [ \"\" ],\r\n  \"collip\" : [ \"123\" ],\r\n  \"startdate\" : [ \"\" ],\r\n  \"exdate\" : [ \"\" ],\r\n  \"deptid\" : [ \"\" ],\r\n  \"uid\" : [ \"\" ],\r\n  \"demo\" : [ \"\" ],\r\n  \"delflag\" : [ \"1\" ]\r\n}', 'null', '1', '\r\n### Error updating database.  Cause: java.sql.SQLException: Field \'uid\' doesn\'t have a default value\r\n### The error may involve com.sixin.iot.mapper.PumpMapper.insertPump-Inline\r\n### The error occurred while setting parameters\r\n### SQL: insert into tb_collect          ( id,             cid,             ctype,             vdata,             vunit,             status,                          collip,                                                                              delflag )          values ( ?,         ?,         ?,         ?,         ?,         ?,                  ?,                                                      ? )\r\n### Cause: java.sql.SQLException: Field \'uid\' doesn\'t have a default value\n; Field \'uid\' doesn\'t have a default value; nested exception is java.sql.SQLException: Field \'uid\' doesn\'t have a default value', '2020-03-16 21:11:04');
INSERT INTO `sys_oper_log` VALUES ('213', '新增Pump信息', '1', 'com.sixin.web.controller.iot.PumpController.addSave()', 'POST', '1', 'admin', '新疆建设兵团', '/iot/pump/add', '127.0.0.1', '内网IP', '{\r\n  \"id\" : [ \"321\" ],\r\n  \"cid\" : [ \"123\" ],\r\n  \"ctype\" : [ \"水泵\" ],\r\n  \"vdata\" : [ \"231\" ],\r\n  \"vunit\" : [ \"L\" ],\r\n  \"status\" : [ \"1\" ],\r\n  \"colldate\" : [ \"\" ],\r\n  \"collip\" : [ \"123\" ],\r\n  \"startdate\" : [ \"\" ],\r\n  \"exdate\" : [ \"\" ],\r\n  \"deptid\" : [ \"1\" ],\r\n  \"uid\" : [ \"11\" ],\r\n  \"demo\" : [ \"\" ],\r\n  \"delflag\" : [ \"1\" ]\r\n}', '{\r\n  \"msg\" : \"操作成功\",\r\n  \"code\" : 0\r\n}', '0', null, '2020-03-16 21:11:11');
INSERT INTO `sys_oper_log` VALUES ('214', 'Environl', '5', 'com.sixin.web.controller.iot.EnvironlController.export()', 'POST', '1', 'admin', '新疆建设兵团', '/iot/environl/export', '127.0.0.1', '内网IP', '{\r\n  \"id\" : [ \"\" ],\r\n  \"ctype\" : [ \"\" ],\r\n  \"cid\" : [ \"\" ],\r\n  \"vdata\" : [ \"\" ],\r\n  \"vunit\" : [ \"\" ],\r\n  \"colldate\" : [ \"\" ],\r\n  \"collip\" : [ \"\" ],\r\n  \"exdate\" : [ \"\" ],\r\n  \"startdate\" : [ \"\" ],\r\n  \"status\" : [ \"\" ],\r\n  \"deptid\" : [ \"\" ],\r\n  \"user_name\" : [ \"\" ],\r\n  \"demo\" : [ \"\" ]\r\n}', '{\r\n  \"msg\" : \"5d141828-f2e0-42d6-b7cb-184858257377_Environl.xlsx\",\r\n  \"code\" : 0\r\n}', '0', null, '2020-03-16 21:16:54');
INSERT INTO `sys_oper_log` VALUES ('215', 'Save', '5', 'com.sixin.web.controller.iot.SaveController.export()', 'POST', '1', 'admin', '新疆建设兵团', '/iot/save/export', '127.0.0.1', '内网IP', '{\r\n  \"info_id\" : [ \"\" ],\r\n  \"user_adress\" : [ \"\" ],\r\n  \"warnstatus\" : [ \"\" ],\r\n  \"ray\" : [ \"\" ],\r\n  \"runtime\" : [ \"\" ]\r\n}', '{\r\n  \"msg\" : \"6392aed8-4f90-4bd0-8e31-db07ef017026_save.xlsx\",\r\n  \"code\" : 0\r\n}', '0', null, '2020-03-16 21:28:13');
INSERT INTO `sys_oper_log` VALUES ('216', 'Energy', '5', 'com.sixin.web.controller.iot.EnergyController.export()', 'POST', '1', 'admin', '新疆建设兵团', '/iot/energy/export', '127.0.0.1', '内网IP', '{\r\n  \"id\" : [ \"\" ],\r\n  \"cid\" : [ \"\" ],\r\n  \"vdata\" : [ \"\" ],\r\n  \"vunit\" : [ \"\" ],\r\n  \"status\" : [ \"\" ],\r\n  \"colldate\" : [ \"\" ],\r\n  \"collip\" : [ \"\" ],\r\n  \"startdate\" : [ \"\" ],\r\n  \"exdate\" : [ \"\" ],\r\n  \"deptid\" : [ \"\" ],\r\n  \"user_name\" : [ \"\" ],\r\n  \"demo\" : [ \"\" ],\r\n  \"delflag\" : [ \"\" ]\r\n}', '{\r\n  \"msg\" : \"c469db22-41d5-4ad3-ac7d-cafe790cfe94_energy.xlsx\",\r\n  \"code\" : 0\r\n}', '0', null, '2020-03-16 21:41:38');
INSERT INTO `sys_oper_log` VALUES ('217', '用户管理', '2', 'com.sixin.web.controller.system.SysUserController.editSave()', 'POST', '1', 'admin', '新疆建设兵团', '/system/user/edit', '127.0.0.1', '内网IP', '{\r\n  \"userId\" : [ \"3\" ],\r\n  \"deptId\" : [ \"1003044003\" ],\r\n  \"userName\" : [ \"廖雨\" ],\r\n  \"dept.deptName\" : [ \"3连\" ],\r\n  \"phonenumber\" : [ \"13111319830\" ],\r\n  \"email\" : [ \"123@qq.com\" ],\r\n  \"loginName\" : [ \"liuyoo\" ],\r\n  \"sex\" : [ \"1\" ],\r\n  \"remark\" : [ \"测试员\" ],\r\n  \"status\" : [ \"0\" ],\r\n  \"roleIds\" : [ \"\" ],\r\n  \"postIds\" : [ \"\" ]\r\n}', '{\r\n  \"msg\" : \"操作成功\",\r\n  \"code\" : 0\r\n}', '0', null, '2020-03-19 14:27:46');
INSERT INTO `sys_oper_log` VALUES ('218', '用户管理', '2', 'com.sixin.web.controller.system.SysUserController.editSave()', 'POST', '1', 'admin', '新疆建设兵团', '/system/user/edit', '127.0.0.1', '内网IP', '{\r\n  \"userId\" : [ \"3\" ],\r\n  \"deptId\" : [ \"1003044005\" ],\r\n  \"userName\" : [ \"廖雨\" ],\r\n  \"dept.deptName\" : [ \"5连\" ],\r\n  \"phonenumber\" : [ \"13111319830\" ],\r\n  \"email\" : [ \"123@qq.com\" ],\r\n  \"loginName\" : [ \"liuyoo\" ],\r\n  \"sex\" : [ \"1\" ],\r\n  \"remark\" : [ \"测试员\" ],\r\n  \"status\" : [ \"0\" ],\r\n  \"roleIds\" : [ \"\" ],\r\n  \"postIds\" : [ \"\" ]\r\n}', '{\r\n  \"msg\" : \"操作成功\",\r\n  \"code\" : 0\r\n}', '0', null, '2020-03-19 14:27:55');

-- ----------------------------
-- Table structure for sys_phonemanage
-- ----------------------------
DROP TABLE IF EXISTS `sys_phonemanage`;
CREATE TABLE `sys_phonemanage` (
  `pid` bigint(20) NOT NULL AUTO_INCREMENT COMMENT '编号',
  `phone` varchar(15) CHARACTER SET utf8 COLLATE utf8_general_ci NOT NULL COMMENT '授权号码',
  `uid` int(11) NOT NULL COMMENT '用户编号',
  `uname` varchar(30) CHARACTER SET utf8 COLLATE utf8_general_ci DEFAULT NULL COMMENT '用户姓名',
  `rolecode` varchar(100) CHARACTER SET utf8 COLLATE utf8_general_ci DEFAULT NULL COMMENT '权限编码',
  `allowid` int(11) NOT NULL COMMENT '批准人编号',
  `allowname` varchar(30) CHARACTER SET utf8 COLLATE utf8_general_ci DEFAULT NULL COMMENT '批准人姓名',
  `allowdate` datetime DEFAULT CURRENT_TIMESTAMP COMMENT '首次批准时间',
  `reallowid` int(11) DEFAULT '0' COMMENT '再次批准人编号',
  `reallowname` varchar(30) CHARACTER SET utf8 COLLATE utf8_general_ci DEFAULT NULL COMMENT '再次批准人姓名',
  `allowpic` varchar(30) CHARACTER SET utf8 COLLATE utf8_general_ci NOT NULL COMMENT '批准人证明',
  `demo` text CHARACTER SET utf8 COLLATE utf8_general_ci COMMENT '备注',
  `remark` tinyint(4) DEFAULT '1' COMMENT '0-无效,1-有效',
  PRIMARY KEY (`pid`) USING BTREE,
  UNIQUE KEY `phone` (`phone`) USING BTREE
) ENGINE=InnoDB AUTO_INCREMENT=4 DEFAULT CHARSET=utf8 ROW_FORMAT=DYNAMIC COMMENT='授权号码表管理';

-- ----------------------------
-- Records of sys_phonemanage
-- ----------------------------
INSERT INTO `sys_phonemanage` VALUES ('1', '18588940718', '1003044001', '申超豪', null, '1', '刘波', '2020-02-09 18:05:24', '1', '刘波', '湖南农业大学', null, '1');
INSERT INTO `sys_phonemanage` VALUES ('2', '13143685298', '1003044002', 'sch', null, '1', '刘波', '2020-02-09 18:06:08', '1', '刘波', '湖南农业大学', null, '1');
INSERT INTO `sys_phonemanage` VALUES ('3', '18676887123', '1003044003', 'test', null, '2', '客服A', '2020-02-09 18:07:29', '3', '客服B', '中国联通', null, '1');

-- ----------------------------
-- Table structure for sys_post
-- ----------------------------
DROP TABLE IF EXISTS `sys_post`;
CREATE TABLE `sys_post` (
  `post_id` bigint(20) NOT NULL AUTO_INCREMENT COMMENT '岗位ID',
  `post_code` varchar(64) CHARACTER SET utf8 COLLATE utf8_general_ci NOT NULL COMMENT '岗位编码',
  `post_name` varchar(50) CHARACTER SET utf8 COLLATE utf8_general_ci NOT NULL COMMENT '岗位名称',
  `post_sort` int(4) NOT NULL COMMENT '显示顺序',
  `status` char(1) CHARACTER SET utf8 COLLATE utf8_general_ci NOT NULL COMMENT '状态（0正常 1停用）',
  `create_by` varchar(64) CHARACTER SET utf8 COLLATE utf8_general_ci DEFAULT '' COMMENT '创建者',
  `create_time` datetime DEFAULT NULL COMMENT '创建时间',
  `update_by` varchar(64) CHARACTER SET utf8 COLLATE utf8_general_ci DEFAULT '' COMMENT '更新者',
  `update_time` datetime DEFAULT NULL COMMENT '更新时间',
  `remark` varchar(500) CHARACTER SET utf8 COLLATE utf8_general_ci DEFAULT NULL COMMENT '备注',
  PRIMARY KEY (`post_id`) USING BTREE
) ENGINE=InnoDB AUTO_INCREMENT=7 DEFAULT CHARSET=utf8 ROW_FORMAT=DYNAMIC COMMENT='岗位信息表';

-- ----------------------------
-- Records of sys_post
-- ----------------------------
INSERT INTO `sys_post` VALUES ('1', 'ceo', '开发人员', '1', '0', 'admin', '2018-03-16 11:33:00', 'admin', '2018-03-16 11:33:00', '');
INSERT INTO `sys_post` VALUES ('2', 'se', '测试人员', '2', '0', 'admin', '2018-03-16 11:33:00', 'admin', '2018-03-16 11:33:00', '');
INSERT INTO `sys_post` VALUES ('3', 'hr', '管理人员', '3', '0', 'admin', '2018-03-16 11:33:00', 'admin', '2018-03-16 11:33:00', '');
INSERT INTO `sys_post` VALUES ('4', 'user', '普通员工', '4', '0', 'admin', '2018-03-16 11:33:00', 'admin', '2018-03-16 11:33:00', '');
INSERT INTO `sys_post` VALUES ('5', 'village', '村务管理人员', '5', '0', 'admin', '2020-02-04 16:04:00', 'admin', '2020-02-04 16:04:00', null);
INSERT INTO `sys_post` VALUES ('6', 'broad', '广播管理人员', '6', '0', 'admin', '2020-02-04 16:05:00', 'admin', '2020-02-04 16:05:00', '');

-- ----------------------------
-- Table structure for sys_role
-- ----------------------------
DROP TABLE IF EXISTS `sys_role`;
CREATE TABLE `sys_role` (
  `role_id` bigint(20) NOT NULL AUTO_INCREMENT COMMENT '角色ID',
  `role_name` varchar(30) CHARACTER SET utf8 COLLATE utf8_general_ci NOT NULL COMMENT '角色名称',
  `role_key` varchar(100) CHARACTER SET utf8 COLLATE utf8_general_ci NOT NULL COMMENT '角色权限字符串',
  `role_sort` int(4) NOT NULL COMMENT '显示顺序',
  `data_scope` char(1) CHARACTER SET utf8 COLLATE utf8_general_ci DEFAULT '1' COMMENT '数据范围（1：全部数据权限 2：自定数据权限 3：本部门数据权限 4：本部门及以下数据权限）',
  `status` char(1) CHARACTER SET utf8 COLLATE utf8_general_ci NOT NULL COMMENT '角色状态（0正常 1停用）',
  `del_flag` char(1) CHARACTER SET utf8 COLLATE utf8_general_ci DEFAULT '0' COMMENT '删除标志（0代表存在 2代表删除）',
  `create_by` varchar(64) CHARACTER SET utf8 COLLATE utf8_general_ci DEFAULT '' COMMENT '创建者',
  `create_time` datetime DEFAULT NULL COMMENT '创建时间',
  `update_by` varchar(64) CHARACTER SET utf8 COLLATE utf8_general_ci DEFAULT '' COMMENT '更新者',
  `update_time` datetime DEFAULT NULL COMMENT '更新时间',
  `remark` varchar(500) CHARACTER SET utf8 COLLATE utf8_general_ci DEFAULT NULL COMMENT '备注',
  PRIMARY KEY (`role_id`) USING BTREE
) ENGINE=InnoDB AUTO_INCREMENT=101 DEFAULT CHARSET=utf8 ROW_FORMAT=DYNAMIC COMMENT='角色信息表';

-- ----------------------------
-- Records of sys_role
-- ----------------------------
INSERT INTO `sys_role` VALUES ('1', '超级管理员', 'admin', '1', '1', '0', '0', 'admin', '2018-03-16 11:33:00', 'admin', '2018-03-16 11:33:00', '管理员');
INSERT INTO `sys_role` VALUES ('2', '普通角色', 'common', '2', '2', '0', '0', 'admin', '2018-03-16 11:33:00', 'admin', '2018-03-16 11:33:00', '普通角色');
INSERT INTO `sys_role` VALUES ('3', '后台开发工程师', 'developer', '3', '2', '0', '0', 'admin', '2020-02-04 13:53:00', 'admin', '2020-02-04 13:53:00', '后台开发工程师');
INSERT INTO `sys_role` VALUES ('4', '前台开发工程师', 'supreme', '4', '2', '0', '0', 'admin', '2020-02-04 13:54:00', 'admin', '2020-02-04 13:54:00', '前台开发工程师');
INSERT INTO `sys_role` VALUES ('5', '应急广播管理员', 'supreme_broad_admin', '5', '2', '0', '0', 'admin', '2020-02-04 13:55:00', 'admin', '2020-02-04 13:55:00', '应急广播管理员');
INSERT INTO `sys_role` VALUES ('6', '村务政务管理员', 'supreme_village_admin', '6', '2', '0', '0', 'admin', '2020-02-04 13:56:00', 'admin', '2020-02-04 13:56:00', '村务政务管理员');
INSERT INTO `sys_role` VALUES ('7', '临时用户', 'temp_visitor', '7', '4', '0', '0', 'admin', '2020-02-04 13:57:00', 'admin', '2020-02-04 13:57:00', '临时用户');
INSERT INTO `sys_role` VALUES ('8', '村务管理', 'village_manager', '8', '1', '0', '0', 'admin', '2020-02-04 15:14:14', 'admin', '2020-02-04 13:57:00', '黄兴村管理者');

-- ----------------------------
-- Table structure for sys_role_dept
-- ----------------------------
DROP TABLE IF EXISTS `sys_role_dept`;
CREATE TABLE `sys_role_dept` (
  `role_id` bigint(20) NOT NULL COMMENT '角色ID',
  `dept_id` bigint(20) NOT NULL COMMENT '部门ID',
  PRIMARY KEY (`role_id`,`dept_id`) USING BTREE
) ENGINE=InnoDB DEFAULT CHARSET=utf8 ROW_FORMAT=DYNAMIC COMMENT='角色和部门关联表';

-- ----------------------------
-- Records of sys_role_dept
-- ----------------------------
INSERT INTO `sys_role_dept` VALUES ('1', '1');
INSERT INTO `sys_role_dept` VALUES ('1', '1003');
INSERT INTO `sys_role_dept` VALUES ('1', '1003044');
INSERT INTO `sys_role_dept` VALUES ('1', '1003048');
INSERT INTO `sys_role_dept` VALUES ('1', '1003051');
INSERT INTO `sys_role_dept` VALUES ('1', '1003054');
INSERT INTO `sys_role_dept` VALUES ('1', '1003055');
INSERT INTO `sys_role_dept` VALUES ('2', '1');
INSERT INTO `sys_role_dept` VALUES ('2', '1003');
INSERT INTO `sys_role_dept` VALUES ('2', '1003044');
INSERT INTO `sys_role_dept` VALUES ('2', '1003048');
INSERT INTO `sys_role_dept` VALUES ('2', '1003051');
INSERT INTO `sys_role_dept` VALUES ('2', '1003054');
INSERT INTO `sys_role_dept` VALUES ('2', '1003055');

-- ----------------------------
-- Table structure for sys_role_menu
-- ----------------------------
DROP TABLE IF EXISTS `sys_role_menu`;
CREATE TABLE `sys_role_menu` (
  `role_id` int(11) NOT NULL COMMENT '角色ID',
  `menu_id` int(11) NOT NULL COMMENT '菜单ID',
  PRIMARY KEY (`role_id`,`menu_id`) USING BTREE
) ENGINE=InnoDB DEFAULT CHARSET=utf8 ROW_FORMAT=COMPACT COMMENT='角色和菜单关联表';

-- ----------------------------
-- Records of sys_role_menu
-- ----------------------------
INSERT INTO `sys_role_menu` VALUES ('1', '11');
INSERT INTO `sys_role_menu` VALUES ('1', '12');
INSERT INTO `sys_role_menu` VALUES ('1', '13');
INSERT INTO `sys_role_menu` VALUES ('1', '14');
INSERT INTO `sys_role_menu` VALUES ('1', '15');
INSERT INTO `sys_role_menu` VALUES ('1', '1201');
INSERT INTO `sys_role_menu` VALUES ('1', '1202');
INSERT INTO `sys_role_menu` VALUES ('1', '1203');
INSERT INTO `sys_role_menu` VALUES ('1', '1204');
INSERT INTO `sys_role_menu` VALUES ('1', '1301');
INSERT INTO `sys_role_menu` VALUES ('1', '1302');
INSERT INTO `sys_role_menu` VALUES ('1', '1303');
INSERT INTO `sys_role_menu` VALUES ('1', '1304');
INSERT INTO `sys_role_menu` VALUES ('1', '1305');
INSERT INTO `sys_role_menu` VALUES ('1', '1306');
INSERT INTO `sys_role_menu` VALUES ('1', '1307');
INSERT INTO `sys_role_menu` VALUES ('1', '1308');
INSERT INTO `sys_role_menu` VALUES ('1', '1309');
INSERT INTO `sys_role_menu` VALUES ('1', '1401');
INSERT INTO `sys_role_menu` VALUES ('1', '1402');
INSERT INTO `sys_role_menu` VALUES ('1', '1403');
INSERT INTO `sys_role_menu` VALUES ('1', '1404');
INSERT INTO `sys_role_menu` VALUES ('1', '1405');
INSERT INTO `sys_role_menu` VALUES ('1', '1501');
INSERT INTO `sys_role_menu` VALUES ('1', '1601');
INSERT INTO `sys_role_menu` VALUES ('1', '1602');
INSERT INTO `sys_role_menu` VALUES ('1', '1603');
INSERT INTO `sys_role_menu` VALUES ('1', '1604');
INSERT INTO `sys_role_menu` VALUES ('1', '1701');
INSERT INTO `sys_role_menu` VALUES ('1', '1702');
INSERT INTO `sys_role_menu` VALUES ('1', '1703');
INSERT INTO `sys_role_menu` VALUES ('1', '1704');
INSERT INTO `sys_role_menu` VALUES ('1', '1705');
INSERT INTO `sys_role_menu` VALUES ('1', '1706');
INSERT INTO `sys_role_menu` VALUES ('1', '1801');
INSERT INTO `sys_role_menu` VALUES ('1', '1802');
INSERT INTO `sys_role_menu` VALUES ('1', '120101');
INSERT INTO `sys_role_menu` VALUES ('1', '120102');
INSERT INTO `sys_role_menu` VALUES ('1', '120103');
INSERT INTO `sys_role_menu` VALUES ('1', '120201');
INSERT INTO `sys_role_menu` VALUES ('1', '120202');
INSERT INTO `sys_role_menu` VALUES ('1', '120203');
INSERT INTO `sys_role_menu` VALUES ('1', '120204');
INSERT INTO `sys_role_menu` VALUES ('1', '120205');
INSERT INTO `sys_role_menu` VALUES ('1', '120206');
INSERT INTO `sys_role_menu` VALUES ('1', '120301');
INSERT INTO `sys_role_menu` VALUES ('1', '120302');
INSERT INTO `sys_role_menu` VALUES ('1', '120303');
INSERT INTO `sys_role_menu` VALUES ('1', '120304');
INSERT INTO `sys_role_menu` VALUES ('1', '120305');
INSERT INTO `sys_role_menu` VALUES ('1', '120401');
INSERT INTO `sys_role_menu` VALUES ('1', '120402');
INSERT INTO `sys_role_menu` VALUES ('1', '120403');
INSERT INTO `sys_role_menu` VALUES ('1', '120404');
INSERT INTO `sys_role_menu` VALUES ('1', '130101');
INSERT INTO `sys_role_menu` VALUES ('1', '130102');
INSERT INTO `sys_role_menu` VALUES ('1', '130103');
INSERT INTO `sys_role_menu` VALUES ('1', '130104');
INSERT INTO `sys_role_menu` VALUES ('1', '130105');
INSERT INTO `sys_role_menu` VALUES ('1', '130201');
INSERT INTO `sys_role_menu` VALUES ('1', '130202');
INSERT INTO `sys_role_menu` VALUES ('1', '130203');
INSERT INTO `sys_role_menu` VALUES ('1', '130204');
INSERT INTO `sys_role_menu` VALUES ('1', '130301');
INSERT INTO `sys_role_menu` VALUES ('1', '130401');
INSERT INTO `sys_role_menu` VALUES ('1', '130501');
INSERT INTO `sys_role_menu` VALUES ('1', '130601');
INSERT INTO `sys_role_menu` VALUES ('1', '130602');
INSERT INTO `sys_role_menu` VALUES ('1', '130701');
INSERT INTO `sys_role_menu` VALUES ('1', '130702');
INSERT INTO `sys_role_menu` VALUES ('1', '130703');
INSERT INTO `sys_role_menu` VALUES ('1', '130704');
INSERT INTO `sys_role_menu` VALUES ('1', '130705');
INSERT INTO `sys_role_menu` VALUES ('1', '130706');
INSERT INTO `sys_role_menu` VALUES ('1', '130707');
INSERT INTO `sys_role_menu` VALUES ('1', '130708');
INSERT INTO `sys_role_menu` VALUES ('1', '130709');
INSERT INTO `sys_role_menu` VALUES ('1', '130710');
INSERT INTO `sys_role_menu` VALUES ('1', '130711');
INSERT INTO `sys_role_menu` VALUES ('1', '130801');
INSERT INTO `sys_role_menu` VALUES ('1', '130802');
INSERT INTO `sys_role_menu` VALUES ('1', '130803');
INSERT INTO `sys_role_menu` VALUES ('1', '130804');
INSERT INTO `sys_role_menu` VALUES ('1', '130805');
INSERT INTO `sys_role_menu` VALUES ('1', '130806');
INSERT INTO `sys_role_menu` VALUES ('1', '130901');
INSERT INTO `sys_role_menu` VALUES ('1', '130902');
INSERT INTO `sys_role_menu` VALUES ('1', '130903');
INSERT INTO `sys_role_menu` VALUES ('1', '130904');
INSERT INTO `sys_role_menu` VALUES ('1', '130905');
INSERT INTO `sys_role_menu` VALUES ('1', '130906');
INSERT INTO `sys_role_menu` VALUES ('1', '140101');
INSERT INTO `sys_role_menu` VALUES ('1', '140102');
INSERT INTO `sys_role_menu` VALUES ('1', '140103');
INSERT INTO `sys_role_menu` VALUES ('1', '140104');
INSERT INTO `sys_role_menu` VALUES ('1', '140105');
INSERT INTO `sys_role_menu` VALUES ('1', '140201');
INSERT INTO `sys_role_menu` VALUES ('1', '140301');
INSERT INTO `sys_role_menu` VALUES ('1', '140401');
INSERT INTO `sys_role_menu` VALUES ('1', '140501');
INSERT INTO `sys_role_menu` VALUES ('1', '150101');
INSERT INTO `sys_role_menu` VALUES ('1', '150102');
INSERT INTO `sys_role_menu` VALUES ('1', '150103');
INSERT INTO `sys_role_menu` VALUES ('1', '150104');
INSERT INTO `sys_role_menu` VALUES ('1', '150105');
INSERT INTO `sys_role_menu` VALUES ('1', '150106');
INSERT INTO `sys_role_menu` VALUES ('1', '150107');
INSERT INTO `sys_role_menu` VALUES ('1', '150108');
INSERT INTO `sys_role_menu` VALUES ('1', '150109');
INSERT INTO `sys_role_menu` VALUES ('1', '150110');
INSERT INTO `sys_role_menu` VALUES ('1', '150111');
INSERT INTO `sys_role_menu` VALUES ('1', '150112');
INSERT INTO `sys_role_menu` VALUES ('1', '150113');
INSERT INTO `sys_role_menu` VALUES ('1', '150114');
INSERT INTO `sys_role_menu` VALUES ('1', '150115');
INSERT INTO `sys_role_menu` VALUES ('1', '150116');
INSERT INTO `sys_role_menu` VALUES ('1', '160101');
INSERT INTO `sys_role_menu` VALUES ('1', '160102');
INSERT INTO `sys_role_menu` VALUES ('1', '160103');
INSERT INTO `sys_role_menu` VALUES ('1', '160201');
INSERT INTO `sys_role_menu` VALUES ('1', '160202');
INSERT INTO `sys_role_menu` VALUES ('1', '160203');
INSERT INTO `sys_role_menu` VALUES ('1', '160204');
INSERT INTO `sys_role_menu` VALUES ('1', '160205');
INSERT INTO `sys_role_menu` VALUES ('1', '160206');
INSERT INTO `sys_role_menu` VALUES ('1', '160207');
INSERT INTO `sys_role_menu` VALUES ('1', '170101');
INSERT INTO `sys_role_menu` VALUES ('1', '170102');
INSERT INTO `sys_role_menu` VALUES ('1', '170103');
INSERT INTO `sys_role_menu` VALUES ('1', '170104');
INSERT INTO `sys_role_menu` VALUES ('1', '170201');
INSERT INTO `sys_role_menu` VALUES ('1', '170202');
INSERT INTO `sys_role_menu` VALUES ('1', '170203');
INSERT INTO `sys_role_menu` VALUES ('1', '170204');
INSERT INTO `sys_role_menu` VALUES ('1', '170205');
INSERT INTO `sys_role_menu` VALUES ('1', '170301');
INSERT INTO `sys_role_menu` VALUES ('1', '170302');
INSERT INTO `sys_role_menu` VALUES ('1', '170303');
INSERT INTO `sys_role_menu` VALUES ('1', '170304');
INSERT INTO `sys_role_menu` VALUES ('1', '170305');
INSERT INTO `sys_role_menu` VALUES ('1', '170401');
INSERT INTO `sys_role_menu` VALUES ('1', '170402');
INSERT INTO `sys_role_menu` VALUES ('1', '170403');
INSERT INTO `sys_role_menu` VALUES ('1', '170404');
INSERT INTO `sys_role_menu` VALUES ('1', '170405');
INSERT INTO `sys_role_menu` VALUES ('1', '170501');
INSERT INTO `sys_role_menu` VALUES ('1', '170502');
INSERT INTO `sys_role_menu` VALUES ('1', '170503');
INSERT INTO `sys_role_menu` VALUES ('1', '170504');
INSERT INTO `sys_role_menu` VALUES ('1', '170601');
INSERT INTO `sys_role_menu` VALUES ('1', '170602');
INSERT INTO `sys_role_menu` VALUES ('1', '180201');
INSERT INTO `sys_role_menu` VALUES ('1', '180202');
INSERT INTO `sys_role_menu` VALUES ('1', '13010101');
INSERT INTO `sys_role_menu` VALUES ('1', '13010102');
INSERT INTO `sys_role_menu` VALUES ('1', '13010103');
INSERT INTO `sys_role_menu` VALUES ('1', '13010104');
INSERT INTO `sys_role_menu` VALUES ('1', '13010201');
INSERT INTO `sys_role_menu` VALUES ('1', '13010202');
INSERT INTO `sys_role_menu` VALUES ('1', '13010203');
INSERT INTO `sys_role_menu` VALUES ('1', '13010204');
INSERT INTO `sys_role_menu` VALUES ('1', '13010301');
INSERT INTO `sys_role_menu` VALUES ('1', '13010302');
INSERT INTO `sys_role_menu` VALUES ('1', '13010303');
INSERT INTO `sys_role_menu` VALUES ('1', '13010304');
INSERT INTO `sys_role_menu` VALUES ('1', '13010401');
INSERT INTO `sys_role_menu` VALUES ('1', '13010402');
INSERT INTO `sys_role_menu` VALUES ('1', '13010403');
INSERT INTO `sys_role_menu` VALUES ('1', '13010404');
INSERT INTO `sys_role_menu` VALUES ('1', '13010501');
INSERT INTO `sys_role_menu` VALUES ('1', '13010502');
INSERT INTO `sys_role_menu` VALUES ('1', '13010503');
INSERT INTO `sys_role_menu` VALUES ('1', '13010504');
INSERT INTO `sys_role_menu` VALUES ('1', '13020101');
INSERT INTO `sys_role_menu` VALUES ('1', '13020102');
INSERT INTO `sys_role_menu` VALUES ('1', '13020103');
INSERT INTO `sys_role_menu` VALUES ('1', '13020104');
INSERT INTO `sys_role_menu` VALUES ('1', '13020201');
INSERT INTO `sys_role_menu` VALUES ('1', '13020202');
INSERT INTO `sys_role_menu` VALUES ('1', '13020203');
INSERT INTO `sys_role_menu` VALUES ('1', '13020204');
INSERT INTO `sys_role_menu` VALUES ('1', '13020301');
INSERT INTO `sys_role_menu` VALUES ('1', '13020302');
INSERT INTO `sys_role_menu` VALUES ('1', '13020303');
INSERT INTO `sys_role_menu` VALUES ('1', '13020304');
INSERT INTO `sys_role_menu` VALUES ('1', '13020401');
INSERT INTO `sys_role_menu` VALUES ('1', '13030101');
INSERT INTO `sys_role_menu` VALUES ('1', '13030102');
INSERT INTO `sys_role_menu` VALUES ('1', '13030103');
INSERT INTO `sys_role_menu` VALUES ('1', '13030104');
INSERT INTO `sys_role_menu` VALUES ('1', '13040101');
INSERT INTO `sys_role_menu` VALUES ('1', '13040102');
INSERT INTO `sys_role_menu` VALUES ('1', '13040103');
INSERT INTO `sys_role_menu` VALUES ('1', '13040104');
INSERT INTO `sys_role_menu` VALUES ('1', '13050101');
INSERT INTO `sys_role_menu` VALUES ('1', '13050102');
INSERT INTO `sys_role_menu` VALUES ('1', '13050103');
INSERT INTO `sys_role_menu` VALUES ('1', '13050104');
INSERT INTO `sys_role_menu` VALUES ('1', '13060101');
INSERT INTO `sys_role_menu` VALUES ('1', '13060102');
INSERT INTO `sys_role_menu` VALUES ('1', '13060103');
INSERT INTO `sys_role_menu` VALUES ('1', '13060104');
INSERT INTO `sys_role_menu` VALUES ('1', '13060201');
INSERT INTO `sys_role_menu` VALUES ('1', '13060202');
INSERT INTO `sys_role_menu` VALUES ('1', '13060203');
INSERT INTO `sys_role_menu` VALUES ('1', '13060204');
INSERT INTO `sys_role_menu` VALUES ('1', '13070101');
INSERT INTO `sys_role_menu` VALUES ('1', '13070102');
INSERT INTO `sys_role_menu` VALUES ('1', '13070103');
INSERT INTO `sys_role_menu` VALUES ('1', '13070104');
INSERT INTO `sys_role_menu` VALUES ('1', '13070201');
INSERT INTO `sys_role_menu` VALUES ('1', '13070202');
INSERT INTO `sys_role_menu` VALUES ('1', '13070203');
INSERT INTO `sys_role_menu` VALUES ('1', '13070204');
INSERT INTO `sys_role_menu` VALUES ('1', '13070301');
INSERT INTO `sys_role_menu` VALUES ('1', '13070302');
INSERT INTO `sys_role_menu` VALUES ('1', '13070303');
INSERT INTO `sys_role_menu` VALUES ('1', '13070304');
INSERT INTO `sys_role_menu` VALUES ('1', '13070401');
INSERT INTO `sys_role_menu` VALUES ('1', '13070402');
INSERT INTO `sys_role_menu` VALUES ('1', '13070403');
INSERT INTO `sys_role_menu` VALUES ('1', '13070404');
INSERT INTO `sys_role_menu` VALUES ('1', '13070501');
INSERT INTO `sys_role_menu` VALUES ('1', '13070502');
INSERT INTO `sys_role_menu` VALUES ('1', '13070503');
INSERT INTO `sys_role_menu` VALUES ('1', '13070504');
INSERT INTO `sys_role_menu` VALUES ('1', '13070601');
INSERT INTO `sys_role_menu` VALUES ('1', '13070602');
INSERT INTO `sys_role_menu` VALUES ('1', '13070603');
INSERT INTO `sys_role_menu` VALUES ('1', '13070604');
INSERT INTO `sys_role_menu` VALUES ('1', '13070701');
INSERT INTO `sys_role_menu` VALUES ('1', '13070702');
INSERT INTO `sys_role_menu` VALUES ('1', '13070703');
INSERT INTO `sys_role_menu` VALUES ('1', '13070704');
INSERT INTO `sys_role_menu` VALUES ('1', '13080101');
INSERT INTO `sys_role_menu` VALUES ('1', '13080102');
INSERT INTO `sys_role_menu` VALUES ('1', '13080103');
INSERT INTO `sys_role_menu` VALUES ('1', '13080104');
INSERT INTO `sys_role_menu` VALUES ('1', '13080201');
INSERT INTO `sys_role_menu` VALUES ('1', '13080202');
INSERT INTO `sys_role_menu` VALUES ('1', '13080203');
INSERT INTO `sys_role_menu` VALUES ('1', '13080204');
INSERT INTO `sys_role_menu` VALUES ('1', '13080301');
INSERT INTO `sys_role_menu` VALUES ('1', '13080302');
INSERT INTO `sys_role_menu` VALUES ('1', '13080303');
INSERT INTO `sys_role_menu` VALUES ('1', '13080304');
INSERT INTO `sys_role_menu` VALUES ('1', '13080401');
INSERT INTO `sys_role_menu` VALUES ('1', '13080402');
INSERT INTO `sys_role_menu` VALUES ('1', '13080403');
INSERT INTO `sys_role_menu` VALUES ('1', '13080404');
INSERT INTO `sys_role_menu` VALUES ('1', '13080501');
INSERT INTO `sys_role_menu` VALUES ('1', '13080502');
INSERT INTO `sys_role_menu` VALUES ('1', '13080503');
INSERT INTO `sys_role_menu` VALUES ('1', '13080504');
INSERT INTO `sys_role_menu` VALUES ('1', '13080601');
INSERT INTO `sys_role_menu` VALUES ('1', '13080602');
INSERT INTO `sys_role_menu` VALUES ('1', '13080603');
INSERT INTO `sys_role_menu` VALUES ('1', '13080604');
INSERT INTO `sys_role_menu` VALUES ('1', '13090101');
INSERT INTO `sys_role_menu` VALUES ('1', '13090102');
INSERT INTO `sys_role_menu` VALUES ('1', '13090103');
INSERT INTO `sys_role_menu` VALUES ('1', '13090104');
INSERT INTO `sys_role_menu` VALUES ('1', '13090201');
INSERT INTO `sys_role_menu` VALUES ('1', '13090202');
INSERT INTO `sys_role_menu` VALUES ('1', '13090203');
INSERT INTO `sys_role_menu` VALUES ('1', '13090204');
INSERT INTO `sys_role_menu` VALUES ('1', '13090301');
INSERT INTO `sys_role_menu` VALUES ('1', '13090302');
INSERT INTO `sys_role_menu` VALUES ('1', '13090303');
INSERT INTO `sys_role_menu` VALUES ('1', '13090304');
INSERT INTO `sys_role_menu` VALUES ('1', '13090401');
INSERT INTO `sys_role_menu` VALUES ('1', '13090402');
INSERT INTO `sys_role_menu` VALUES ('1', '13090403');
INSERT INTO `sys_role_menu` VALUES ('1', '13090404');
INSERT INTO `sys_role_menu` VALUES ('1', '13090501');
INSERT INTO `sys_role_menu` VALUES ('1', '13090502');
INSERT INTO `sys_role_menu` VALUES ('1', '13090503');
INSERT INTO `sys_role_menu` VALUES ('1', '13090504');
INSERT INTO `sys_role_menu` VALUES ('1', '13090601');
INSERT INTO `sys_role_menu` VALUES ('1', '13090602');
INSERT INTO `sys_role_menu` VALUES ('1', '13090603');
INSERT INTO `sys_role_menu` VALUES ('1', '13090604');
INSERT INTO `sys_role_menu` VALUES ('1', '14010101');
INSERT INTO `sys_role_menu` VALUES ('1', '14010102');
INSERT INTO `sys_role_menu` VALUES ('1', '14010103');
INSERT INTO `sys_role_menu` VALUES ('1', '14010201');
INSERT INTO `sys_role_menu` VALUES ('1', '14010202');
INSERT INTO `sys_role_menu` VALUES ('1', '14010203');
INSERT INTO `sys_role_menu` VALUES ('1', '14010204');
INSERT INTO `sys_role_menu` VALUES ('1', '14010205');
INSERT INTO `sys_role_menu` VALUES ('1', '14010301');
INSERT INTO `sys_role_menu` VALUES ('1', '14010302');
INSERT INTO `sys_role_menu` VALUES ('1', '14010303');
INSERT INTO `sys_role_menu` VALUES ('1', '14010304');
INSERT INTO `sys_role_menu` VALUES ('1', '14010305');
INSERT INTO `sys_role_menu` VALUES ('1', '14010306');
INSERT INTO `sys_role_menu` VALUES ('1', '14010307');
INSERT INTO `sys_role_menu` VALUES ('1', '14010401');
INSERT INTO `sys_role_menu` VALUES ('1', '14010501');
INSERT INTO `sys_role_menu` VALUES ('1', '14010502');
INSERT INTO `sys_role_menu` VALUES ('1', '14020101');
INSERT INTO `sys_role_menu` VALUES ('1', '14020102');
INSERT INTO `sys_role_menu` VALUES ('1', '14020103');
INSERT INTO `sys_role_menu` VALUES ('1', '14020104');
INSERT INTO `sys_role_menu` VALUES ('1', '14030101');
INSERT INTO `sys_role_menu` VALUES ('1', '14030102');
INSERT INTO `sys_role_menu` VALUES ('1', '14030103');
INSERT INTO `sys_role_menu` VALUES ('1', '14030104');
INSERT INTO `sys_role_menu` VALUES ('1', '14040101');
INSERT INTO `sys_role_menu` VALUES ('1', '14040102');
INSERT INTO `sys_role_menu` VALUES ('1', '14040103');
INSERT INTO `sys_role_menu` VALUES ('1', '14040104');
INSERT INTO `sys_role_menu` VALUES ('1', '14050101');
INSERT INTO `sys_role_menu` VALUES ('1', '14050102');
INSERT INTO `sys_role_menu` VALUES ('1', '14050103');
INSERT INTO `sys_role_menu` VALUES ('1', '14050104');
INSERT INTO `sys_role_menu` VALUES ('1', '15010101');
INSERT INTO `sys_role_menu` VALUES ('1', '15010102');
INSERT INTO `sys_role_menu` VALUES ('1', '15010103');
INSERT INTO `sys_role_menu` VALUES ('1', '15010104');
INSERT INTO `sys_role_menu` VALUES ('1', '15010105');
INSERT INTO `sys_role_menu` VALUES ('1', '15010106');
INSERT INTO `sys_role_menu` VALUES ('1', '15010201');
INSERT INTO `sys_role_menu` VALUES ('1', '15010202');
INSERT INTO `sys_role_menu` VALUES ('1', '15010203');
INSERT INTO `sys_role_menu` VALUES ('1', '15010204');
INSERT INTO `sys_role_menu` VALUES ('1', '15010301');
INSERT INTO `sys_role_menu` VALUES ('1', '15010302');
INSERT INTO `sys_role_menu` VALUES ('1', '15010303');
INSERT INTO `sys_role_menu` VALUES ('1', '15010304');
INSERT INTO `sys_role_menu` VALUES ('1', '15010401');
INSERT INTO `sys_role_menu` VALUES ('1', '15010402');
INSERT INTO `sys_role_menu` VALUES ('1', '15010403');
INSERT INTO `sys_role_menu` VALUES ('1', '15010404');
INSERT INTO `sys_role_menu` VALUES ('1', '15010501');
INSERT INTO `sys_role_menu` VALUES ('1', '15010502');
INSERT INTO `sys_role_menu` VALUES ('1', '15010503');
INSERT INTO `sys_role_menu` VALUES ('1', '15010504');
INSERT INTO `sys_role_menu` VALUES ('1', '15010601');
INSERT INTO `sys_role_menu` VALUES ('1', '15010602');
INSERT INTO `sys_role_menu` VALUES ('1', '15010603');
INSERT INTO `sys_role_menu` VALUES ('1', '15010604');
INSERT INTO `sys_role_menu` VALUES ('1', '15010701');
INSERT INTO `sys_role_menu` VALUES ('1', '15010702');
INSERT INTO `sys_role_menu` VALUES ('1', '15010703');
INSERT INTO `sys_role_menu` VALUES ('1', '15010704');
INSERT INTO `sys_role_menu` VALUES ('1', '15010801');
INSERT INTO `sys_role_menu` VALUES ('1', '15010802');
INSERT INTO `sys_role_menu` VALUES ('1', '15010803');
INSERT INTO `sys_role_menu` VALUES ('1', '15010804');
INSERT INTO `sys_role_menu` VALUES ('1', '15010901');
INSERT INTO `sys_role_menu` VALUES ('1', '15010902');
INSERT INTO `sys_role_menu` VALUES ('1', '15010903');
INSERT INTO `sys_role_menu` VALUES ('1', '15010904');
INSERT INTO `sys_role_menu` VALUES ('1', '15011001');
INSERT INTO `sys_role_menu` VALUES ('1', '15011002');
INSERT INTO `sys_role_menu` VALUES ('1', '15011003');
INSERT INTO `sys_role_menu` VALUES ('1', '15011004');
INSERT INTO `sys_role_menu` VALUES ('1', '15011101');
INSERT INTO `sys_role_menu` VALUES ('1', '15011102');
INSERT INTO `sys_role_menu` VALUES ('1', '15011103');
INSERT INTO `sys_role_menu` VALUES ('1', '15011104');
INSERT INTO `sys_role_menu` VALUES ('1', '15011105');
INSERT INTO `sys_role_menu` VALUES ('1', '15011201');
INSERT INTO `sys_role_menu` VALUES ('1', '15011202');
INSERT INTO `sys_role_menu` VALUES ('1', '15011203');
INSERT INTO `sys_role_menu` VALUES ('1', '15011204');
INSERT INTO `sys_role_menu` VALUES ('1', '15011301');
INSERT INTO `sys_role_menu` VALUES ('1', '15011302');
INSERT INTO `sys_role_menu` VALUES ('1', '15011303');
INSERT INTO `sys_role_menu` VALUES ('1', '15011304');
INSERT INTO `sys_role_menu` VALUES ('1', '15011401');
INSERT INTO `sys_role_menu` VALUES ('1', '15011402');
INSERT INTO `sys_role_menu` VALUES ('1', '15011403');
INSERT INTO `sys_role_menu` VALUES ('1', '15011404');
INSERT INTO `sys_role_menu` VALUES ('1', '15011501');
INSERT INTO `sys_role_menu` VALUES ('1', '15011502');
INSERT INTO `sys_role_menu` VALUES ('1', '15011503');
INSERT INTO `sys_role_menu` VALUES ('1', '15011504');
INSERT INTO `sys_role_menu` VALUES ('1', '15011601');
INSERT INTO `sys_role_menu` VALUES ('1', '15011602');
INSERT INTO `sys_role_menu` VALUES ('1', '15011603');
INSERT INTO `sys_role_menu` VALUES ('1', '15011604');
INSERT INTO `sys_role_menu` VALUES ('1', '17060101');
INSERT INTO `sys_role_menu` VALUES ('1', '17060102');
INSERT INTO `sys_role_menu` VALUES ('1', '17060103');
INSERT INTO `sys_role_menu` VALUES ('1', '17060104');
INSERT INTO `sys_role_menu` VALUES ('1', '17060201');
INSERT INTO `sys_role_menu` VALUES ('1', '17060202');
INSERT INTO `sys_role_menu` VALUES ('1', '17060203');
INSERT INTO `sys_role_menu` VALUES ('1', '1401010101');
INSERT INTO `sys_role_menu` VALUES ('1', '1401010102');
INSERT INTO `sys_role_menu` VALUES ('1', '1401010103');
INSERT INTO `sys_role_menu` VALUES ('1', '1401010104');
INSERT INTO `sys_role_menu` VALUES ('1', '1401010201');
INSERT INTO `sys_role_menu` VALUES ('1', '1401010202');
INSERT INTO `sys_role_menu` VALUES ('1', '1401010203');
INSERT INTO `sys_role_menu` VALUES ('1', '1401010204');
INSERT INTO `sys_role_menu` VALUES ('1', '1401010301');
INSERT INTO `sys_role_menu` VALUES ('1', '1401010302');
INSERT INTO `sys_role_menu` VALUES ('1', '1401010303');
INSERT INTO `sys_role_menu` VALUES ('1', '1401010304');
INSERT INTO `sys_role_menu` VALUES ('1', '1401020101');
INSERT INTO `sys_role_menu` VALUES ('1', '1401020102');
INSERT INTO `sys_role_menu` VALUES ('1', '1401020103');
INSERT INTO `sys_role_menu` VALUES ('1', '1401020104');
INSERT INTO `sys_role_menu` VALUES ('1', '1401020201');
INSERT INTO `sys_role_menu` VALUES ('1', '1401020301');
INSERT INTO `sys_role_menu` VALUES ('1', '1401020302');
INSERT INTO `sys_role_menu` VALUES ('1', '1401020303');
INSERT INTO `sys_role_menu` VALUES ('1', '1401020304');
INSERT INTO `sys_role_menu` VALUES ('1', '1401020401');
INSERT INTO `sys_role_menu` VALUES ('1', '1401020402');
INSERT INTO `sys_role_menu` VALUES ('1', '1401020403');
INSERT INTO `sys_role_menu` VALUES ('1', '1401020404');
INSERT INTO `sys_role_menu` VALUES ('1', '1401020501');
INSERT INTO `sys_role_menu` VALUES ('1', '1401020502');
INSERT INTO `sys_role_menu` VALUES ('1', '1401020503');
INSERT INTO `sys_role_menu` VALUES ('1', '1401020504');
INSERT INTO `sys_role_menu` VALUES ('1', '1401030101');
INSERT INTO `sys_role_menu` VALUES ('1', '1401030102');
INSERT INTO `sys_role_menu` VALUES ('1', '1401030103');
INSERT INTO `sys_role_menu` VALUES ('1', '1401030104');
INSERT INTO `sys_role_menu` VALUES ('1', '1401030201');
INSERT INTO `sys_role_menu` VALUES ('1', '1401030202');
INSERT INTO `sys_role_menu` VALUES ('1', '1401030203');
INSERT INTO `sys_role_menu` VALUES ('1', '1401030301');
INSERT INTO `sys_role_menu` VALUES ('1', '1401030302');
INSERT INTO `sys_role_menu` VALUES ('1', '1401030303');
INSERT INTO `sys_role_menu` VALUES ('1', '1401030304');
INSERT INTO `sys_role_menu` VALUES ('1', '1401030401');
INSERT INTO `sys_role_menu` VALUES ('1', '1401030402');
INSERT INTO `sys_role_menu` VALUES ('1', '1401030403');
INSERT INTO `sys_role_menu` VALUES ('1', '1401030404');
INSERT INTO `sys_role_menu` VALUES ('1', '1401030501');
INSERT INTO `sys_role_menu` VALUES ('1', '1401030502');
INSERT INTO `sys_role_menu` VALUES ('1', '1401030503');
INSERT INTO `sys_role_menu` VALUES ('1', '1401030504');
INSERT INTO `sys_role_menu` VALUES ('1', '1401030601');
INSERT INTO `sys_role_menu` VALUES ('1', '1401030602');
INSERT INTO `sys_role_menu` VALUES ('1', '1401030603');
INSERT INTO `sys_role_menu` VALUES ('1', '1401030604');
INSERT INTO `sys_role_menu` VALUES ('1', '1401030701');
INSERT INTO `sys_role_menu` VALUES ('1', '1401030702');
INSERT INTO `sys_role_menu` VALUES ('1', '1401030703');
INSERT INTO `sys_role_menu` VALUES ('1', '1401030704');
INSERT INTO `sys_role_menu` VALUES ('1', '1401040101');
INSERT INTO `sys_role_menu` VALUES ('1', '1401040102');
INSERT INTO `sys_role_menu` VALUES ('1', '1401040103');
INSERT INTO `sys_role_menu` VALUES ('1', '1401040104');
INSERT INTO `sys_role_menu` VALUES ('1', '1401040105');
INSERT INTO `sys_role_menu` VALUES ('1', '1401040106');
INSERT INTO `sys_role_menu` VALUES ('1', '1401050101');
INSERT INTO `sys_role_menu` VALUES ('1', '1401050102');
INSERT INTO `sys_role_menu` VALUES ('1', '1401050103');
INSERT INTO `sys_role_menu` VALUES ('1', '1401050104');
INSERT INTO `sys_role_menu` VALUES ('1', '1401050201');
INSERT INTO `sys_role_menu` VALUES ('1', '1401050202');
INSERT INTO `sys_role_menu` VALUES ('1', '1401050203');
INSERT INTO `sys_role_menu` VALUES ('1', '1401050204');
INSERT INTO `sys_role_menu` VALUES ('1', '1401050205');
INSERT INTO `sys_role_menu` VALUES ('1', '1401050206');
INSERT INTO `sys_role_menu` VALUES ('2', '4');
INSERT INTO `sys_role_menu` VALUES ('2', '1057');
INSERT INTO `sys_role_menu` VALUES ('2', '1058');
INSERT INTO `sys_role_menu` VALUES ('2', '1059');
INSERT INTO `sys_role_menu` VALUES ('2', '1060');
INSERT INTO `sys_role_menu` VALUES ('2', '1061');
INSERT INTO `sys_role_menu` VALUES ('2', '1062');
INSERT INTO `sys_role_menu` VALUES ('2', '1063');
INSERT INTO `sys_role_menu` VALUES ('2', '1064');
INSERT INTO `sys_role_menu` VALUES ('2', '1068');
INSERT INTO `sys_role_menu` VALUES ('2', '1098');
INSERT INTO `sys_role_menu` VALUES ('2', '1112');
INSERT INTO `sys_role_menu` VALUES ('2', '1113');
INSERT INTO `sys_role_menu` VALUES ('2', '1114');
INSERT INTO `sys_role_menu` VALUES ('2', '1115');
INSERT INTO `sys_role_menu` VALUES ('2', '1116');
INSERT INTO `sys_role_menu` VALUES ('2', '1117');
INSERT INTO `sys_role_menu` VALUES ('2', '1118');
INSERT INTO `sys_role_menu` VALUES ('2', '1119');
INSERT INTO `sys_role_menu` VALUES ('2', '1120');
INSERT INTO `sys_role_menu` VALUES ('2', '1121');
INSERT INTO `sys_role_menu` VALUES ('2', '1139');
INSERT INTO `sys_role_menu` VALUES ('2', '1140');
INSERT INTO `sys_role_menu` VALUES ('2', '1141');
INSERT INTO `sys_role_menu` VALUES ('2', '1142');
INSERT INTO `sys_role_menu` VALUES ('2', '1143');
INSERT INTO `sys_role_menu` VALUES ('2', '1144');
INSERT INTO `sys_role_menu` VALUES ('2', '1145');
INSERT INTO `sys_role_menu` VALUES ('2', '1146');
INSERT INTO `sys_role_menu` VALUES ('2', '1147');
INSERT INTO `sys_role_menu` VALUES ('2', '1148');
INSERT INTO `sys_role_menu` VALUES ('2', '1154');
INSERT INTO `sys_role_menu` VALUES ('2', '1155');
INSERT INTO `sys_role_menu` VALUES ('2', '1156');
INSERT INTO `sys_role_menu` VALUES ('2', '1157');
INSERT INTO `sys_role_menu` VALUES ('2', '1158');
INSERT INTO `sys_role_menu` VALUES ('2', '1167');
INSERT INTO `sys_role_menu` VALUES ('2', '1168');
INSERT INTO `sys_role_menu` VALUES ('2', '1169');
INSERT INTO `sys_role_menu` VALUES ('2', '1170');
INSERT INTO `sys_role_menu` VALUES ('2', '1171');
INSERT INTO `sys_role_menu` VALUES ('2', '1172');
INSERT INTO `sys_role_menu` VALUES ('2', '1173');
INSERT INTO `sys_role_menu` VALUES ('2', '1174');
INSERT INTO `sys_role_menu` VALUES ('2', '1175');
INSERT INTO `sys_role_menu` VALUES ('2', '1176');
INSERT INTO `sys_role_menu` VALUES ('2', '1177');
INSERT INTO `sys_role_menu` VALUES ('2', '1178');
INSERT INTO `sys_role_menu` VALUES ('2', '1179');
INSERT INTO `sys_role_menu` VALUES ('2', '1180');
INSERT INTO `sys_role_menu` VALUES ('2', '1181');
INSERT INTO `sys_role_menu` VALUES ('2', '1182');
INSERT INTO `sys_role_menu` VALUES ('2', '1183');
INSERT INTO `sys_role_menu` VALUES ('2', '1184');
INSERT INTO `sys_role_menu` VALUES ('2', '1185');
INSERT INTO `sys_role_menu` VALUES ('2', '1186');
INSERT INTO `sys_role_menu` VALUES ('2', '1187');
INSERT INTO `sys_role_menu` VALUES ('2', '1197');
INSERT INTO `sys_role_menu` VALUES ('2', '1201');
INSERT INTO `sys_role_menu` VALUES ('2', '1202');
INSERT INTO `sys_role_menu` VALUES ('2', '1203');
INSERT INTO `sys_role_menu` VALUES ('2', '1204');
INSERT INTO `sys_role_menu` VALUES ('2', '1208');
INSERT INTO `sys_role_menu` VALUES ('2', '1209');
INSERT INTO `sys_role_menu` VALUES ('2', '1210');
INSERT INTO `sys_role_menu` VALUES ('2', '1211');
INSERT INTO `sys_role_menu` VALUES ('2', '1212');
INSERT INTO `sys_role_menu` VALUES ('2', '1256');
INSERT INTO `sys_role_menu` VALUES ('2', '1257');
INSERT INTO `sys_role_menu` VALUES ('2', '1260');
INSERT INTO `sys_role_menu` VALUES ('2', '1261');
INSERT INTO `sys_role_menu` VALUES ('2', '1262');
INSERT INTO `sys_role_menu` VALUES ('2', '1263');
INSERT INTO `sys_role_menu` VALUES ('2', '1264');
INSERT INTO `sys_role_menu` VALUES ('2', '1266');
INSERT INTO `sys_role_menu` VALUES ('2', '1268');
INSERT INTO `sys_role_menu` VALUES ('2', '1269');
INSERT INTO `sys_role_menu` VALUES ('2', '1273');
INSERT INTO `sys_role_menu` VALUES ('2', '1274');
INSERT INTO `sys_role_menu` VALUES ('2', '1275');
INSERT INTO `sys_role_menu` VALUES ('2', '1276');
INSERT INTO `sys_role_menu` VALUES ('2', '1277');
INSERT INTO `sys_role_menu` VALUES ('2', '1278');
INSERT INTO `sys_role_menu` VALUES ('2', '1279');
INSERT INTO `sys_role_menu` VALUES ('2', '1284');
INSERT INTO `sys_role_menu` VALUES ('2', '1285');
INSERT INTO `sys_role_menu` VALUES ('2', '1286');
INSERT INTO `sys_role_menu` VALUES ('2', '1287');
INSERT INTO `sys_role_menu` VALUES ('2', '1288');
INSERT INTO `sys_role_menu` VALUES ('2', '1289');
INSERT INTO `sys_role_menu` VALUES ('2', '1290');
INSERT INTO `sys_role_menu` VALUES ('2', '1291');
INSERT INTO `sys_role_menu` VALUES ('2', '1292');
INSERT INTO `sys_role_menu` VALUES ('2', '1293');
INSERT INTO `sys_role_menu` VALUES ('2', '1294');
INSERT INTO `sys_role_menu` VALUES ('2', '1295');
INSERT INTO `sys_role_menu` VALUES ('2', '1296');
INSERT INTO `sys_role_menu` VALUES ('2', '1297');
INSERT INTO `sys_role_menu` VALUES ('2', '1298');
INSERT INTO `sys_role_menu` VALUES ('2', '1299');
INSERT INTO `sys_role_menu` VALUES ('2', '1300');
INSERT INTO `sys_role_menu` VALUES ('2', '1301');
INSERT INTO `sys_role_menu` VALUES ('2', '1308');
INSERT INTO `sys_role_menu` VALUES ('2', '1309');
INSERT INTO `sys_role_menu` VALUES ('2', '1310');
INSERT INTO `sys_role_menu` VALUES ('2', '1314');
INSERT INTO `sys_role_menu` VALUES ('2', '1316');
INSERT INTO `sys_role_menu` VALUES ('2', '1317');
INSERT INTO `sys_role_menu` VALUES ('2', '1361');
INSERT INTO `sys_role_menu` VALUES ('2', '1362');
INSERT INTO `sys_role_menu` VALUES ('2', '1364');
INSERT INTO `sys_role_menu` VALUES ('2', '1375');
INSERT INTO `sys_role_menu` VALUES ('2', '1376');
INSERT INTO `sys_role_menu` VALUES ('2', '1380');
INSERT INTO `sys_role_menu` VALUES ('2', '1381');
INSERT INTO `sys_role_menu` VALUES ('2', '1394');
INSERT INTO `sys_role_menu` VALUES ('2', '1396');
INSERT INTO `sys_role_menu` VALUES ('2', '1422');
INSERT INTO `sys_role_menu` VALUES ('2', '1429');
INSERT INTO `sys_role_menu` VALUES ('2', '1430');
INSERT INTO `sys_role_menu` VALUES ('2', '1432');

-- ----------------------------
-- Table structure for sys_specialperson
-- ----------------------------
DROP TABLE IF EXISTS `sys_specialperson`;
CREATE TABLE `sys_specialperson` (
  `id` bigint(20) NOT NULL AUTO_INCREMENT COMMENT '编号',
  `pid` varchar(30) CHARACTER SET utf8 COLLATE utf8_general_ci NOT NULL COMMENT '人员编号',
  `pname` varchar(30) CHARACTER SET utf8 COLLATE utf8_general_ci NOT NULL COMMENT '人员姓名',
  `phone` varchar(15) CHARACTER SET utf8 COLLATE utf8_general_ci NOT NULL COMMENT '人员电话',
  `ptype` varchar(30) CHARACTER SET utf8 COLLATE utf8_general_ci NOT NULL COMMENT '信号类型',
  `stationcode` varchar(100) CHARACTER SET utf8 COLLATE utf8_general_ci DEFAULT NULL COMMENT '基站编码',
  `redius` int(11) DEFAULT '1000' COMMENT '辐射半径',
  `address` varchar(100) CHARACTER SET utf8 COLLATE utf8_general_ci DEFAULT NULL COMMENT '人员登记地址',
  `startdate` datetime DEFAULT CURRENT_TIMESTAMP COMMENT '开始时间',
  `enddate` datetime DEFAULT CURRENT_TIMESTAMP COMMENT '结束时间',
  `demo` text CHARACTER SET utf8 COLLATE utf8_general_ci COMMENT '备注说明',
  `remark` tinyint(4) DEFAULT '1' COMMENT '0-无效,1-有效',
  PRIMARY KEY (`id`) USING BTREE,
  UNIQUE KEY `pid` (`pid`) USING BTREE
) ENGINE=InnoDB AUTO_INCREMENT=2 DEFAULT CHARSET=utf8 ROW_FORMAT=DYNAMIC COMMENT='特殊人员监控表';

-- ----------------------------
-- Records of sys_specialperson
-- ----------------------------
INSERT INTO `sys_specialperson` VALUES ('1', '1', 'sch', '18588940718', '5g', 'huffman', '1000', 'hunau', '2020-02-09 11:29:31', '2020-02-09 11:29:31', null, '1');

-- ----------------------------
-- Table structure for sys_user
-- ----------------------------
DROP TABLE IF EXISTS `sys_user`;
CREATE TABLE `sys_user` (
  `user_id` bigint(20) NOT NULL AUTO_INCREMENT COMMENT '用户ID',
  `dept_id` bigint(20) DEFAULT NULL COMMENT '部门ID',
  `login_name` varchar(30) CHARACTER SET utf8 COLLATE utf8_general_ci NOT NULL COMMENT '登录账号',
  `user_name` varchar(30) CHARACTER SET utf8 COLLATE utf8_general_ci NOT NULL COMMENT '用户昵称',
  `user_type` varchar(2) CHARACTER SET utf8 COLLATE utf8_general_ci DEFAULT '00' COMMENT '用户类型（00系统用户）',
  `email` varchar(50) CHARACTER SET utf8 COLLATE utf8_general_ci DEFAULT '' COMMENT '用户邮箱',
  `phonenumber` varchar(11) CHARACTER SET utf8 COLLATE utf8_general_ci DEFAULT '' COMMENT '手机号码',
  `sex` char(1) CHARACTER SET utf8 COLLATE utf8_general_ci DEFAULT '0' COMMENT '用户性别（0男 1女 2未知）',
  `avatar` varchar(100) CHARACTER SET utf8 COLLATE utf8_general_ci DEFAULT '' COMMENT '头像路径',
  `password` varchar(50) CHARACTER SET utf8 COLLATE utf8_general_ci DEFAULT '' COMMENT '密码',
  `salt` varchar(20) CHARACTER SET utf8 COLLATE utf8_general_ci DEFAULT '' COMMENT '盐加密',
  `status` char(1) CHARACTER SET utf8 COLLATE utf8_general_ci DEFAULT '0' COMMENT '帐号状态（0正常 1停用）',
  `del_flag` char(1) CHARACTER SET utf8 COLLATE utf8_general_ci DEFAULT '0' COMMENT '删除标志（0代表存在 2代表删除）',
  `login_ip` varchar(50) CHARACTER SET utf8 COLLATE utf8_general_ci DEFAULT '' COMMENT '最后登陆IP',
  `login_date` datetime DEFAULT NULL COMMENT '最后登陆时间',
  `create_by` varchar(64) CHARACTER SET utf8 COLLATE utf8_general_ci DEFAULT '' COMMENT '创建者',
  `create_time` datetime DEFAULT NULL COMMENT '创建时间',
  `update_by` varchar(64) CHARACTER SET utf8 COLLATE utf8_general_ci DEFAULT '' COMMENT '更新者',
  `update_time` datetime DEFAULT NULL COMMENT '更新时间',
  `remark` varchar(500) CHARACTER SET utf8 COLLATE utf8_general_ci DEFAULT NULL COMMENT '备注',
  PRIMARY KEY (`user_id`) USING BTREE
) ENGINE=InnoDB AUTO_INCREMENT=102 DEFAULT CHARSET=utf8 ROW_FORMAT=DYNAMIC COMMENT='用户信息表';

-- ----------------------------
-- Records of sys_user
-- ----------------------------
INSERT INTO `sys_user` VALUES ('1', '1', 'admin', '刘波', '00', 'l-tb@163.com', '13117319830', '0', '', 'ecd555481d05beae16fa424602269004', '46cb99', '0', '0', '127.0.0.1', '2020-03-16 21:22:52', 'admin', '2018-03-16 11:33:00', 'ry', '2020-03-16 21:22:52', '管理员');
INSERT INTO `sys_user` VALUES ('2', '1003', 'ltbo99', '沐阳', '00', '6633873@qq.com', '13117319830', '1', '', '8e6d98b90472783cc73c17047ddccf36', '222222', '0', '0', '127.0.0.1', '2018-03-16 11:33:00', 'admin', '2018-03-16 11:33:00', 'ry', '2018-03-16 11:33:00', '测试员');
INSERT INTO `sys_user` VALUES ('3', '1003044005', 'liuyoo', '廖雨', '00', '123@qq.com', '13111319830', '1', '', '123456', '123456', '0', '0', '127.0.0.1', '2020-03-08 16:36:02', 'admin', '2020-03-08 16:36:17', 'admin', '2020-03-19 14:27:55', '测试员');

-- ----------------------------
-- Table structure for sys_user_online
-- ----------------------------
DROP TABLE IF EXISTS `sys_user_online`;
CREATE TABLE `sys_user_online` (
  `sessionId` varchar(50) CHARACTER SET utf8 COLLATE utf8_general_ci NOT NULL DEFAULT '' COMMENT '用户会话id',
  `login_name` varchar(50) CHARACTER SET utf8 COLLATE utf8_general_ci DEFAULT '' COMMENT '登录账号',
  `dept_name` varchar(50) CHARACTER SET utf8 COLLATE utf8_general_ci DEFAULT '' COMMENT '部门名称',
  `ipaddr` varchar(50) CHARACTER SET utf8 COLLATE utf8_general_ci DEFAULT '' COMMENT '登录IP地址',
  `login_location` varchar(255) CHARACTER SET utf8 COLLATE utf8_general_ci DEFAULT '' COMMENT '登录地点',
  `browser` varchar(50) CHARACTER SET utf8 COLLATE utf8_general_ci DEFAULT '' COMMENT '浏览器类型',
  `os` varchar(50) CHARACTER SET utf8 COLLATE utf8_general_ci DEFAULT '' COMMENT '操作系统',
  `status` varchar(10) CHARACTER SET utf8 COLLATE utf8_general_ci DEFAULT '' COMMENT '在线状态on_line在线off_line离线',
  `start_timestamp` datetime DEFAULT NULL COMMENT 'session创建时间',
  `last_access_time` datetime DEFAULT NULL COMMENT 'session最后访问时间',
  `expire_time` int(5) DEFAULT '0' COMMENT '超时时间，单位为分钟',
  PRIMARY KEY (`sessionId`) USING BTREE
) ENGINE=InnoDB DEFAULT CHARSET=utf8 ROW_FORMAT=DYNAMIC COMMENT='在线用户记录';

-- ----------------------------
-- Records of sys_user_online
-- ----------------------------
INSERT INTO `sys_user_online` VALUES ('b2278809-4026-4f33-a8f0-5cfc16534e14', 'admin', '新疆建设兵团', '127.0.0.1', '内网IP', 'Chrome', 'Windows 10', 'on_line', '2020-03-19 14:21:36', '2020-03-19 15:14:05', '1800000');
INSERT INTO `sys_user_online` VALUES ('dfee922e-4b54-423b-89bd-a583b71215e2', 'admin', '新疆建设兵团', '127.0.0.1', '内网IP', 'Microsoft Edge', 'Windows 10', 'on_line', '2020-03-19 14:26:42', '2020-03-19 15:08:53', '1800000');

-- ----------------------------
-- Table structure for sys_user_post
-- ----------------------------
DROP TABLE IF EXISTS `sys_user_post`;
CREATE TABLE `sys_user_post` (
  `user_id` bigint(20) NOT NULL COMMENT '用户ID',
  `post_id` bigint(20) NOT NULL COMMENT '岗位ID',
  PRIMARY KEY (`user_id`,`post_id`) USING BTREE
) ENGINE=InnoDB DEFAULT CHARSET=utf8 ROW_FORMAT=DYNAMIC COMMENT='用户与岗位关联表';

-- ----------------------------
-- Records of sys_user_post
-- ----------------------------
INSERT INTO `sys_user_post` VALUES ('1', '1');
INSERT INTO `sys_user_post` VALUES ('2', '2');
INSERT INTO `sys_user_post` VALUES ('100', '2');
INSERT INTO `sys_user_post` VALUES ('101', '3');

-- ----------------------------
-- Table structure for sys_user_role
-- ----------------------------
DROP TABLE IF EXISTS `sys_user_role`;
CREATE TABLE `sys_user_role` (
  `user_id` bigint(20) NOT NULL COMMENT '用户ID',
  `role_id` bigint(20) NOT NULL COMMENT '角色ID',
  PRIMARY KEY (`user_id`,`role_id`) USING BTREE
) ENGINE=InnoDB DEFAULT CHARSET=utf8 ROW_FORMAT=DYNAMIC COMMENT='用户和角色关联表';

-- ----------------------------
-- Records of sys_user_role
-- ----------------------------
INSERT INTO `sys_user_role` VALUES ('1', '1');
INSERT INTO `sys_user_role` VALUES ('2', '2');
INSERT INTO `sys_user_role` VALUES ('100', '2');
INSERT INTO `sys_user_role` VALUES ('101', '2');
